config_id,family,seed,n_folds,n_validation_records,RecordMacro_F1_F,RecordMacro_Recall_F,RecordMacro_Precision_F,RecordMedian_F1_F,RecordWorst_F1_F,oof_confusion_json,WGAN_QA_fold_pass_rate,WGAN_QA_all_folds_passed,OOF_Accuracy,OOF_Macro_F1,OOF_Rare_Macro_SF,OOF_Min_Rare_F1,OOF_Rare_HMean_SF,OOF_F1_N,OOF_Precision_N,OOF_Recall_N,OOF_F1_S,OOF_Precision_S,OOF_Recall_S,OOF_F1_V,OOF_Precision_V,OOF_Recall_V,OOF_F1_F,OOF_Precision_F,OOF_Recall_F
BASELINE_CE,baseline,8200,4,10,0.04962406015037594,0.12857142857142856,0.040336134453781515,0.0,0.0,"[[17371, 761, 1994, 1021], [89, 34, 134, 1], [272, 89, 2106, 20], [276, 5, 127, 6]]",1.0,True,0.802970459968732,0.39246430173454677,0.033746512939840684,0.008207934336525308,0.014419508747128468,0.8872940876005618,0.9646268325188805,0.8214403934364213,0.05928509154315606,0.03824521934758155,0.13178294573643412,0.615070093457944,0.48291676221050217,0.8468033775633294,0.008207934336525308,0.0057251908396946565,0.014492753623188406
BASELINE_CE,baseline,8201,4,10,0.02592887287137363,0.21428571428571427,0.042468291941976155,0.0,0.0,"[[15927, 256, 4329, 635], [90, 33, 131, 4], [207, 108, 2150, 22], [276, 3, 130, 5]]",1.0,True,0.7452892289969555,0.3554275085021535,0.05478160531352021,0.009259259259259259,0.01695350629334703,0.8461231970674954,0.9652727272727273,0.7531564760959001,0.10030395136778116,0.0825,0.12790697674418605,0.46602362631407823,0.3189910979228487,0.8644953759549658,0.009259259259259259,0.0075075075075075074,0.012077294685990338
BASELINE_CE,baseline,8202,4,10,0.05793650793650793,0.21428571428571427,0.06961722488038277,0.0,0.0,"[[15599, 129, 5327, 92], [107, 16, 135, 0], [160, 133, 2190, 4], [267, 6, 136, 5]]",1.0,True,0.7327408870237802,0.3353979153931997,0.0392290330670297,0.019417475728155338,0.02922374429223744,0.8368562231759656,0.9669001425649291,0.7376460017969452,0.05904059040590406,0.056338028169014086,0.06201550387596899,0.42627737226277373,0.2812018489984592,0.8805790108564535,0.019417475728155338,0.04950495049504951,0.012077294685990338
BASELINE_CE,baseline,8203,4,10,0.03131313131313131,0.12142857142857141,0.03956185567010309,0.0,0.0,"[[16101, 950, 3666, 430], [112, 22, 119, 5], [323, 86, 2059, 19], [321, 0, 88, 5]]",1.0,True,0.7482514605447215,0.34533824746028274,0.022444702089361005,0.011454753722794959,0.017063522841852165,0.8473318598042311,0.9551521623064603,0.7613845935593702,0.03343465045592705,0.020793950850661626,0.08527131782945736,0.48913172585817793,0.34710047201618344,0.8279051065540812,0.011454753722794959,0.010893246187363835,0.012077294685990338
BASELINE_CE,baseline,8204,4,10,0.02194690265486726,0.22142857142857145,0.01973143110211312,0.0,0.0,"[[15415, 871, 2250, 2611], [106, 20, 129, 3], [305, 96, 2066, 20], [254, 4, 150, 6]]",1.0,True,0.720274829260265,0.3618920628505754,0.017977446790438244,0.003929273084479371,0.006999737509843381,0.8281623552797701,0.9586442786069652,0.7289450040194827,0.032025620496397116,0.020181634712411706,0.07751937984496124,0.5834510025416549,0.44961915125136015,0.8307197426618416,0.003929273084479371,0.0022727272727272726,0.014492753623188406
FOCAL_A025_G3,focal,8200,4,10,0.018348972381567453,0.12142857142857141,0.015873120693829932,0.0,0.0,"[[15147, 1377, 1675, 2948], [95, 40, 115, 8], [323, 162, 1945, 57], [230, 2, 177, 5]]",1.0,True,0.7050522504731342,0.3685913425061503,0.02320782806100914,0.002913752913752914,0.00546168288103772,0.8200422283579666,0.958974358974359,0.7162718116044829,0.043501903208265365,0.02530044275774826,0.15503875968992248,0.6079074855446164,0.4971881390593047,0.7820667470848411,0.002913752913752914,0.0016567263088137839,0.012077294685990338
FOCAL_A025_G3,focal,8201,4,10,0.03995704520284028,0.22019969278033794,0.10811128775834658,0.0,0.0,"[[16636, 573, 3538, 400], [69, 38, 149, 2], [173, 98, 2178, 38], [241, 0, 146, 27]]",1.0,True,0.776721797087139,0.3804928175812536,0.06994378626337702,0.06129398410896708,0.06887408327319718,0.8694924998693357,0.9717857351480811,0.7866836903579704,0.07859358841778696,0.0535966149506347,0.14728682170542637,0.5125911979289245,0.3623357178506072,0.8757539203860072,0.06129398410896708,0.057815845824411134,0.06521739130434782
FOCAL_A025_G3,focal,8202,4,10,0.029118773946360154,0.11428571428571428,0.05357142857142857,0.0,0.0,"[[16194, 618, 4085, 250], [94, 34, 130, 0], [155, 117, 2190, 25], [245, 3, 162, 4]]",1.0,True,0.757919855179791,0.3543400712699944,0.03878171450986985,0.011544011544011544,0.019651759265948993,0.8560327738866129,0.9703978906999041,0.7657823804795006,0.06601941747572816,0.04404145077720207,0.13178294573643412,0.48376408217362493,0.3334856098675194,0.8805790108564535,0.011544011544011544,0.014336917562724014,0.00966183574879227
FOCAL_A025_G3,focal,8203,4,10,0.0007113243780020002,0.10026881720430107,0.10008764241893076,0.0,0.0,"[[14603, 2391, 1484, 2669], [75, 73, 99, 11], [285, 343, 1824, 35], [331, 1, 79, 3]]",1.0,True,0.6789681560108615,0.36543575454027694,0.024767378215654078,0.0019157088122605363,0.0036832412523020255,0.8014598940753547,0.9548188832221787,0.6905471225232893,0.047619047619047616,0.025997150997150997,0.28294573643410853,0.610748367654445,0.5232358003442341,0.7334137515078407,0.0019157088122605363,0.0011037527593818985,0.007246376811594203
FOCAL_A025_G3,focal,8204,4,10,0.0307666388737248,0.1751920122887865,0.11476787678767877,0.0,0.0,"[[14440, 1836, 4360, 511], [113, 34, 111, 0], [208, 78, 2160, 41], [264, 0, 131, 19]]",1.0,True,0.6851394717353739,0.3337222082143553,0.034701851434251765,0.030825022665457842,0.03426873905893587,0.7984076080946588,0.9610648918469218,0.6828391734052112,0.030825022665457842,0.017453798767967144,0.13178294573643412,0.46707752189425883,0.3194321206743567,0.8685162846803377,0.03857868020304569,0.03327495621716287,0.04589371980676329
F_RECORD_BALANCED_CE_P025,record_balanced,8200,4,10,0.030193143408981167,0.12142857142857141,0.05009666505558241,0.0,0.0,"[[15538, 773, 2373, 2463], [81, 48, 129, 0], [214, 268, 1972, 33], [261, 11, 137, 5]]",1.0,True,0.7225787871307496,0.3660572130264961,0.03706136306797657,0.003430531732418525,0.006543521232363165,0.8344566472436293,0.9654529638374549,0.7347614318815908,0.07069219440353461,0.04363636363636364,0.18604651162790697,0.5556494787264018,0.4276729559748428,0.7929232006433454,0.003430531732418525,0.001999200319872051,0.012077294685990338
F_RECORD_BALANCED_CE_P025,record_balanced,8201,4,10,0.004495662949194548,0.2,0.0022892635314995563,0.0,0.0,"[[15183, 886, 3537, 1541], [78, 54, 123, 3], [188, 156, 2127, 16], [286, 0, 125, 3]]",1.0,True,0.7145149345840534,0.3531539713029994,0.04139928229289712,0.0030349013657056147,0.00584731997834326,0.8233284529038556,0.9649189704480458,0.717974180734856,0.07976366322008863,0.04927007299270073,0.20930232558139536,0.5064888677223479,0.3597767253044655,0.8552472858866104,0.0030349013657056147,0.0019193857965451055,0.007246376811594203
F_RECORD_BALANCED_CE_P025,record_balanced,8202,4,10,0.00036330608537693006,0.1,0.00018198362147406734,0.0,0.0,"[[17162, 806, 1873, 1306], [60, 41, 156, 1], [306, 171, 1980, 30], [250, 2, 160, 2]]",1.0,True,0.7893112811651444,0.38579870253165627,0.03322227846383619,0.0022818026240730175,0.004406884413333512,0.8817983301220296,0.965350433119586,0.8115571948739774,0.06416275430359937,0.04019607843137255,0.15891472868217055,0.5949519230769231,0.47493403693931396,0.7961399276236429,0.0022818026240730175,0.0014936519790888724,0.004830917874396135
F_RECORD_BALANCED_CE_P025,record_balanced,8203,4,10,0.041021150699318734,0.22857142857142856,0.0476584916394578,0.0,0.0,"[[14730, 1155, 2553, 2709], [78, 49, 129, 2], [194, 180, 2085, 28], [240, 0, 167, 7]]",1.0,True,0.6941084505883321,0.3589044714700836,0.03205684638986108,0.004430379746835443,0.00824846393401229,0.8095853142433153,0.9664086077942527,0.6965527025109944,0.05968331303288672,0.03540462427745665,0.18992248062015504,0.5619188788572969,0.4225780299959465,0.8383594692400482,0.004430379746835443,0.0025491624180626364,0.016908212560386472
F_RECORD_BALANCED_CE_P025,record_balanced,8204,4,10,0.017867565990012324,0.07142857142857142,0.015110497237569059,0.0,0.0,"[[16420, 386, 3150, 1191], [79, 43, 133, 3], [321, 154, 1976, 36], [272, 2, 136, 4]]",1.0,True,0.7587838393812227,0.36676890760962083,0.05343548814336224,0.0048543689320388345,0.009267740718788726,0.8588090692748241,0.9606833606365551,0.7764694755757318,0.10201660735468565,0.0735042735042735,0.16666666666666666,0.5013955848769348,0.36626506024096384,0.7945315641334941,0.0048543689320388345,0.0032414910858995136,0.00966183574879227
F_RECORD_BALANCED_FOCAL_A025_G3,record_balanced,8200,4,10,0.013333333333333332,0.007142857142857143,0.1,0.0,0.0,"[[13858, 2001, 4185, 1103], [78, 40, 137, 3], [265, 205, 1999, 18], [276, 1, 136, 1]]",1.0,True,0.6540771825886612,0.3145635180474773,0.01661783645185263,0.001299545159194282,0.002497463513618981,0.7780148214686728,0.9572425226220902,0.655317539130846,0.031936127744510975,0.017801513128615932,0.15503875968992248,0.4470035778175313,0.30958649527644416,0.8037796542018496,0.001299545159194282,0.0008888888888888889,0.0024154589371980675
F_RECORD_BALANCED_FOCAL_A025_G3,record_balanced,8201,4,10,0.024841339155749636,0.20714285714285713,0.01826923076923077,0.0,0.0,"[[16073, 454, 1861, 2759], [89, 33, 135, 1], [261, 199, 2009, 18], [299, 3, 108, 4]]",1.0,True,0.7454537974162758,0.38246463161877997,0.03609844935525267,0.0025031289111389237,0.004832686534377975,0.8488737489767356,0.9611888530080134,0.760060528680191,0.06969376979936642,0.047895500725689405,0.12790697674418605,0.6087878787878788,0.4884512521274009,0.8078005629272216,0.0025031289111389237,0.0014378145219266715,0.00966183574879227
F_RECORD_BALANCED_FOCAL_A025_G3,record_balanced,8202,4,10,0.014575219084712756,0.20714285714285713,0.009873015873015872,0.0,0.0,"[[16757, 2383, 1008, 999], [67, 39, 149, 3], [253, 250, 1945, 39], [309, 0, 101, 4]]",1.0,True,0.7712087550399078,0.3963769780787324,0.01605218404302353,0.0054832076764907475,0.00909342621063523,0.869748008200763,0.9638214655469919,0.79240554215728,0.026621160409556314,0.014595808383233533,0.1511627906976744,0.6836555360281195,0.6072432094911021,0.7820667470848411,0.0054832076764907475,0.003827751196172249,0.00966183574879227
F_RECORD_BALANCED_FOCAL_A025_G3,record_balanced,8203,4,10,0.012244897959183673,0.02142857142857143,0.008571428571428572,0.0,0.0,"[[14121, 3122, 2980, 924], [104, 16, 138, 0], [413, 184, 1859, 31], [298, 0, 113, 3]]",1.0,True,0.6582325351764996,0.3216756758535822,0.006655862664299558,0.004373177842565598,0.0058729964517313105,0.7826954521519829,0.9454338510980183,0.6677542913888495,0.008938547486033519,0.00481637567730283,0.06201550387596899,0.4906955259337469,0.3652259332023576,0.7474869320466425,0.004373177842565598,0.003131524008350731,0.007246376811594203
F_RECORD_BALANCED_FOCAL_A025_G3,record_balanced,8204,4,10,0.09043164969167879,0.21428571428571427,0.11678459119496853,0.0,0.0,"[[13620, 3381, 2217, 1929], [114, 17, 127, 0], [310, 301, 1875, 1], [243, 2, 164, 5]]",1.0,True,0.6384020406483996,0.33186246531863867,0.006422578986764184,0.004257130693912303,0.005692472542191266,0.7687531749167467,0.953314201721845,0.6440629876578238,0.008588027279616064,0.0045933531477978925,0.06589147286821706,0.5458515283842795,0.4277891854893908,0.7539203860072377,0.004257130693912303,0.002583979328165375,0.012077294685990338
WGAN_F_RECORD_BALANCED_X10,wgan_f_record_balanced,8200,4,10,0.04212121212121212,0.12142857142857141,0.0564516129032258,0.0,0.0,"[[17514, 728, 2805, 100], [88, 66, 104, 0], [299, 302, 1867, 19], [233, 2, 174, 5]]",0.0,False,0.8002962231547766,0.37743637317625456,0.05796624666907919,0.01858736059479554,0.031214528944381384,0.8917288256408951,0.9658100805117459,0.8282025819265144,0.09734513274336283,0.060109289617486336,0.2558139534883721,0.5020841737259648,0.37717171717171716,0.7507036590269401,0.01858736059479554,0.04032258064516129,0.012077294685990338
WGAN_F_RECORD_BALANCED_X10,wgan_f_record_balanced,8201,4,10,0.02622486165474423,0.12857142857142856,0.023739055370575905,0.0,0.0,"[[16596, 513, 2976, 1062], [98, 33, 124, 3], [295, 248, 1922, 22], [268, 2, 138, 6]]",0.0,False,0.7634740393318522,0.3593867990182193,0.035290717952527674,0.007962840079628402,0.01412898046561413,0.8642849703155921,0.9616967027872747,0.7847921691020003,0.06261859582542695,0.0414572864321608,0.12790697674418605,0.5026807898522296,0.37248062015503874,0.7728186570164858,0.007962840079628402,0.0054894784995425435,0.014492753623188406
WGAN_F_RECORD_BALANCED_X10,wgan_f_record_balanced,8202,4,10,0.015017860500094002,0.11428571428571428,0.015486241400875548,0.0,0.0,"[[16646, 316, 1825, 2360], [111, 19, 126, 2], [215, 243, 2003, 26], [258, 13, 139, 4]]",0.0,False,0.7682053813873118,0.3809807312257434,0.02380478647891486,0.002851033499643621,0.005360606594956798,0.8674987622794903,0.9661056297156123,0.7871565706719629,0.0447585394581861,0.032148900169204735,0.07364341085271318,0.6088145896656535,0.4893720987051063,0.8053880176919984,0.002851033499643621,0.0016722408026755853,0.00966183574879227
WGAN_F_RECORD_BALANCED_X10,wgan_f_record_balanced,8203,4,10,0.038940904057183125,0.12857142857142856,0.0575674855929633,0.0,0.0,"[[16226, 1249, 3039, 633], [108, 28, 120, 2], [238, 132, 2109, 8], [269, 5, 134, 6]]",0.0,False,0.7557393236237966,0.3584299808577227,0.02239081411730815,0.011288805268109126,0.0168861192079606,0.8542697694008634,0.9634819785048394,0.7672955974842768,0.03349282296650718,0.019801980198019802,0.10852713178294573,0.5346685257954114,0.3904109589041096,0.8480096501809409,0.011288805268109126,0.009244992295839754,0.014492753623188406
WGAN_F_RECORD_BALANCED_X10,wgan_f_record_balanced,8204,4,10,0.13846153846153847,0.13571428571428573,0.14166666666666666,0.0,0.0,"[[16809, 420, 3867, 51], [110, 32, 115, 1], [255, 303, 1916, 13], [273, 5, 129, 7]]",0.0,False,0.7719904550316794,0.3532063032255988,0.045837476856904924,0.02880658436213992,0.039509656936237765,0.8710680416645075,0.963432108671978,0.7948645197900411,0.06286836935166994,0.042105263157894736,0.12403100775193798,0.450082217524078,0.31790277086444335,0.7704061117812626,0.02880658436213992,0.09722222222222222,0.016908212560386472
WGAN_F_RECORD_BALANCED_X20,wgan_f_record_balanced,8200,4,10,0.019656497834865956,0.12142857142857141,0.017798116225342102,0.0,0.0,"[[16594, 182, 2850, 1521], [106, 21, 128, 3], [173, 317, 1975, 22], [299, 0, 110, 5]]",0.0,False,0.7650374393153954,0.3620875501497248,0.0295368171798243,0.005089058524173028,0.009301295537592737,0.866097758292231,0.9663405543908689,0.7846975930392017,0.05398457583547558,0.04038461538461539,0.08139534883720931,0.5231788079470199,0.3900849298834683,0.794129473260957,0.005089058524173028,0.003223726627981947,0.012077294685990338
WGAN_F_RECORD_BALANCED_X20,wgan_f_record_balanced,8201,4,10,0.036571428571428574,0.12142857142857141,0.04702380952380952,0.0,0.0,"[[16376, 1396, 3111, 264], [100, 25, 131, 2], [167, 209, 2105, 6], [264, 0, 145, 5]]",0.0,False,0.7615815025096684,0.3573153874880157,0.020477415438200593,0.01447178002894356,0.018716077110237695,0.8606716770904504,0.9685928905187201,0.7743888021941646,0.026483050847457626,0.015337423312883436,0.09689922480620156,0.5276350419852112,0.3832847778587036,0.8464012866907921,0.01447178002894356,0.018050541516245487,0.012077294685990338
WGAN_F_RECORD_BALANCED_X20,wgan_f_record_balanced,8202,4,10,0.05039872408293461,0.12857142857142856,0.03152454780361757,0.0,0.0,"[[15254, 588, 5157, 148], [105, 12, 141, 0], [210, 72, 2191, 14], [252, 4, 152, 6]]",0.0,False,0.7184645766477413,0.32605767236884864,0.023157244089273492,0.020618556701030927,0.0228789323164919,0.8252542739666738,0.9641615574236774,0.7213316309642029,0.02569593147751606,0.01775147928994083,0.046511627906976744,0.4326619273301738,0.28674257296165423,0.8809811017289908,0.020618556701030927,0.03571428571428571,0.014492753623188406
WGAN_F_RECORD_BALANCED_X20,wgan_f_record_balanced,8203,4,10,0.027471337004604135,0.12142857142857141,0.037599403578528826,0.0,0.0,"[[16087, 872, 2061, 2127], [113, 35, 109, 1], [300, 157, 1989, 41], [313, 4, 92, 5]]",0.0,False,0.7453303711017856,0.37365340842208106,0.028327167271616768,0.0038639876352395673,0.007200905256660838,0.8475763962065332,0.9568191280556712,0.7607225611197805,0.05279034690799397,0.03277153558052434,0.13565891472868216,0.5903829029385574,0.46788990825688076,0.7997587454764777,0.0038639876352395673,0.0022999080036798527,0.012077294685990338
WGAN_F_RECORD_BALANCED_X20,wgan_f_record_balanced,8204,4,10,0.028439897698209714,0.12142857142857141,0.034523809523809526,0.0,0.0,"[[16885, 722, 3285, 255], [106, 23, 128, 1], [210, 127, 2142, 8], [310, 4, 95, 5]]",0.0,False,0.7839628075372336,0.36381187272440907,0.027602831165544683,0.014641288433382138,0.021516441367697273,0.8735578664183351,0.9642510422020444,0.7984584101763843,0.04056437389770723,0.026255707762557076,0.08914728682170543,0.5264839621482119,0.37911504424778764,0.8612786489746683,0.014641288433382138,0.01858736059479554,0.012077294685990338
WGAN_F_RECORD_BALANCED_X5,wgan_f_record_balanced,8200,4,10,0.05157894736842106,0.07142857142857142,0.0725,0.0,0.0,"[[15226, 441, 5380, 100], [110, 26, 122, 0], [235, 194, 2047, 11], [276, 1, 133, 4]]",0.0,False,0.711881839874928,0.32435031261782793,0.035822306238185254,0.015122873345935728,0.023861420213376165,0.823160512515543,0.9608127721335269,0.7200075660850239,0.05652173913043478,0.03927492447129909,0.10077519379844961,0.40259612547939816,0.26646706586826346,0.8230800160836349,0.015122873345935728,0.034782608695652174,0.00966183574879227
WGAN_F_RECORD_BALANCED_X5,wgan_f_record_balanced,8201,4,10,0.12081339712918662,0.21428571428571427,0.12633333333333335,0.0,0.0,"[[15946, 318, 4581, 302], [102, 20, 134, 2], [250, 68, 2160, 9], [302, 2, 105, 5]]",0.0,False,0.7459475026742368,0.34373288955926545,0.0368606311229262,0.01366120218579235,0.022259321090706736,0.8448883354968607,0.9606024096385543,0.7540549486924859,0.06006006006006006,0.049019607843137254,0.07751937984496124,0.4563219604943488,0.30945558739255014,0.8685162846803377,0.01366120218579235,0.015723270440251572,0.012077294685990338
WGAN_F_RECORD_BALANCED_X5,wgan_f_record_balanced,8202,4,10,0.05444444444444444,0.11428571428571428,0.03626373626373626,0.0,0.0,"[[18641, 419, 1842, 245], [83, 14, 161, 0], [210, 119, 2137, 21], [296, 2, 112, 4]]",0.0,False,0.8555912120464083,0.40093621053715156,0.023089332526719096,0.011695906432748537,0.017467248908296942,0.9233474502811007,0.9693707748309932,0.8814961933134724,0.034482758620689655,0.02527075812274368,0.05426356589147287,0.6342187268140673,0.5025870178739417,0.8592681946119823,0.011695906432748537,0.014814814814814815,0.00966183574879227
WGAN_F_RECORD_BALANCED_X5,wgan_f_record_balanced,8203,4,10,0.03191919191919192,0.22857142857142856,0.020678619625988045,0.0,0.0,"[[15985, 243, 3699, 1220], [113, 15, 126, 4], [231, 111, 2125, 20], [257, 0, 150, 7]]",0.0,False,0.7459886447790669,0.34961461750812556,0.02812764918028076,0.008408408408408409,0.014303228442991419,0.847268968807145,0.9637646207645002,0.7558991819170567,0.04784688995215311,0.04065040650406504,0.05813953488372093,0.4949342028647956,0.3483606557377049,0.854443104141536,0.008408408408408409,0.005595523581135092,0.016908212560386472
WGAN_F_RECORD_BALANCED_X5,wgan_f_record_balanced,8204,4,10,0.09818181818181819,0.11428571428571428,0.09166666666666666,0.0,0.0,"[[15447, 410, 5201, 89], [74, 49, 132, 3], [132, 61, 2275, 19], [241, 4, 165, 4]]",0.0,False,0.7313009133547272,0.3544902771996594,0.07022128322028244,0.015122873345935728,0.02698888085648387,0.8340487567830243,0.9718761796904493,0.7304582210242587,0.12531969309462915,0.09351145038167939,0.18992248062015504,0.44346978557504874,0.292679789013251,0.914756735022115,0.015122873345935728,0.034782608695652174,0.00966183574879227
