candidate_id,method,source_trial,role,seed,train_subset_seed,n_train,n_val,Macro_F1,Rare_Macro_SF,Min_Rare_F1,F1_N,F1_S,F1_V,F1_F,Precision_S,Precision_F,Recall_S,Recall_F,best_epoch,time_s,config_json
STFT_T29_BALANCED,STFT,29,rare_and_balanced,1000,20260810,4958,13142,0.31836230667531695,0.04016212232866617,0.0,0.8175559380378657,0.08032424465733234,0.37556904400606983,0.0,0.046740994854202404,0.0,0.28534031413612565,0.0,4,53.24637579917908,"{""method"": ""STFT"", ""image_size"": [128, 128], ""norm_type"": ""sqrt"", ""clip_pct"": 5, ""nperseg"": 64, ""window"": ""hamming"", ""noverlap_pct"": 0.25, ""nfft"": 64}"
STFT_T29_BALANCED,STFT,29,rare_and_balanced,1001,20260810,4958,13142,0.30776332653295974,0.05929660805067089,0.005917159763313609,0.8522254094568336,0.11267605633802817,0.2602346805736636,0.005917159763313609,0.24347826086956523,0.003125,0.07329842931937172,0.05555555555555555,3,41.26178812980652,"{""method"": ""STFT"", ""image_size"": [128, 128], ""norm_type"": ""sqrt"", ""clip_pct"": 5, ""nperseg"": 64, ""window"": ""hamming"", ""noverlap_pct"": 0.25, ""nfft"": 64}"
STFT_T29_BALANCED,STFT,29,rare_and_balanced,1002,20260810,4958,13142,0.2912061128752635,0.06826336454243431,0.0036363636363636364,0.7738823412402407,0.132890365448505,0.25441538117594453,0.0036363636363636364,0.18181818181818182,0.0018484288354898336,0.10471204188481675,0.1111111111111111,6,55.89325308799744,"{""method"": ""STFT"", ""image_size"": [128, 128], ""norm_type"": ""sqrt"", ""clip_pct"": 5, ""nperseg"": 64, ""window"": ""hamming"", ""noverlap_pct"": 0.25, ""nfft"": 64}"
STFT_T29_BALANCED,STFT,29,rare_and_balanced,1003,20260810,4958,13142,0.32403930168075207,0.044051220713431365,0.006557377049180328,0.8659576418813606,0.0815450643776824,0.34209712341478504,0.006557377049180328,0.06909090909090909,0.003484320557491289,0.09947643979057591,0.05555555555555555,12,83.03059029579163,"{""method"": ""STFT"", ""image_size"": [128, 128], ""norm_type"": ""sqrt"", ""clip_pct"": 5, ""nperseg"": 64, ""window"": ""hamming"", ""noverlap_pct"": 0.25, ""nfft"": 64}"
STFT_T29_BALANCED,STFT,29,rare_and_balanced,1004,20260810,4958,13142,0.3235944186353564,0.05804741110417966,0.05714285714285714,0.861863240018357,0.05895196506550218,0.3164196123147092,0.05714285714285714,0.05056179775280899,0.038461538461538464,0.07068062827225131,0.1111111111111111,7,59.94683837890625,"{""method"": ""STFT"", ""image_size"": [128, 128], ""norm_type"": ""sqrt"", ""clip_pct"": 5, ""nperseg"": 64, ""window"": ""hamming"", ""noverlap_pct"": 0.25, ""nfft"": 64}"
STFT_T29_BALANCED,STFT,29,rare_and_balanced,1005,20260810,4958,13142,0.312378668718366,0.06345246734397678,0.038461538461538464,0.8207335150384928,0.08844339622641509,0.3018762251470176,0.038461538461538464,0.05707762557077625,0.023255813953488372,0.19633507853403143,0.1111111111111111,6,56.0373592376709,"{""method"": ""STFT"", ""image_size"": [128, 128], ""norm_type"": ""sqrt"", ""clip_pct"": 5, ""nperseg"": 64, ""window"": ""hamming"", ""noverlap_pct"": 0.25, ""nfft"": 64}"
STFT_T29_BALANCED,STFT,29,rare_and_balanced,1006,20260810,4958,13142,0.3003394654061718,0.06089324618736383,0.058823529411764705,0.8249260989796892,0.06296296296296296,0.2546452702702703,0.058823529411764705,0.10759493670886076,0.0625,0.04450261780104712,0.05555555555555555,2,36.83820462226868,"{""method"": ""STFT"", ""image_size"": [128, 128], ""norm_type"": ""sqrt"", ""clip_pct"": 5, ""nperseg"": 64, ""window"": ""hamming"", ""noverlap_pct"": 0.25, ""nfft"": 64}"
STFT_T29_BALANCED,STFT,29,rare_and_balanced,1007,20260810,4958,13142,0.29428060611845896,0.0045871559633027525,0.0,0.8765984365821698,0.0,0.29134967596506056,0.009174311926605505,0.0,0.005,0.0,0.05555555555555555,3,41.8051061630249,"{""method"": ""STFT"", ""image_size"": [128, 128], ""norm_type"": ""sqrt"", ""clip_pct"": 5, ""nperseg"": 64, ""window"": ""hamming"", ""noverlap_pct"": 0.25, ""nfft"": 64}"
STFT_T29_BALANCED,STFT,29,rare_and_balanced,1008,20260810,4958,13142,0.37166054456797254,0.04948865053629334,0.042105263157894736,0.8799315438659701,0.05687203791469194,0.5077333333333334,0.042105263157894736,0.034722222222222224,0.025974025974025976,0.15706806282722513,0.1111111111111111,11,78.82335638999939,"{""method"": ""STFT"", ""image_size"": [128, 128], ""norm_type"": ""sqrt"", ""clip_pct"": 5, ""nperseg"": 64, ""window"": ""hamming"", ""noverlap_pct"": 0.25, ""nfft"": 64}"
STFT_T29_BALANCED,STFT,29,rare_and_balanced,1009,20260810,4958,13142,0.32451456011793617,0.05115368238215492,0.010362694300518135,0.811426365566493,0.0919446704637917,0.3843245101409419,0.010362694300518135,0.05443159922928709,0.005714285714285714,0.29581151832460734,0.05555555555555555,5,51.01764678955078,"{""method"": ""STFT"", ""image_size"": [128, 128], ""norm_type"": ""sqrt"", ""clip_pct"": 5, ""nperseg"": 64, ""window"": ""hamming"", ""noverlap_pct"": 0.25, ""nfft"": 64}"
CWT_T42_RARE,CWT,42,rare_priority,1000,20260810,4958,13142,0.33776592399408023,0.17965421426366163,0.004878048780487805,0.7805165471864873,0.35443037974683544,0.21123872026251025,0.004878048780487805,0.448,0.002551020408163265,0.2931937172774869,0.05555555555555555,8,89.13843393325806,"{""method"": ""CWT"", ""image_size"": [192, 192], ""norm_type"": ""linear"", ""clip_pct"": 2, ""wavelet"": ""morl"", ""scale_min"": 4.0, ""scale_max"": 20.0, ""scale_type"": ""logarithmic"", ""num_scales"": 48}"
CWT_T42_RARE,CWT,42,rare_priority,1001,20260810,4958,13142,0.3226068917719326,0.0103359173126615,0.0,0.9045383411580594,0.020671834625323,0.3652173913043478,0.0,0.8,0.0,0.010471204188481676,0.0,1,44.364588499069214,"{""method"": ""CWT"", ""image_size"": [192, 192], ""norm_type"": ""linear"", ""clip_pct"": 2, ""wavelet"": ""morl"", ""scale_min"": 4.0, ""scale_max"": 20.0, ""scale_type"": ""logarithmic"", ""num_scales"": 48}"
CWT_T42_RARE,CWT,42,rare_priority,1002,20260810,4958,13142,0.31195845159361413,0.02818489289740699,0.0,0.8711437002593222,0.05636978579481398,0.3203203203203203,0.0,0.04950495049504951,0.0,0.06544502617801047,0.0,2,51.33832931518555,"{""method"": ""CWT"", ""image_size"": [192, 192], ""norm_type"": ""linear"", ""clip_pct"": 2, ""wavelet"": ""morl"", ""scale_min"": 4.0, ""scale_max"": 20.0, ""scale_type"": ""logarithmic"", ""num_scales"": 48}"
CWT_T42_RARE,CWT,42,rare_priority,1003,20260810,4958,13142,0.3100689363415877,0.0,0.0,0.9092625976478668,0.0,0.33101314771848417,0.0,0.0,0.0,0.0,0.0,1,44.54354286193848,"{""method"": ""CWT"", ""image_size"": [192, 192], ""norm_type"": ""linear"", ""clip_pct"": 2, ""wavelet"": ""morl"", ""scale_min"": 4.0, ""scale_max"": 20.0, ""scale_type"": ""logarithmic"", ""num_scales"": 48}"
CWT_T42_RARE,CWT,42,rare_priority,1004,20260810,4958,13142,0.30656656450107195,0.0862201839498686,0.020833333333333332,0.7883922485149479,0.15160703456640387,0.2654336415896026,0.020833333333333332,0.09865824782951854,0.01282051282051282,0.32722513089005234,0.05555555555555555,4,63.74285435676575,"{""method"": ""CWT"", ""image_size"": [192, 192], ""norm_type"": ""linear"", ""clip_pct"": 2, ""wavelet"": ""morl"", ""scale_min"": 4.0, ""scale_max"": 20.0, ""scale_type"": ""logarithmic"", ""num_scales"": 48}"
CWT_T42_RARE,CWT,42,rare_priority,1005,20260810,4958,13142,0.3200500474199155,0.049188640973630834,0.0,0.8284804793558656,0.09837728194726167,0.3533424283765348,0.0,0.0610062893081761,0.0,0.25392670157068065,0.0,2,51.02905058860779,"{""method"": ""CWT"", ""image_size"": [192, 192], ""norm_type"": ""linear"", ""clip_pct"": 2, ""wavelet"": ""morl"", ""scale_min"": 4.0, ""scale_max"": 20.0, ""scale_type"": ""logarithmic"", ""num_scales"": 48}"
CWT_T42_RARE,CWT,42,rare_priority,1006,20260810,4958,13142,0.3116986466825368,0.1299342105263158,0.0,0.7693153973095964,0.2598684210526316,0.21761076836791923,0.0,0.3495575221238938,0.0,0.20680628272251309,0.0,6,75.90446519851685,"{""method"": ""CWT"", ""image_size"": [192, 192], ""norm_type"": ""linear"", ""clip_pct"": 2, ""wavelet"": ""morl"", ""scale_min"": 4.0, ""scale_max"": 20.0, ""scale_type"": ""logarithmic"", ""num_scales"": 48}"
CWT_T42_RARE,CWT,42,rare_priority,1007,20260810,4958,13142,0.2982705210230545,0.08390541571319603,0.0,0.7891156462585034,0.16781083142639205,0.23615560640732267,0.0,0.11840688912809473,0.0,0.2879581151832461,0.0,3,58.045753955841064,"{""method"": ""CWT"", ""image_size"": [192, 192], ""norm_type"": ""linear"", ""clip_pct"": 2, ""wavelet"": ""morl"", ""scale_min"": 4.0, ""scale_max"": 20.0, ""scale_type"": ""logarithmic"", ""num_scales"": 48}"
CWT_T42_RARE,CWT,42,rare_priority,1008,20260810,4958,13142,0.32029633306759836,0.0,0.0,0.9294265383005441,0.0,0.35175879396984927,0.0,0.0,0.0,0.0,0.0,1,44.850258350372314,"{""method"": ""CWT"", ""image_size"": [192, 192], ""norm_type"": ""linear"", ""clip_pct"": 2, ""wavelet"": ""morl"", ""scale_min"": 4.0, ""scale_max"": 20.0, ""scale_type"": ""logarithmic"", ""num_scales"": 48}"
CWT_T42_RARE,CWT,42,rare_priority,1009,20260810,4958,13142,0.3088545830041703,0.0,0.0,0.8978344393992316,0.0,0.33758389261744964,0.0,0.0,0.0,0.0,0.0,1,44.321123361587524,"{""method"": ""CWT"", ""image_size"": [192, 192], ""norm_type"": ""linear"", ""clip_pct"": 2, ""wavelet"": ""morl"", ""scale_min"": 4.0, ""scale_max"": 20.0, ""scale_type"": ""logarithmic"", ""num_scales"": 48}"
CWT_T39_BALANCED,CWT,39,balanced_min_rare,1000,20260810,4958,13142,0.3781149077421921,0.11300639658848614,0.0,0.9111999648490707,0.2260127931769723,0.37524687294272546,0.0,0.6091954022988506,0.0,0.1387434554973822,0.0,1,25.94539499282837,"{""method"": ""CWT"", ""image_size"": [128, 160], ""norm_type"": ""linear"", ""clip_pct"": 2, ""wavelet"": ""gaus8"", ""scale_min"": 2.0, ""scale_max"": 130.0, ""scale_type"": ""logarithmic"", ""num_scales"": 80}"
CWT_T39_BALANCED,CWT,39,balanced_min_rare,1001,20260810,4958,13142,0.3825689518312741,0.1270549809471965,0.03592814371257485,0.9065856664905794,0.21818181818181817,0.3695801789401239,0.03592814371257485,0.4778761061946903,0.020134228187919462,0.14136125654450263,0.16666666666666666,1,26.087981700897217,"{""method"": ""CWT"", ""image_size"": [128, 160], ""norm_type"": ""linear"", ""clip_pct"": 2, ""wavelet"": ""gaus8"", ""scale_min"": 2.0, ""scale_max"": 130.0, ""scale_type"": ""logarithmic"", ""num_scales"": 80}"
CWT_T39_BALANCED,CWT,39,balanced_min_rare,1002,20260810,4958,13142,0.33955672789669394,0.07177033492822966,0.0,0.8318817381479214,0.14354066985645933,0.3828045035823951,0.0,0.8333333333333334,0.0,0.07853403141361257,0.0,5,39.92920184135437,"{""method"": ""CWT"", ""image_size"": [128, 160], ""norm_type"": ""linear"", ""clip_pct"": 2, ""wavelet"": ""gaus8"", ""scale_min"": 2.0, ""scale_max"": 130.0, ""scale_type"": ""logarithmic"", ""num_scales"": 80}"
CWT_T39_BALANCED,CWT,39,balanced_min_rare,1003,20260810,4958,13142,0.3798759609389788,0.09522912878339555,0.0053475935828877,0.901585322408265,0.1851106639839034,0.427460263780859,0.0053475935828877,0.4,0.0028089887640449437,0.12041884816753927,0.05555555555555555,3,32.55081915855408,"{""method"": ""CWT"", ""image_size"": [128, 160], ""norm_type"": ""linear"", ""clip_pct"": 2, ""wavelet"": ""gaus8"", ""scale_min"": 2.0, ""scale_max"": 130.0, ""scale_type"": ""logarithmic"", ""num_scales"": 80}"
CWT_T39_BALANCED,CWT,39,balanced_min_rare,1004,20260810,4958,13142,0.34805353226257807,0.04574517554057196,0.045454545454545456,0.9135824022346368,0.04603580562659847,0.3871413757345316,0.045454545454545456,1.0,0.02857142857142857,0.02356020942408377,0.1111111111111111,1,25.792269468307495,"{""method"": ""CWT"", ""image_size"": [128, 160], ""norm_type"": ""linear"", ""clip_pct"": 2, ""wavelet"": ""gaus8"", ""scale_min"": 2.0, ""scale_max"": 130.0, ""scale_type"": ""logarithmic"", ""num_scales"": 80}"
CWT_T39_BALANCED,CWT,39,balanced_min_rare,1005,20260810,4958,13142,0.3533394813691655,0.07363420427553444,0.0,0.9146902962383807,0.14726840855106887,0.3513992206872122,0.0,0.7948717948717948,0.0,0.08115183246073299,0.0,2,29.420539617538452,"{""method"": ""CWT"", ""image_size"": [128, 160], ""norm_type"": ""linear"", ""clip_pct"": 2, ""wavelet"": ""gaus8"", ""scale_min"": 2.0, ""scale_max"": 130.0, ""scale_type"": ""logarithmic"", ""num_scales"": 80}"
CWT_T39_BALANCED,CWT,39,balanced_min_rare,1006,20260810,4958,13142,0.36171056637221416,0.09659090909090909,0.0,0.8746199573444661,0.19318181818181818,0.3790404899625723,0.0,0.3493150684931507,0.0,0.13350785340314136,0.0,3,33.006500482559204,"{""method"": ""CWT"", ""image_size"": [128, 160], ""norm_type"": ""linear"", ""clip_pct"": 2, ""wavelet"": ""gaus8"", ""scale_min"": 2.0, ""scale_max"": 130.0, ""scale_type"": ""logarithmic"", ""num_scales"": 80}"
CWT_T39_BALANCED,CWT,39,balanced_min_rare,1007,20260810,4958,13142,0.34761150566903176,0.08108108108108109,0.0,0.8438271892622454,0.16216216216216217,0.3844566712517194,0.0,0.5806451612903226,0.0,0.09424083769633508,0.0,3,32.937092304229736,"{""method"": ""CWT"", ""image_size"": [128, 160], ""norm_type"": ""linear"", ""clip_pct"": 2, ""wavelet"": ""gaus8"", ""scale_min"": 2.0, ""scale_max"": 130.0, ""scale_type"": ""logarithmic"", ""num_scales"": 80}"
CWT_T39_BALANCED,CWT,39,balanced_min_rare,1008,20260810,4958,13142,0.37194165436200627,0.09850107066381156,0.0,0.8981769675411294,0.19700214132762311,0.3925875085792725,0.0,0.5411764705882353,0.0,0.12041884816753927,0.0,3,32.59105682373047,"{""method"": ""CWT"", ""image_size"": [128, 160], ""norm_type"": ""linear"", ""clip_pct"": 2, ""wavelet"": ""gaus8"", ""scale_min"": 2.0, ""scale_max"": 130.0, ""scale_type"": ""logarithmic"", ""num_scales"": 80}"
CWT_T39_BALANCED,CWT,39,balanced_min_rare,1009,20260810,4958,13142,0.38097122832685376,0.09954751131221719,0.0,0.9159763313609467,0.19909502262443438,0.4088135593220339,0.0,0.7333333333333333,0.0,0.11518324607329843,0.0,3,32.177794456481934,"{""method"": ""CWT"", ""image_size"": [128, 160], ""norm_type"": ""linear"", ""clip_pct"": 2, ""wavelet"": ""gaus8"", ""scale_min"": 2.0, ""scale_max"": 130.0, ""scale_type"": ""logarithmic"", ""num_scales"": 80}"
DWT_T7_RARE,DWT,7,rare_priority,1000,20260810,4958,13142,0.35252116308665826,0.03112033195020747,0.0,0.9149982437653671,0.06224066390041494,0.4328457446808511,0.0,0.15,0.0,0.03926701570680628,0.0,2,49.649168729782104,"{""method"": ""DWT"", ""image_size"": [224, 160], ""norm_type"": ""linear"", ""clip_pct"": 5, ""wavelet"": ""bior3.5"", ""level"": 3}"
DWT_T7_RARE,DWT,7,rare_priority,1001,20260810,4958,13142,0.34643987055287806,0.03997613365155131,0.0,0.8560616678346181,0.07995226730310262,0.44974554707379133,0.0,0.0517774343122102,0.0,0.17539267015706805,0.0,4,61.79781746864319,"{""method"": ""DWT"", ""image_size"": [224, 160], ""norm_type"": ""linear"", ""clip_pct"": 5, ""wavelet"": ""bior3.5"", ""level"": 3}"
DWT_T7_RARE,DWT,7,rare_priority,1002,20260810,4958,13142,0.3424210530320904,0.04329681794470527,0.0,0.8404411416670611,0.08659363588941053,0.44264943457189015,0.0,0.054071661237785014,0.0,0.21727748691099477,0.0,5,67.56046533584595,"{""method"": ""DWT"", ""image_size"": [224, 160], ""norm_type"": ""linear"", ""clip_pct"": 5, ""wavelet"": ""bior3.5"", ""level"": 3}"
DWT_T7_RARE,DWT,7,rare_priority,1003,20260810,4958,13142,0.346194964528821,0.04175365344467641,0.0,0.8644286636539703,0.08350730688935282,0.43684388757196074,0.0,0.05687203791469194,0.0,0.15706806282722513,0.0,7,79.61480927467346,"{""method"": ""DWT"", ""image_size"": [224, 160], ""norm_type"": ""linear"", ""clip_pct"": 5, ""wavelet"": ""bior3.5"", ""level"": 3}"
DWT_T7_RARE,DWT,7,rare_priority,1004,20260810,4958,13142,0.3643058267851959,0.05510752688172043,0.0,0.8954163105573298,0.11021505376344086,0.45159194282001297,0.0,0.1132596685082873,0.0,0.10732984293193717,0.0,1,43.075857400894165,"{""method"": ""DWT"", ""image_size"": [224, 160], ""norm_type"": ""linear"", ""clip_pct"": 5, ""wavelet"": ""bior3.5"", ""level"": 3}"
DWT_T7_RARE,DWT,7,rare_priority,1005,20260810,4958,13142,0.33079955707619796,0.05367057371992597,0.0,0.7924043121352982,0.10734114743985194,0.4234527687296417,0.0,0.07021791767554479,0.0,0.22774869109947643,0.0,6,74.13678789138794,"{""method"": ""DWT"", ""image_size"": [224, 160], ""norm_type"": ""linear"", ""clip_pct"": 5, ""wavelet"": ""bior3.5"", ""level"": 3}"
DWT_T7_RARE,DWT,7,rare_priority,1006,20260810,4958,13142,0.33368239527502086,0.033797216699801194,0.0,0.8246572715942863,0.06759443339960239,0.4424778761061947,0.0,0.04525288376220053,0.0,0.13350785340314136,0.0,3,55.2580771446228,"{""method"": ""DWT"", ""image_size"": [224, 160], ""norm_type"": ""linear"", ""clip_pct"": 5, ""wavelet"": ""bior3.5"", ""level"": 3}"
DWT_T7_RARE,DWT,7,rare_priority,1007,20260810,4958,13142,0.33805307104671317,0.048818897637795275,0.0,0.831800766283525,0.09763779527559055,0.4227737226277372,0.0,0.06106369008535785,0.0,0.24345549738219896,0.0,3,54.89795517921448,"{""method"": ""DWT"", ""image_size"": [224, 160], ""norm_type"": ""linear"", ""clip_pct"": 5, ""wavelet"": ""bior3.5"", ""level"": 3}"
DWT_T7_RARE,DWT,7,rare_priority,1008,20260810,4958,13142,0.32782023081721334,0.039934354485776806,0.0,0.8361858190709046,0.07986870897155361,0.39522639522639524,0.0,0.050484094052558784,0.0,0.19109947643979058,0.0,7,79.97824597358704,"{""method"": ""DWT"", ""image_size"": [224, 160], ""norm_type"": ""linear"", ""clip_pct"": 5, ""wavelet"": ""bior3.5"", ""level"": 3}"
DWT_T7_RARE,DWT,7,rare_priority,1009,20260810,4958,13142,0.32423363281667333,0.034241245136186774,0.0,0.796364529599607,0.06848249027237355,0.43208751139471285,0.0,0.048726467331118496,0.0,0.11518324607329843,0.0,4,61.427282094955444,"{""method"": ""DWT"", ""image_size"": [224, 160], ""norm_type"": ""linear"", ""clip_pct"": 5, ""wavelet"": ""bior3.5"", ""level"": 3}"
DWT_T39_BALANCED,DWT,39,balanced_min_rare,1000,20260810,4958,13142,0.35310607604128025,0.022727272727272728,0.0,0.9130549916144408,0.045454545454545456,0.45391476709613476,0.0,0.0821917808219178,0.0,0.031413612565445025,0.0,2,56.41498947143555,"{""method"": ""DWT"", ""image_size"": [160, 256], ""norm_type"": ""linear"", ""clip_pct"": 3, ""wavelet"": ""sym5"", ""level"": 3}"
DWT_T39_BALANCED,DWT,39,balanced_min_rare,1001,20260810,4958,13142,0.35102453592151467,0.03683640303358613,0.0,0.8849186454582745,0.07367280606717226,0.44550669216061184,0.0,0.06284658040665435,0.0,0.08900523560209424,0.0,2,55.757755517959595,"{""method"": ""DWT"", ""image_size"": [160, 256], ""norm_type"": ""linear"", ""clip_pct"": 3, ""wavelet"": ""sym5"", ""level"": 3}"
DWT_T39_BALANCED,DWT,39,balanced_min_rare,1002,20260810,4958,13142,0.33527949273204843,0.024096385542168676,0.0,0.8391707686482393,0.04819277108433735,0.45375443119561715,0.0,0.05673758865248227,0.0,0.041884816753926704,0.0,2,56.03351712226868,"{""method"": ""DWT"", ""image_size"": [160, 256], ""norm_type"": ""linear"", ""clip_pct"": 3, ""wavelet"": ""sym5"", ""level"": 3}"
DWT_T39_BALANCED,DWT,39,balanced_min_rare,1003,20260810,4958,13142,0.3145195893189985,0.04555638536221061,0.0,0.7266228047453763,0.09111277072442121,0.44034278180619646,0.0,0.06374085684430512,0.0,0.15968586387434555,0.0,14,137.78505516052246,"{""method"": ""DWT"", ""image_size"": [160, 256], ""norm_type"": ""linear"", ""clip_pct"": 3, ""wavelet"": ""sym5"", ""level"": 3}"
DWT_T39_BALANCED,DWT,39,balanced_min_rare,1004,20260810,4958,13142,0.3176376840852083,0.036943744752308987,0.0,0.7433565004088307,0.07388748950461797,0.4533067464273845,0.0,0.054388133498145856,0.0,0.11518324607329843,0.0,8,98.2779176235199,"{""method"": ""DWT"", ""image_size"": [160, 256], ""norm_type"": ""linear"", ""clip_pct"": 3, ""wavelet"": ""sym5"", ""level"": 3}"
DWT_T39_BALANCED,DWT,39,balanced_min_rare,1005,20260810,4958,13142,0.34231423389484295,0.009237875288683603,0.0,0.9109024379491248,0.018475750577367205,0.43987874705287977,0.0,0.0784313725490196,0.0,0.010471204188481676,0.0,2,56.106279611587524,"{""method"": ""DWT"", ""image_size"": [160, 256], ""norm_type"": ""linear"", ""clip_pct"": 3, ""wavelet"": ""sym5"", ""level"": 3}"
DWT_T39_BALANCED,DWT,39,balanced_min_rare,1006,20260810,4958,13142,0.33688835072796003,0.03306516701814679,0.0016142050040355124,0.8354550636519096,0.06451612903225806,0.44596800522363694,0.0016142050040355124,0.05474452554744526,0.000819000819000819,0.07853403141361257,0.05555555555555555,2,55.93496775627136,"{""method"": ""DWT"", ""image_size"": [160, 256], ""norm_type"": ""linear"", ""clip_pct"": 3, ""wavelet"": ""sym5"", ""level"": 3}"
DWT_T39_BALANCED,DWT,39,balanced_min_rare,1007,20260810,4958,13142,0.30551419006446867,0.03755868544600939,0.0,0.7050397598609721,0.07511737089201878,0.4418996295048838,0.0,0.048411497730711045,0.0,0.16753926701570682,0.0,9,103.66009283065796,"{""method"": ""DWT"", ""image_size"": [160, 256], ""norm_type"": ""linear"", ""clip_pct"": 3, ""wavelet"": ""sym5"", ""level"": 3}"
DWT_T39_BALANCED,DWT,39,balanced_min_rare,1008,20260810,4958,13142,0.34678614783030876,0.03559263083917789,0.001968503937007874,0.8664393031615817,0.0692167577413479,0.4495200264812976,0.001968503937007874,0.11377245508982035,0.001002004008016032,0.049738219895287955,0.05555555555555555,2,55.388469219207764,"{""method"": ""DWT"", ""image_size"": [160, 256], ""norm_type"": ""linear"", ""clip_pct"": 3, ""wavelet"": ""sym5"", ""level"": 3}"
DWT_T39_BALANCED,DWT,39,balanced_min_rare,1009,20260810,4958,13142,0.3041487194493032,0.03716448726772195,0.0,0.7106802255124085,0.0743289745354439,0.43158567774936063,0.0,0.05042016806722689,0.0,0.14136125654450263,0.0,5,75.9629237651825,"{""method"": ""DWT"", ""image_size"": [160, 256], ""norm_type"": ""linear"", ""clip_pct"": 3, ""wavelet"": ""sym5"", ""level"": 3}"
SWT_T25_RARE,SWT,25,rare_priority,1000,20260810,4958,13142,0.30139122345140934,0.013761467889908258,0.0,0.8244063261503177,0.027522935779816515,0.35363563187550306,0.0,0.1111111111111111,0.0,0.015706806282722512,0.0,2,32.262758016586304,"{""method"": ""SWT"", ""image_size"": [96, 128], ""norm_type"": ""linear"", ""clip_pct"": 1, ""wavelet"": ""sym5"", ""level"": 2}"
SWT_T25_RARE,SWT,25,rare_priority,1001,20260810,4958,13142,0.34169188425207825,0.0,0.0,0.919416327067175,0.0,0.447351209941138,0.0,0.0,0.0,0.0,0.0,1,28.13789439201355,"{""method"": ""SWT"", ""image_size"": [96, 128], ""norm_type"": ""linear"", ""clip_pct"": 1, ""wavelet"": ""sym5"", ""level"": 2}"
SWT_T25_RARE,SWT,25,rare_priority,1002,20260810,4958,13142,0.30535016609560445,0.03333333333333333,0.0,0.82629063993254,0.06666666666666667,0.3284433577832111,0.0,0.03946102021174206,0.0,0.21465968586387435,0.0,6,48.81304311752319,"{""method"": ""SWT"", ""image_size"": [96, 128], ""norm_type"": ""linear"", ""clip_pct"": 1, ""wavelet"": ""sym5"", ""level"": 2}"
SWT_T25_RARE,SWT,25,rare_priority,1003,20260810,4958,13142,0.31801799380380147,0.0,0.0,0.8909156582987178,0.0,0.3811563169164882,0.0,0.0,0.0,0.0,0.0,1,28.127691745758057,"{""method"": ""SWT"", ""image_size"": [96, 128], ""norm_type"": ""linear"", ""clip_pct"": 1, ""wavelet"": ""sym5"", ""level"": 2}"
SWT_T25_RARE,SWT,25,rare_priority,1004,20260810,4958,13142,0.30596124899881205,0.03157063930544594,0.0,0.7765440666204025,0.06314127861089187,0.38415965076395386,0.0,0.04519774011299435,0.0,0.10471204188481675,0.0,3,36.44569778442383,"{""method"": ""SWT"", ""image_size"": [96, 128], ""norm_type"": ""linear"", ""clip_pct"": 1, ""wavelet"": ""sym5"", ""level"": 2}"
SWT_T25_RARE,SWT,25,rare_priority,1005,20260810,4958,13142,0.32464615968988697,0.024384188405540085,0.011385199240986717,0.8965667860574823,0.037383177570093455,0.3532494758909853,0.011385199240986717,0.17391304347826086,0.005791505791505791,0.020942408376963352,0.3333333333333333,2,32.51514744758606,"{""method"": ""SWT"", ""image_size"": [96, 128], ""norm_type"": ""linear"", ""clip_pct"": 1, ""wavelet"": ""sym5"", ""level"": 2}"
SWT_T25_RARE,SWT,25,rare_priority,1006,20260810,4958,13142,0.3121158887885384,0.03727144866385373,0.0,0.8046308305711678,0.07454289732770746,0.3692898272552783,0.0,0.04305442729488221,0.0,0.2774869109947644,0.0,3,36.08471202850342,"{""method"": ""SWT"", ""image_size"": [96, 128], ""norm_type"": ""linear"", ""clip_pct"": 1, ""wavelet"": ""sym5"", ""level"": 2}"
SWT_T25_RARE,SWT,25,rare_priority,1007,20260810,4958,13142,0.3367973318878171,0.0,0.0,0.9143108762659621,0.0,0.4328784512853063,0.0,0.0,0.0,0.0,0.0,1,28.57935118675232,"{""method"": ""SWT"", ""image_size"": [96, 128], ""norm_type"": ""linear"", ""clip_pct"": 1, ""wavelet"": ""sym5"", ""level"": 2}"
SWT_T25_RARE,SWT,25,rare_priority,1008,20260810,4958,13142,0.33911557788944724,0.0,0.0,0.9604824120603015,0.0,0.39597989949748746,0.0,0.0,0.0,0.0,0.0,1,28.351239442825317,"{""method"": ""SWT"", ""image_size"": [96, 128], ""norm_type"": ""linear"", ""clip_pct"": 1, ""wavelet"": ""sym5"", ""level"": 2}"
SWT_T25_RARE,SWT,25,rare_priority,1009,20260810,4958,13142,0.3319387801702448,0.0,0.0,0.914564044056343,0.0,0.4131910766246363,0.0,0.0,0.0,0.0,0.0,1,28.424811363220215,"{""method"": ""SWT"", ""image_size"": [96, 128], ""norm_type"": ""linear"", ""clip_pct"": 1, ""wavelet"": ""sym5"", ""level"": 2}"
SWT_T0_BALANCED,SWT,0,balanced_pareto,1000,20260810,4958,13142,0.35124112162321325,0.05592841163310962,0.0,0.9006658027615175,0.11185682326621924,0.39244186046511625,0.0,0.38461538461538464,0.0,0.06544502617801047,0.0,2,58.45475196838379,"{""method"": ""SWT"", ""image_size"": [224, 192], ""norm_type"": ""linear"", ""clip_pct"": 3, ""wavelet"": ""sym4"", ""level"": 4}"
SWT_T0_BALANCED,SWT,0,balanced_pareto,1001,20260810,4958,13142,0.34744586388733,0.010362694300518135,0.0,0.9181466502549674,0.02072538860103627,0.4509114166933163,0.0,1.0,0.0,0.010471204188481676,0.0,1,50.907588720321655,"{""method"": ""SWT"", ""image_size"": [224, 192], ""norm_type"": ""linear"", ""clip_pct"": 3, ""wavelet"": ""sym4"", ""level"": 4}"
SWT_T0_BALANCED,SWT,0,balanced_pareto,1002,20260810,4958,13142,0.35666187340955363,0.05297858580051738,0.04081632653061224,0.8843143464688051,0.06514084507042253,0.4363759755683746,0.04081632653061224,0.04907161803713528,0.025,0.0968586387434555,0.1111111111111111,2,58.37592315673828,"{""method"": ""SWT"", ""image_size"": [224, 192], ""norm_type"": ""linear"", ""clip_pct"": 3, ""wavelet"": ""sym4"", ""level"": 4}"
SWT_T0_BALANCED,SWT,0,balanced_pareto,1003,20260810,4958,13142,0.341137629698591,0.0,0.0,0.9167326819822199,0.0,0.4478178368121442,0.0,0.0,0.0,0.0,0.0,1,51.4792742729187,"{""method"": ""SWT"", ""image_size"": [224, 192], ""norm_type"": ""linear"", ""clip_pct"": 3, ""wavelet"": ""sym4"", ""level"": 4}"
SWT_T0_BALANCED,SWT,0,balanced_pareto,1004,20260810,4958,13142,0.3544226602517067,0.025,0.0,0.9177565171596594,0.0,0.4499341238471673,0.05,0.0,0.03225806451612903,0.0,0.1111111111111111,1,51.53824996948242,"{""method"": ""SWT"", ""image_size"": [224, 192], ""norm_type"": ""linear"", ""clip_pct"": 3, ""wavelet"": ""sym4"", ""level"": 4}"
SWT_T0_BALANCED,SWT,0,balanced_pareto,1005,20260810,4958,13142,0.37762651659793656,0.08473695154917862,0.07423580786026202,0.9172860015738393,0.07423580786026202,0.42374616171954965,0.09523809523809523,0.2236842105263158,0.3333333333333333,0.04450261780104712,0.05555555555555555,4,72.90089869499207,"{""method"": ""SWT"", ""image_size"": [224, 192], ""norm_type"": ""linear"", ""clip_pct"": 3, ""wavelet"": ""sym4"", ""level"": 4}"
SWT_T0_BALANCED,SWT,0,balanced_pareto,1006,20260810,4958,13142,0.3617513537401443,0.08472727272727273,0.07854545454545454,0.8665248358153732,0.07854545454545454,0.4110260336906585,0.09090909090909091,0.054380664652567974,0.25,0.14136125654450263,0.05555555555555555,2,58.41747570037842,"{""method"": ""SWT"", ""image_size"": [224, 192], ""norm_type"": ""linear"", ""clip_pct"": 3, ""wavelet"": ""sym4"", ""level"": 4}"
SWT_T0_BALANCED,SWT,0,balanced_pareto,1007,20260810,4958,13142,0.3209833600421267,0.04855585027998821,0.01282051282051282,0.8569300246752642,0.0842911877394636,0.3298917149332662,0.01282051282051282,0.15714285714285714,0.006802721088435374,0.05759162303664921,0.1111111111111111,3,65.25251984596252,"{""method"": ""SWT"", ""image_size"": [224, 192], ""norm_type"": ""linear"", ""clip_pct"": 3, ""wavelet"": ""sym4"", ""level"": 4}"
SWT_T0_BALANCED,SWT,0,balanced_pareto,1008,20260810,4958,13142,0.3965796932879414,0.1111111111111111,0.0,0.91758193480362,0.0,0.4465146161259235,0.2222222222222222,0.0,0.3333333333333333,0.0,0.16666666666666666,1,51.37332463264465,"{""method"": ""SWT"", ""image_size"": [224, 192], ""norm_type"": ""linear"", ""clip_pct"": 3, ""wavelet"": ""sym4"", ""level"": 4}"
SWT_T0_BALANCED,SWT,0,balanced_pareto,1009,20260810,4958,13142,0.3514576045200337,0.12379576107899806,0.08092485549132948,0.8445764389760996,0.08092485549132948,0.31366245694603906,0.16666666666666666,0.09032258064516129,0.3333333333333333,0.07329842931937172,0.1111111111111111,4,72.67599439620972,"{""method"": ""SWT"", ""image_size"": [224, 192], ""norm_type"": ""linear"", ""clip_pct"": 3, ""wavelet"": ""sym4"", ""level"": 4}"
