metric,candidate_a,candidate_b,n_pairs,mean_a,mean_b,mean_diff_a_minus_b,CI95_low,CI95_high,cohens_dz,p_ttest,p_wilcoxon,p_ttest_holm,p_wilcoxon_holm
Rare_Macro_SF,STFT_T29_BALANCED,CWT_T42_RARE,10,0.049939592915247355,0.05674234756367411,-0.006802754648426769,-0.05570596804636766,0.04210045874951412,-0.09951079242783001,0.760177014901134,0.921875,1.0,1.0
Rare_Macro_SF,STFT_T29_BALANCED,CWT_T39_BALANCED,10,0.049939592915247355,0.09021607932114326,-0.04027648640589591,-0.06217238824979429,-0.01838058456199752,-1.3158655398079453,0.0024435977161476755,0.009765625,0.03909756345836281,0.146484375
Rare_Macro_SF,STFT_T29_BALANCED,DWT_T7_RARE,10,0.049939592915247355,0.04217167515523464,0.00776791776001271,-0.006643208573063206,0.022179044093088626,0.38559328995823994,0.25370155804171607,0.083984375,1.0,0.923828125
Rare_Macro_SF,STFT_T29_BALANCED,DWT_T39_BALANCED,10,0.049939592915247355,0.031877903727728626,0.01806168918751873,0.0009759808921114832,0.035147397482925974,0.7562199863601549,0.0404658999364955,0.064453125,0.5236138348588507,0.7734375
Rare_Macro_SF,STFT_T29_BALANCED,SWT_T25_RARE,10,0.049939592915247355,0.01403210775980811,0.03590748515543925,0.024342102485644612,0.04747286782523388,2.22099589922807,6.16360749116553e-05,0.001953125,0.0012327214982331062,0.041015625
Rare_Macro_SF,STFT_T29_BALANCED,SWT_T0_BALANCED,10,0.049939592915247355,0.05971966384806936,-0.00978007093282201,-0.04085344103358993,0.021293299167945902,-0.22515231724663026,0.4945098186558935,0.556640625,1.0,1.0
Rare_Macro_SF,CWT_T42_RARE,CWT_T39_BALANCED,10,0.05674234756367411,0.09021607932114326,-0.033473731757469136,-0.08163659569395913,0.014689132179020861,-0.49718108984305276,0.15034816968891138,0.193359375,1.0,1.0
Rare_Macro_SF,CWT_T42_RARE,DWT_T7_RARE,10,0.05674234756367411,0.04217167515523464,0.014570672408439478,-0.03130784518298496,0.060449189999863914,0.22719197741077923,0.4907130245596838,0.921875,1.0,1.0
Rare_Macro_SF,CWT_T42_RARE,DWT_T39_BALANCED,10,0.05674234756367411,0.031877903727728626,0.0248644438359455,-0.022492166416935744,0.07222105408882674,0.37559596256196653,0.2653356981369543,0.232421875,1.0,1.0
Rare_Macro_SF,CWT_T42_RARE,SWT_T25_RARE,10,0.05674234756367411,0.01403210775980811,0.042710239803866006,0.0023557999274218117,0.0830646796803102,0.7571178064584697,0.04027798729683467,0.03125,0.5236138348588507,0.40625
Rare_Macro_SF,CWT_T42_RARE,SWT_T0_BALANCED,10,0.05674234756367411,0.05971966384806936,-0.002977316284395243,-0.05725341830506209,0.0512987857362716,-0.03924091241008235,0.9039707553003322,1.0,1.0,1.0
Rare_Macro_SF,CWT_T39_BALANCED,DWT_T7_RARE,10,0.09021607932114326,0.04217167515523464,0.04804440416590862,0.026662214272438988,0.06942659405937825,1.607360915107875,0.0006602194261086615,0.00390625,0.011223730243847246,0.0703125
Rare_Macro_SF,CWT_T39_BALANCED,DWT_T39_BALANCED,10,0.09021607932114326,0.031877903727728626,0.05833817559341464,0.0414776312010747,0.07519871998575459,2.4751642546292563,2.6343707613358857e-05,0.001953125,0.000553217859880536,0.041015625
Rare_Macro_SF,CWT_T39_BALANCED,SWT_T25_RARE,10,0.09021607932114326,0.01403210775980811,0.07618397156133515,0.05136874050575531,0.10099920261691499,2.1961806464730076,6.72229922979884e-05,0.001953125,0.0012772368536617795,0.041015625
Rare_Macro_SF,CWT_T39_BALANCED,SWT_T0_BALANCED,10,0.09021607932114326,0.05971966384806936,0.030496415473073895,-0.0027979220743125192,0.0637907530204603,0.6552411918544272,0.0681368634588161,0.083984375,0.681368634588161,0.923828125
Rare_Macro_SF,DWT_T7_RARE,DWT_T39_BALANCED,10,0.04217167515523464,0.031877903727728626,0.01029377142750602,2.3698559281047638e-06,0.020585172999083936,0.7155216350383704,0.04995744646436653,0.02734375,0.5495319111080318,0.3828125
Rare_Macro_SF,DWT_T7_RARE,SWT_T25_RARE,10,0.04217167515523464,0.01403210775980811,0.02813956739542653,0.01646281472290568,0.03981632006794738,1.7239239737615282,0.000404862204084859,0.00390625,0.007287519673527462,0.0703125
Rare_Macro_SF,DWT_T7_RARE,SWT_T0_BALANCED,10,0.04217167515523464,0.05971966384806936,-0.01754798869283472,-0.049363143889173504,0.014267166503504063,-0.3945627428235585,0.24362113498983445,0.322265625,1.0,1.0
Rare_Macro_SF,DWT_T39_BALANCED,SWT_T25_RARE,10,0.031877903727728626,0.01403210775980811,0.017845795967920512,0.0014151509210845459,0.03427644101475648,0.7769697021705894,0.036337405144868475,0.083984375,0.5087236720281586,0.923828125
Rare_Macro_SF,DWT_T39_BALANCED,SWT_T0_BALANCED,10,0.031877903727728626,0.05971966384806936,-0.02784176012034074,-0.06053825366495534,0.0048547334242738625,-0.6091416301194467,0.08618558885367661,0.10546875,0.7756702996830895,0.923828125
Rare_Macro_SF,SWT_T25_RARE,SWT_T0_BALANCED,10,0.01403210775980811,0.05971966384806936,-0.04568755608826125,-0.07710926320327155,-0.01426584897325095,-1.0401379099436179,0.0093902559207163,0.0078125,0.1408538388107445,0.125
Macro_F1,STFT_T29_BALANCED,CWT_T42_RARE,10,0.3168139311328554,0.3148136899399562,0.002000241192899194,-0.014101767096247702,0.018102249482046088,0.0888638438937609,0.7850545151412675,1.0,1.0,1.0
Macro_F1,STFT_T29_BALANCED,CWT_T39_BALANCED,10,0.3168139311328554,0.3643744516770988,-0.04756052054424344,-0.06278380173331002,-0.03233723935517684,-2.2349154824887623,5.8726004056310985e-05,0.001953125,0.0011157940770699086,0.041015625
Macro_F1,STFT_T29_BALANCED,DWT_T7_RARE,10,0.3168139311328554,0.3406471765017462,-0.023833245368890817,-0.04384462192228779,-0.0038218688154938486,-0.8519792039921671,0.024626728821569153,0.083984375,0.24626728821569155,0.755859375
Macro_F1,STFT_T29_BALANCED,DWT_T39_BALANCED,10,0.3168139311328554,0.33072190200659335,-0.013907970873737963,-0.033286634869827456,0.00547069312235153,-0.5134080974220321,0.1389219253975833,0.130859375,0.9724534777830831,1.0
Macro_F1,STFT_T29_BALANCED,SWT_T25_RARE,10,0.3168139311328554,0.32170262550276396,-0.0048886943699085915,-0.02167978655178126,0.011902397811964074,-0.20827479480792166,0.5266265171652731,0.625,1.0,1.0
Macro_F1,STFT_T29_BALANCED,SWT_T0_BALANCED,10,0.3168139311328554,0.3559307677058577,-0.039116836573002335,-0.052112533980781715,-0.026121139165222955,-2.1532125829710242,7.825168367535017e-05,0.001953125,0.001330278622480953,0.041015625
Macro_F1,CWT_T42_RARE,CWT_T39_BALANCED,10,0.3148136899399562,0.3643744516770988,-0.049560761737142627,-0.06003262789028448,-0.03908889558400077,-3.3856079380913933,2.021972765408429e-06,0.001953125,4.246142807357701e-05,0.041015625
Macro_F1,CWT_T42_RARE,DWT_T7_RARE,10,0.3148136899399562,0.3406471765017462,-0.02583348656179001,-0.03689914495858208,-0.014767828164997943,-1.6700464043866434,0.0005063309211465149,0.001953125,0.008101294738344238,0.041015625
Macro_F1,CWT_T42_RARE,DWT_T39_BALANCED,10,0.3148136899399562,0.33072190200659335,-0.015908212066637156,-0.02383459391935569,-0.007981830213918623,-1.435718033177128,0.001405633881983831,0.005859375,0.019678874347773632,0.08203125
Macro_F1,CWT_T42_RARE,SWT_T25_RARE,10,0.3148136899399562,0.32170262550276396,-0.006888935562807785,-0.021418220845671687,0.007640349720056115,-0.3391803198726815,0.31137497963552324,0.232421875,1.0,1.0
Macro_F1,CWT_T42_RARE,SWT_T0_BALANCED,10,0.3148136899399562,0.3559307677058577,-0.041117077765901525,-0.0544291353777948,-0.02780502015400825,-2.2095296152879285,6.415183288822204e-05,0.001953125,0.0011547329919879968,0.041015625
Macro_F1,CWT_T39_BALANCED,DWT_T7_RARE,10,0.3643744516770988,0.3406471765017462,0.02372727517535262,0.008112544559140853,0.03934200579156439,1.0870165213962604,0.007420373102948242,0.013671875,0.08162410413243067,0.150390625
Macro_F1,CWT_T39_BALANCED,DWT_T39_BALANCED,10,0.3643744516770988,0.33072190200659335,0.033652549670505474,0.017559572608069878,0.04974552673294107,1.4959061780498373,0.001073187880288797,0.001953125,0.016097818204331954,0.041015625
Macro_F1,CWT_T39_BALANCED,SWT_T25_RARE,10,0.3643744516770988,0.32170262550276396,0.04267182617433484,0.02961455271762659,0.0557290996310431,2.337822336811192,4.134663191356986e-05,0.001953125,0.0008269326382713972,0.041015625
Macro_F1,CWT_T39_BALANCED,SWT_T0_BALANCED,10,0.3643744516770988,0.3559307677058577,0.0084436839712411,-0.009800162238887784,0.026687530181369983,0.331084113034063,0.32241127856355023,0.232421875,1.0,1.0
Macro_F1,DWT_T7_RARE,DWT_T39_BALANCED,10,0.3406471765017462,0.33072190200659335,0.009925274495152852,-0.0055892536473828094,0.025439802637688514,0.4576429001711875,0.1817598618372541,0.322265625,1.0,1.0
Macro_F1,DWT_T7_RARE,SWT_T25_RARE,10,0.3406471765017462,0.32170262550276396,0.018944550998982224,0.0015658998573910496,0.0363232021405734,0.7798139957788128,0.03580515025544201,0.064453125,0.3222463522989781,0.64453125
Macro_F1,DWT_T7_RARE,SWT_T0_BALANCED,10,0.3406471765017462,0.3559307677058577,-0.015283591204111519,-0.03485097813394124,0.004283795725718201,-0.5587471927330548,0.11104564877815715,0.232421875,0.8883651902252572,1.0
Macro_F1,DWT_T39_BALANCED,SWT_T25_RARE,10,0.33072190200659335,0.32170262550276396,0.00901927650382937,-0.009027623673957295,0.027066176681616035,0.3575130172202242,0.2874692580236481,0.322265625,1.0,1.0
Macro_F1,DWT_T39_BALANCED,SWT_T0_BALANCED,10,0.33072190200659335,0.3559307677058577,-0.025208865699264373,-0.03827428035626086,-0.012143451042267881,-1.3802345079376837,0.0018110577808551315,0.009765625,0.023373019952845412,0.1171875
Macro_F1,SWT_T25_RARE,SWT_T0_BALANCED,10,0.32170262550276396,0.3559307677058577,-0.03422814220309374,-0.05194784235785073,-0.016508442048336746,-1.3818144601933786,0.0017979246117573395,0.005859375,0.023373019952845412,0.08203125
Min_Rare_F1,STFT_T29_BALANCED,CWT_T42_RARE,10,0.02230067829234305,0.00257113821138211,0.01972954008096094,0.003983379472096784,0.0354757006898251,0.8963240690523634,0.019580467360846447,0.01171875,0.3609231550867256,0.2109375
Min_Rare_F1,STFT_T29_BALANCED,CWT_T39_BALANCED,10,0.02230067829234305,0.00867302827500079,0.013627650017342258,-0.004865198810069683,0.032120498844754194,0.5271569374345132,0.1298601253697268,0.078125,1.0,1.0
Min_Rare_F1,STFT_T29_BALANCED,DWT_T7_RARE,10,0.02230067829234305,0.0,0.02230067829234305,0.005100555090717447,0.03950080149396865,0.9274901137419836,0.016675960624750342,0.0078125,0.3460852449815175,0.1640625
Min_Rare_F1,STFT_T29_BALANCED,DWT_T39_BALANCED,10,0.02230067829234305,0.00035827089410433,0.02194240739823872,0.005060404701046097,0.03882441009543135,0.9297861721672377,0.01648024976102464,0.0078125,0.3460852449815175,0.1640625
Min_Rare_F1,STFT_T29_BALANCED,SWT_T25_RARE,10,0.02230067829234305,0.00113851992409867,0.021162158368244376,0.004382593071111513,0.037941723665377236,0.9021983505692655,0.018995955530880296,0.0078125,0.3609231550867256,0.1640625
Min_Rare_F1,STFT_T29_BALANCED,SWT_T0_BALANCED,10,0.02230067829234305,0.028734295724817095,-0.00643361743247404,-0.033513174044130276,0.020645939179182192,-0.16995598291392372,0.6039904449451541,0.65234375,1.0,1.0
Min_Rare_F1,CWT_T42_RARE,CWT_T39_BALANCED,10,0.00257113821138211,0.00867302827500079,-0.00610189006361868,-0.015571470441502509,0.003367690314265148,-0.4609527584544047,0.17892557586648605,0.25,1.0,1.0
Min_Rare_F1,CWT_T42_RARE,DWT_T7_RARE,10,0.00257113821138211,0.0,0.00257113821138211,-0.0021482637063650364,0.007290540129129256,0.3897276620679724,0.2490134436042286,0.5,1.0,1.0
Min_Rare_F1,CWT_T42_RARE,DWT_T39_BALANCED,10,0.00257113821138211,0.00035827089410433,0.00221286731727778,-0.002646741371547798,0.007072476006103358,0.3257443178687526,0.32985255069801633,0.625,1.0,1.0
Min_Rare_F1,CWT_T42_RARE,SWT_T25_RARE,10,0.00257113821138211,0.00113851992409867,0.0014326182872834402,-0.0042449603057770225,0.007110196880343903,0.18050536309722254,0.5820994682997567,0.75,1.0,1.0
Min_Rare_F1,CWT_T42_RARE,SWT_T0_BALANCED,10,0.00257113821138211,0.028734295724817095,-0.02616315751343498,-0.05404498142921001,0.0017186664023400473,-0.6712615166867641,0.06276010185321407,0.109375,0.878641425944997,1.0
Min_Rare_F1,CWT_T39_BALANCED,DWT_T7_RARE,10,0.00867302827500079,0.0,0.00867302827500079,-0.0035633852208015095,0.02090944177080309,0.5070366962086026,0.14331185155880438,0.25,1.0,1.0
Min_Rare_F1,CWT_T39_BALANCED,DWT_T39_BALANCED,10,0.00867302827500079,0.00035827089410433,0.008314757380896461,-0.004077131181049505,0.020706645942842425,0.47999294734682124,0.16335986491834784,0.3125,1.0,1.0
Min_Rare_F1,CWT_T39_BALANCED,SWT_T25_RARE,10,0.00867302827500079,0.00113851992409867,0.0075345083509021195,-0.005411230669248803,0.020480247371053042,0.4163425953246055,0.22051489245826755,0.375,1.0,1.0
Min_Rare_F1,CWT_T39_BALANCED,SWT_T0_BALANCED,10,0.00867302827500079,0.028734295724817095,-0.0200612674498163,-0.05329138458911671,0.013168849689484115,-0.4318662541256185,0.20519339176992896,0.25,1.0,1.0
Min_Rare_F1,DWT_T7_RARE,DWT_T39_BALANCED,10,0.0,0.00035827089410433,-0.00035827089410433,-0.0009018733850544528,0.0001853315968457928,-0.4714686974009199,0.1701750454844844,0.5,1.0,1.0
Min_Rare_F1,DWT_T7_RARE,SWT_T25_RARE,10,0.0,0.00113851992409867,-0.00113851992409867,-0.0037140309254505817,0.0014369910772532417,-0.31622776601683794,0.34343639613791355,1.0,1.0,1.0
Min_Rare_F1,DWT_T7_RARE,SWT_T0_BALANCED,10,0.0,0.028734295724817095,-0.028734295724817095,-0.05464004659555251,-0.0028285448540816827,-0.7934638524096801,0.03335708113112134,0.0625,0.566787461968311,1.0
Min_Rare_F1,DWT_T39_BALANCED,SWT_T25_RARE,10,0.00035827089410433,0.00113851992409867,-0.00078024902999434,-0.0034991860911117835,0.0019386880311231033,-0.20528482986206395,0.532444571528668,1.0,1.0,1.0
Min_Rare_F1,DWT_T39_BALANCED,SWT_T0_BALANCED,10,0.00035827089410433,0.028734295724817095,-0.02837602483071276,-0.05423510758254452,-0.002516942078881,-0.7849847390936203,0.03485737348516358,0.0625,0.566787461968311,1.0
Min_Rare_F1,SWT_T25_RARE,SWT_T0_BALANCED,10,0.00113851992409867,0.028734295724817095,-0.027595775800718418,-0.05247206499294729,-0.002719486608489547,-0.7935600298985385,0.03334043893931241,0.0625,0.566787461968311,1.0
