representation,architecture_candidate_id,config_id,family,config_json,seed,method_data_seed,wgan_pool_seed,wgan_quality_attempt,n_parameters,n_train_samples,train_class_counts_json,best_epoch,time_s,confusion_json,Macro_F1,Rare_Macro_SF,Min_Rare_F1,Rare_HMean_SF,F1_N,F1_S,F1_V,F1_F,Precision_S,Precision_F,Recall_S,Recall_F
RAW_1D,BILSTM1D_T24_BOTH,BASELINE_CE,baseline,"{""config_id"": ""BASELINE_CE"", ""family"": ""baseline"", ""kind"": ""baseline""}",6100,,,,328228,37862,"{""N"": 33858, ""S"": 562, ""V"": 3046, ""F"": 396}",14,227.12891340255737,"[[10614, 49, 1330, 7], [262, 34, 86, 0], [84, 28, 622, 8], [10, 0, 5, 3]]",0.41885957176676236,0.15229885057471265,0.13793103448275862,0.1509433962264151,0.9241619503700479,0.13793103448275862,0.4466786355475763,0.16666666666666666,0.3063063063063063,0.16666666666666666,0.08900523560209424,0.16666666666666666
RAW_1D,BILSTM1D_T24_BOTH,BASELINE_CE,baseline,"{""config_id"": ""BASELINE_CE"", ""family"": ""baseline"", ""kind"": ""baseline""}",6101,,,,328228,37862,"{""N"": 33858, ""S"": 562, ""V"": 3046, ""F"": 396}",22,302.70636320114136,"[[10696, 7, 1286, 11], [272, 28, 81, 1], [83, 29, 609, 21], [4, 0, 5, 9]]",0.45018236268145395,0.21278026905829595,0.12556053811659193,0.17702845100105377,0.9278681414009976,0.12556053811659193,0.4473007712082262,0.3,0.4375,0.21428571428571427,0.07329842931937172,0.5
RAW_1D,BILSTM1D_T24_BOTH,BASELINE_CE,baseline,"{""config_id"": ""BASELINE_CE"", ""family"": ""baseline"", ""kind"": ""baseline""}",6102,,,,328228,37862,"{""N"": 33858, ""S"": 562, ""V"": 3046, ""F"": 396}",22,301.16325640678406,"[[10611, 30, 1344, 15], [219, 33, 130, 0], [83, 20, 601, 38], [6, 0, 6, 6]]",0.4123811095501213,0.14888981985756178,0.14193548387096774,0.148564997186269,0.9259566298704132,0.14193548387096774,0.4257881686149486,0.15584415584415584,0.39759036144578314,0.1016949152542373,0.08638743455497382,0.3333333333333333
RAW_1D,BILSTM1D_T24_BOTH,BASELINE_CE,baseline,"{""config_id"": ""BASELINE_CE"", ""family"": ""baseline"", ""kind"": ""baseline""}",6103,,,,328228,37862,"{""N"": 33858, ""S"": 562, ""V"": 3046, ""F"": 396}",27,330.808607339859,"[[10465, 148, 1286, 101], [248, 35, 99, 0], [38, 20, 649, 35], [0, 0, 7, 11]]",0.40983854431595856,0.1264957264957265,0.11965811965811966,0.12612612612612614,0.9199595622170454,0.11965811965811966,0.466403162055336,0.13333333333333333,0.1724137931034483,0.07482993197278912,0.09162303664921466,0.6111111111111112
RAW_1D,BILSTM1D_T24_BOTH,BASELINE_CE,baseline,"{""config_id"": ""BASELINE_CE"", ""family"": ""baseline"", ""kind"": ""baseline""}",6104,,,,328228,37862,"{""N"": 33858, ""S"": 562, ""V"": 3046, ""F"": 396}",8,170.04759740829468,"[[10659, 2, 1322, 17], [277, 34, 71, 0], [108, 16, 610, 8], [6, 0, 6, 6]]",0.4424785222415725,0.20078999341672152,0.15668202764976957,0.1911007025761124,0.9248590021691974,0.15668202764976957,0.4434750999636496,0.24489795918367346,0.6538461538461539,0.1935483870967742,0.08900523560209424,0.3333333333333333
RAW_1D,BILSTM1D_T24_BOTH,BASELINE_CE,baseline,"{""config_id"": ""BASELINE_CE"", ""family"": ""baseline"", ""kind"": ""baseline""}",6105,,,,328228,37862,"{""N"": 33858, ""S"": 562, ""V"": 3046, ""F"": 396}",21,292.8920547962189,"[[10676, 20, 1280, 24], [185, 65, 131, 1], [136, 20, 567, 19], [12, 0, 4, 2]]",0.4184311782138087,0.16472022587268995,0.0625,0.10128554733151539,0.9279847016384893,0.2669404517453799,0.41629955947136565,0.0625,0.6190476190476191,0.043478260869565216,0.17015706806282724,0.1111111111111111
RAW_1D,BILSTM1D_T24_BOTH,BASELINE_CE,baseline,"{""config_id"": ""BASELINE_CE"", ""family"": ""baseline"", ""kind"": ""baseline""}",6106,,,,328228,37862,"{""N"": 33858, ""S"": 562, ""V"": 3046, ""F"": 396}",9,178.92336797714233,"[[10675, 3, 1310, 12], [230, 38, 114, 0], [61, 19, 622, 40], [1, 0, 11, 6]]",0.4259698796064474,0.16492021909978566,0.15789473684210525,0.16462093862815882,0.9295946357817738,0.17194570135746606,0.4444444444444444,0.15789473684210525,0.6333333333333333,0.10344827586206896,0.09947643979057591,0.3333333333333333
RAW_1D,BILSTM1D_T24_BOTH,BASELINE_CE,baseline,"{""config_id"": ""BASELINE_CE"", ""family"": ""baseline"", ""kind"": ""baseline""}",6107,,,,328228,37862,"{""N"": 33858, ""S"": 562, ""V"": 3046, ""F"": 396}",5,141.6224331855774,"[[11783, 1, 200, 16], [334, 26, 22, 0], [234, 15, 483, 10], [8, 0, 5, 5]]",0.4898644239278433,0.16336157104351173,0.12264150943396226,0.15321154979375368,0.9674452974260027,0.12264150943396226,0.6652892561983471,0.20408163265306123,0.6190476190476191,0.16129032258064516,0.06806282722513089,0.2777777777777778
RAW_1D,BILSTM1D_T24_BOTH,BASELINE_CE,baseline,"{""config_id"": ""BASELINE_CE"", ""family"": ""baseline"", ""kind"": ""baseline""}",6108,,,,328228,37862,"{""N"": 33858, ""S"": 562, ""V"": 3046, ""F"": 396}",4,132.46997594833374,"[[11885, 4, 107, 4], [360, 15, 7, 0], [152, 5, 584, 1], [3, 0, 13, 2]]",0.502981512115132,0.11694581280788177,0.07389162561576355,0.10109519797809605,0.9741803278688524,0.07389162561576355,0.8038540949759119,0.16,0.625,0.2857142857142857,0.03926701570680628,0.1111111111111111
RAW_1D,BILSTM1D_T24_BOTH,BASELINE_CE,baseline,"{""config_id"": ""BASELINE_CE"", ""family"": ""baseline"", ""kind"": ""baseline""}",6109,,,,328228,37862,"{""N"": 33858, ""S"": 562, ""V"": 3046, ""F"": 396}",16,247.15856385231018,"[[10581, 55, 1361, 3], [224, 39, 119, 0], [47, 26, 618, 51], [6, 0, 6, 6]]",0.4173302919763654,0.15461231995096536,0.15384615384615385,0.15460852329038655,0.9258027823956602,0.1553784860557769,0.4342937456078707,0.15384615384615385,0.325,0.1,0.10209424083769633,0.3333333333333333
RAW_1D,BILSTM1D_T24_BOTH,FOCAL_A025_G3,focal,"{""alpha_power"": 0.25, ""config_id"": ""FOCAL_A025_G3"", ""family"": ""focal"", ""gamma"": 3.0, ""kind"": ""focal""}",6100,,,,328228,37862,"{""N"": 33858, ""S"": 562, ""V"": 3046, ""F"": 396}",6,152.24673557281494,"[[11528, 1, 468, 3], [214, 28, 140, 0], [171, 17, 551, 3], [8, 0, 8, 2]]",0.45644804094845515,0.14234363767074049,0.1308411214953271,0.14141414141414138,0.9638393043769073,0.1308411214953271,0.5772655840754322,0.15384615384615385,0.6086956521739131,0.25,0.07329842931937172,0.1111111111111111
RAW_1D,BILSTM1D_T24_BOTH,FOCAL_A025_G3,focal,"{""alpha_power"": 0.25, ""config_id"": ""FOCAL_A025_G3"", ""family"": ""focal"", ""gamma"": 3.0, ""kind"": ""focal""}",6101,,,,328228,37862,"{""N"": 33858, ""S"": 562, ""V"": 3046, ""F"": 396}",14,228.5849997997284,"[[10832, 27, 1129, 12], [247, 21, 112, 2], [69, 24, 634, 15], [10, 0, 5, 3]]",0.4078994938013235,0.10625550660792951,0.09251101321585903,0.10447761194029852,0.9354866568788324,0.09251101321585903,0.4836003051106026,0.12,0.2916666666666667,0.09375,0.0549738219895288,0.16666666666666666
RAW_1D,BILSTM1D_T24_BOTH,FOCAL_A025_G3,focal,"{""alpha_power"": 0.25, ""config_id"": ""FOCAL_A025_G3"", ""family"": ""focal"", ""gamma"": 3.0, ""kind"": ""focal""}",6102,,,,328228,37862,"{""N"": 33858, ""S"": 562, ""V"": 3046, ""F"": 396}",13,217.17541527748108,"[[10673, 7, 1259, 61], [218, 50, 114, 0], [57, 19, 656, 10], [4, 0, 8, 6]]",0.4366991389271421,0.172328200413698,0.12631578947368421,0.16004267804747932,0.930027884280237,0.2183406113537118,0.4721122706009356,0.12631578947368421,0.6578947368421053,0.07792207792207792,0.13089005235602094,0.3333333333333333
RAW_1D,BILSTM1D_T24_BOTH,FOCAL_A025_G3,focal,"{""alpha_power"": 0.25, ""config_id"": ""FOCAL_A025_G3"", ""family"": ""focal"", ""gamma"": 3.0, ""kind"": ""focal""}",6103,,,,328228,37862,"{""N"": 33858, ""S"": 562, ""V"": 3046, ""F"": 396}",2,114.08531427383423,"[[11863, 1, 135, 1], [261, 48, 73, 0], [136, 15, 572, 19], [6, 0, 8, 4]]",0.5327954717348479,0.20286141362374546,0.19047619047619047,0.20210526315789473,0.977746641391247,0.21524663677130046,0.7477124183006536,0.19047619047619047,0.75,0.16666666666666666,0.1256544502617801,0.2222222222222222
RAW_1D,BILSTM1D_T24_BOTH,FOCAL_A025_G3,focal,"{""alpha_power"": 0.25, ""config_id"": ""FOCAL_A025_G3"", ""family"": ""focal"", ""gamma"": 3.0, ""kind"": ""focal""}",6104,,,,328228,37862,"{""N"": 33858, ""S"": 562, ""V"": 3046, ""F"": 396}",6,152.19113087654114,"[[10588, 2, 1393, 17], [283, 32, 67, 0], [61, 17, 596, 68], [6, 0, 5, 7]]",0.40588040477563075,0.13753936594583244,0.12727272727272726,0.13677301175393072,0.9231842357659779,0.14780600461893764,0.4252586514448805,0.12727272727272726,0.6274509803921569,0.07608695652173914,0.08376963350785341,0.3888888888888889
RAW_1D,BILSTM1D_T24_BOTH,FOCAL_A025_G3,focal,"{""alpha_power"": 0.25, ""config_id"": ""FOCAL_A025_G3"", ""family"": ""focal"", ""gamma"": 3.0, ""kind"": ""focal""}",6105,,,,328228,37862,"{""N"": 33858, ""S"": 562, ""V"": 3046, ""F"": 396}",4,132.8552668094635,"[[10561, 1, 1412, 26], [149, 30, 201, 2], [217, 13, 504, 8], [7, 0, 5, 6]]",0.4034477616402524,0.1704225352112676,0.14084507042253522,0.16528925619834714,0.9209906688759047,0.14084507042253522,0.35195530726256985,0.2,0.6818181818181818,0.14285714285714285,0.07853403141361257,0.3333333333333333
RAW_1D,BILSTM1D_T24_BOTH,FOCAL_A025_G3,focal,"{""alpha_power"": 0.25, ""config_id"": ""FOCAL_A025_G3"", ""family"": ""focal"", ""gamma"": 3.0, ""kind"": ""focal""}",6106,,,,328228,37862,"{""N"": 33858, ""S"": 562, ""V"": 3046, ""F"": 396}",13,218.29924774169922,"[[10775, 14, 1180, 31], [286, 52, 44, 0], [206, 40, 490, 6], [7, 1, 5, 5]]",0.4258709095241828,0.18967280163599182,0.16666666666666666,0.18688230008984724,0.9259259259259259,0.21267893660531698,0.39821210889882164,0.16666666666666666,0.48598130841121495,0.11904761904761904,0.13612565445026178,0.2777777777777778
RAW_1D,BILSTM1D_T24_BOTH,FOCAL_A025_G3,focal,"{""alpha_power"": 0.25, ""config_id"": ""FOCAL_A025_G3"", ""family"": ""focal"", ""gamma"": 3.0, ""kind"": ""focal""}",6107,,,,328228,37862,"{""N"": 33858, ""S"": 562, ""V"": 3046, ""F"": 396}",12,209.18481516838074,"[[11249, 7, 738, 6], [220, 53, 109, 0], [83, 115, 498, 46], [6, 0, 8, 4]]",0.4322089112489809,0.1492066572856519,0.10810810810810811,0.1378861788617886,0.955004669326768,0.19030520646319568,0.47541766109785205,0.10810810810810811,0.3028571428571429,0.07142857142857142,0.1387434554973822,0.2222222222222222
RAW_1D,BILSTM1D_T24_BOTH,FOCAL_A025_G3,focal,"{""alpha_power"": 0.25, ""config_id"": ""FOCAL_A025_G3"", ""family"": ""focal"", ""gamma"": 3.0, ""kind"": ""focal""}",6108,,,,328228,37862,"{""N"": 33858, ""S"": 562, ""V"": 3046, ""F"": 396}",12,209.35471153259277,"[[10709, 10, 1208, 73], [206, 47, 128, 1], [53, 17, 652, 20], [5, 0, 7, 6]]",0.42914529058801476,0.15391763306571515,0.1016949152542373,0.13619898575223377,0.9323118443390067,0.20614035087719298,0.4764340518816222,0.1016949152542373,0.6351351351351351,0.06,0.12303664921465969,0.3333333333333333
RAW_1D,BILSTM1D_T24_BOTH,FOCAL_A025_G3,focal,"{""alpha_power"": 0.25, ""config_id"": ""FOCAL_A025_G3"", ""family"": ""focal"", ""gamma"": 3.0, ""kind"": ""focal""}",6109,,,,328228,37862,"{""N"": 33858, ""S"": 562, ""V"": 3046, ""F"": 396}",16,246.57073068618774,"[[10549, 1, 1426, 24], [171, 47, 163, 1], [148, 23, 565, 6], [7, 0, 7, 4]]",0.41750458807434704,0.17922445749510602,0.1509433962264151,0.17476179409714152,0.9223169398907104,0.20750551876379691,0.3892524974164657,0.1509433962264151,0.6619718309859155,0.11428571428571428,0.12303664921465969,0.2222222222222222
RAW_1D,BILSTM1D_T24_BOTH,SAMPLER_P050,sampler,"{""config_id"": ""SAMPLER_P050"", ""family"": ""sampler"", ""kind"": ""sampler"", ""sampler_power"": 0.5}",6100,,,,328228,37862,"{""N"": 33858, ""S"": 562, ""V"": 3046, ""F"": 396}",2,113.85598111152649,"[[11883, 3, 61, 53], [256, 57, 69, 0], [80, 22, 613, 27], [8, 0, 5, 5]]",0.5366418672418726,0.17138851690659523,0.0970873786407767,0.1391771456476621,0.9809716432079911,0.24568965517241378,0.8228187919463087,0.0970873786407767,0.6951219512195121,0.058823529411764705,0.14921465968586387,0.2777777777777778
RAW_1D,BILSTM1D_T24_BOTH,SAMPLER_P050,sampler,"{""config_id"": ""SAMPLER_P050"", ""family"": ""sampler"", ""kind"": ""sampler"", ""sampler_power"": 0.5}",6101,,,,328228,37862,"{""N"": 33858, ""S"": 562, ""V"": 3046, ""F"": 396}",3,123.33273506164551,"[[11558, 25, 278, 139], [173, 34, 174, 1], [41, 31, 659, 11], [3, 0, 5, 10]]",0.4843615893279647,0.12789982009279424,0.11173184357541899,0.12585600592263557,0.9722818086225026,0.1440677966101695,0.7093649085037675,0.11173184357541899,0.37777777777777777,0.062111801242236024,0.08900523560209424,0.5555555555555556
RAW_1D,BILSTM1D_T24_BOTH,SAMPLER_P050,sampler,"{""config_id"": ""SAMPLER_P050"", ""family"": ""sampler"", ""kind"": ""sampler"", ""sampler_power"": 0.5}",6102,,,,328228,37862,"{""N"": 33858, ""S"": 562, ""V"": 3046, ""F"": 396}",2,113.12097454071045,"[[10596, 10, 1249, 145], [246, 52, 84, 0], [26, 25, 640, 51], [5, 0, 5, 8]]",0.4227289859560917,0.14691023646247528,0.07207207207207207,0.1087866108786611,0.9265072356052988,0.22174840085287847,0.47058823529411764,0.07207207207207207,0.5977011494252874,0.0392156862745098,0.13612565445026178,0.4444444444444444
RAW_1D,BILSTM1D_T24_BOTH,SAMPLER_P050,sampler,"{""config_id"": ""SAMPLER_P050"", ""family"": ""sampler"", ""kind"": ""sampler"", ""sampler_power"": 0.5}",6103,,,,328228,37862,"{""N"": 33858, ""S"": 562, ""V"": 3046, ""F"": 396}",2,113.79113745689392,"[[10684, 16, 1168, 132], [206, 23, 153, 0], [133, 16, 577, 16], [5, 0, 5, 8]]",0.39035648023236724,0.09860859044162129,0.09195402298850575,0.09815950920245398,0.9279138440159805,0.10526315789473684,0.43629489603024574,0.09195402298850575,0.41818181818181815,0.05128205128205128,0.060209424083769635,0.4444444444444444
RAW_1D,BILSTM1D_T24_BOTH,SAMPLER_P050,sampler,"{""config_id"": ""SAMPLER_P050"", ""family"": ""sampler"", ""kind"": ""sampler"", ""sampler_power"": 0.5}",6104,,,,328228,37862,"{""N"": 33858, ""S"": 562, ""V"": 3046, ""F"": 396}",4,132.46878099441528,"[[11585, 251, 129, 35], [226, 68, 88, 0], [48, 26, 611, 57], [7, 0, 3, 8]]",0.5175900125001746,0.16133168582286156,0.13559322033898305,0.15722543352601154,0.9708371742227436,0.18707015130674004,0.7768595041322314,0.13559322033898305,0.19710144927536233,0.08,0.17801047120418848,0.4444444444444444
RAW_1D,BILSTM1D_T24_BOTH,SAMPLER_P050,sampler,"{""config_id"": ""SAMPLER_P050"", ""family"": ""sampler"", ""kind"": ""sampler"", ""sampler_power"": 0.5}",6105,,,,328228,37862,"{""N"": 33858, ""S"": 562, ""V"": 3046, ""F"": 396}",1,103.65367531776428,"[[11924, 5, 67, 4], [236, 40, 106, 0], [81, 5, 646, 10], [5, 0, 9, 4]]",0.5534805662343149,0.2037037037037037,0.18518518518518517,0.202020202020202,0.9835849212241194,0.18518518518518517,0.8229299363057325,0.2222222222222222,0.8,0.2222222222222222,0.10471204188481675,0.2222222222222222
RAW_1D,BILSTM1D_T24_BOTH,SAMPLER_P050,sampler,"{""config_id"": ""SAMPLER_P050"", ""family"": ""sampler"", ""kind"": ""sampler"", ""sampler_power"": 0.5}",6106,,,,328228,37862,"{""N"": 33858, ""S"": 562, ""V"": 3046, ""F"": 396}",7,160.90880370140076,"[[10424, 134, 1425, 17], [153, 86, 143, 0], [37, 24, 670, 11], [10, 0, 5, 3]]",0.44190496963635223,0.19860468148920912,0.12244897959183673,0.16940249507550886,0.9214992927864215,0.2747603833865815,0.4489112227805695,0.12244897959183673,0.3524590163934426,0.0967741935483871,0.225130890052356,0.16666666666666666
RAW_1D,BILSTM1D_T24_BOTH,SAMPLER_P050,sampler,"{""config_id"": ""SAMPLER_P050"", ""family"": ""sampler"", ""kind"": ""sampler"", ""sampler_power"": 0.5}",6107,,,,328228,37862,"{""N"": 33858, ""S"": 562, ""V"": 3046, ""F"": 396}",1,104.03590130805969,"[[11824, 12, 89, 75], [156, 104, 118, 4], [157, 6, 565, 14], [8, 0, 5, 5]]",0.5555579512065223,0.2494526546250684,0.08620689655172414,0.1426220515633571,0.9794160281631807,0.4126984126984127,0.7439104674127716,0.08620689655172414,0.8524590163934426,0.05102040816326531,0.27225130890052357,0.2777777777777778
RAW_1D,BILSTM1D_T24_BOTH,SAMPLER_P050,sampler,"{""config_id"": ""SAMPLER_P050"", ""family"": ""sampler"", ""kind"": ""sampler"", ""sampler_power"": 0.5}",6108,,,,328228,37862,"{""N"": 33858, ""S"": 562, ""V"": 3046, ""F"": 396}",9,180.10978150367737,"[[10534, 82, 1318, 66], [223, 25, 134, 0], [66, 35, 632, 9], [8, 1, 5, 4]]",0.38674452325702896,0.08885616102110946,0.08247422680412371,0.08839779005524863,0.9227804301169462,0.09523809523809523,0.4464853408689509,0.08247422680412371,0.17482517482517482,0.05063291139240506,0.06544502617801047,0.2222222222222222
RAW_1D,BILSTM1D_T24_BOTH,SAMPLER_P050,sampler,"{""config_id"": ""SAMPLER_P050"", ""family"": ""sampler"", ""kind"": ""sampler"", ""sampler_power"": 0.5}",6109,,,,328228,37862,"{""N"": 33858, ""S"": 562, ""V"": 3046, ""F"": 396}",2,113.12018585205078,"[[10763, 2, 1187, 48], [186, 38, 158, 0], [59, 15, 607, 61], [5, 0, 7, 6]]",0.4122465292892986,0.13206930369401765,0.09022556390977443,0.11881188118811882,0.9353843479772302,0.17391304347826086,0.4494631617919289,0.09022556390977443,0.6909090909090909,0.05217391304347826,0.09947643979057591,0.3333333333333333
RAW_1D,BILSTM1D_T24_BOTH,WGAN_GP_X3,wgan_gp,"{""config_id"": ""WGAN_GP_X3"", ""family"": ""wgan_gp"", ""kind"": ""wgan_gp"", ""wgan_factor"": 3}",6100,1130000,1130000,1,328228,39778,"{""N"": 33858, ""S"": 1686, ""V"": 3046, ""F"": 1188}",16,257.49635910987854,"[[10786, 29, 1130, 55], [185, 81, 116, 0], [40, 24, 665, 13], [10, 0, 6, 2]]",0.4491633859276506,0.17970401691331925,0.045454545454545456,0.07941176470588235,0.9370574692671908,0.313953488372093,0.5001880406167732,0.045454545454545456,0.6044776119402985,0.02857142857142857,0.21204188481675393,0.1111111111111111
RAW_1D,BILSTM1D_T24_BOTH,WGAN_GP_X3,wgan_gp,"{""config_id"": ""WGAN_GP_X3"", ""family"": ""wgan_gp"", ""kind"": ""wgan_gp"", ""wgan_factor"": 3}",6101,1130100,1130100,1,328228,39778,"{""N"": 33858, ""S"": 1686, ""V"": 3046, ""F"": 1188}",8,178.01312589645386,"[[11824, 4, 81, 91], [334, 33, 15, 0], [137, 26, 575, 4], [11, 0, 5, 2]]",0.4917567802240665,0.0915486077186126,0.034782608695652174,0.05635005336179296,0.9729284950218053,0.14831460674157304,0.8110014104372355,0.034782608695652174,0.5238095238095238,0.020618556701030927,0.08638743455497382,0.1111111111111111
RAW_1D,BILSTM1D_T24_BOTH,WGAN_GP_X3,wgan_gp,"{""config_id"": ""WGAN_GP_X3"", ""family"": ""wgan_gp"", ""kind"": ""wgan_gp"", ""wgan_factor"": 3}",6102,1130200,1130200,1,328228,39778,"{""N"": 33858, ""S"": 1686, ""V"": 3046, ""F"": 1188}",15,245.55432605743408,"[[10479, 126, 1377, 18], [215, 37, 130, 0], [30, 20, 688, 4], [6, 0, 10, 2]]",0.4037921022246198,0.11310577328276443,0.09523809523809523,0.11028315946348732,0.9220413550373955,0.13097345132743363,0.4669155072955548,0.09523809523809523,0.20218579234972678,0.08333333333333333,0.0968586387434555,0.1111111111111111
RAW_1D,BILSTM1D_T24_BOTH,WGAN_GP_X3,wgan_gp,"{""config_id"": ""WGAN_GP_X3"", ""family"": ""wgan_gp"", ""kind"": ""wgan_gp"", ""wgan_factor"": 3}",6103,1130300,1130300,1,328228,39778,"{""N"": 33858, ""S"": 1686, ""V"": 3046, ""F"": 1188}",14,237.3789484500885,"[[11784, 22, 112, 82], [291, 44, 47, 0], [83, 23, 633, 3], [10, 0, 3, 5]]",0.5195713481320372,0.13971455531965085,0.09259259259259259,0.12382158435345435,0.9751737835153923,0.18683651804670912,0.8236824983734548,0.09259259259259259,0.4943820224719101,0.05555555555555555,0.11518324607329843,0.2777777777777778
RAW_1D,BILSTM1D_T24_BOTH,WGAN_GP_X3,wgan_gp,"{""config_id"": ""WGAN_GP_X3"", ""family"": ""wgan_gp"", ""kind"": ""wgan_gp"", ""wgan_factor"": 3}",6104,1130400,1130400,1,328228,39778,"{""N"": 33858, ""S"": 1686, ""V"": 3046, ""F"": 1188}",31,346.018714427948,"[[11194, 21, 780, 5], [109, 126, 147, 0], [55, 34, 600, 53], [6, 1, 3, 8]]",0.5309200115766706,0.31864235055724416,0.19047619047619047,0.2670906200317965,0.9582263311076871,0.44680851063829785,0.528169014084507,0.19047619047619047,0.6923076923076923,0.12121212121212122,0.3298429319371728,0.4444444444444444
RAW_1D,BILSTM1D_T24_BOTH,WGAN_GP_X3,wgan_gp,"{""config_id"": ""WGAN_GP_X3"", ""family"": ""wgan_gp"", ""kind"": ""wgan_gp"", ""wgan_factor"": 3}",6105,1130500,1130500,1,328228,39778,"{""N"": 33858, ""S"": 1686, ""V"": 3046, ""F"": 1188}",17,266.27381110191345,"[[10472, 49, 1390, 89], [185, 33, 163, 1], [46, 16, 678, 2], [4, 0, 10, 4]]",0.3961525282169194,0.10383771929824562,0.07017543859649122,0.09292502639915523,0.9223587439996477,0.1375,0.4545759302715387,0.07017543859649122,0.336734693877551,0.041666666666666664,0.08638743455497382,0.2222222222222222
RAW_1D,BILSTM1D_T24_BOTH,WGAN_GP_X3,wgan_gp,"{""config_id"": ""WGAN_GP_X3"", ""family"": ""wgan_gp"", ""kind"": ""wgan_gp"", ""wgan_factor"": 3}",6106,1130600,1130600,1,328228,39778,"{""N"": 33858, ""S"": 1686, ""V"": 3046, ""F"": 1188}",6,157.82992386817932,"[[10675, 4, 1299, 22], [257, 30, 94, 1], [210, 20, 509, 3], [10, 0, 7, 1]]",0.37205792757191936,0.09102956167176351,0.044444444444444446,0.0671892497200448,0.9221665514858327,0.13761467889908258,0.38400603545831763,0.044444444444444446,0.5555555555555556,0.037037037037037035,0.07853403141361257,0.05555555555555555
RAW_1D,BILSTM1D_T24_BOTH,WGAN_GP_X3,wgan_gp,"{""config_id"": ""WGAN_GP_X3"", ""family"": ""wgan_gp"", ""kind"": ""wgan_gp"", ""wgan_factor"": 3}",6107,1130700,1130700,1,328228,39778,"{""N"": 33858, ""S"": 1686, ""V"": 3046, ""F"": 1188}",17,266.51150918006897,"[[10874, 11, 1096, 19], [259, 72, 51, 0], [85, 74, 583, 0], [10, 0, 7, 1]]",0.43160693308703274,0.15989649448296064,0.05263157894736842,0.08793893129770992,0.9362837954193215,0.26716141001855287,0.4703509479628883,0.05263157894736842,0.4585987261146497,0.05,0.18848167539267016,0.05555555555555555
RAW_1D,BILSTM1D_T24_BOTH,WGAN_GP_X3,wgan_gp,"{""config_id"": ""WGAN_GP_X3"", ""family"": ""wgan_gp"", ""kind"": ""wgan_gp"", ""wgan_factor"": 3}",6108,1130800,1130800,1,328228,39778,"{""N"": 33858, ""S"": 1686, ""V"": 3046, ""F"": 1188}",11,207.3319616317749,"[[11596, 129, 241, 34], [270, 15, 97, 0], [78, 23, 595, 46], [10, 0, 4, 4]]",0.452505105424941,0.0665380906460945,0.0546448087431694,0.0644122383252818,0.9681890289721967,0.0546448087431694,0.7087552114353782,0.0784313725490196,0.08982035928143713,0.047619047619047616,0.03926701570680628,0.2222222222222222
RAW_1D,BILSTM1D_T24_BOTH,WGAN_GP_X3,wgan_gp,"{""config_id"": ""WGAN_GP_X3"", ""family"": ""wgan_gp"", ""kind"": ""wgan_gp"", ""wgan_factor"": 3}",6109,1130900,1130900,1,328228,39778,"{""N"": 33858, ""S"": 1686, ""V"": 3046, ""F"": 1188}",11,206.865727186203,"[[11043, 13, 938, 6], [177, 77, 128, 0], [50, 24, 668, 0], [11, 0, 6, 1]]",0.4693575112313316,0.19524193548387098,0.08,0.1272201569599339,0.9486705897512994,0.31048387096774194,0.5382755842062853,0.08,0.6754385964912281,0.14285714285714285,0.20157068062827224,0.05555555555555555
STFT_2D,BILSTM2D_T7_BOTH,AUGMENT_X3,augmentation,"{""augment_multiplier"": 3, ""config_id"": ""AUGMENT_X3"", ""family"": ""augmentation"", ""kind"": ""augmentation""}",6100,316100,,,318885,40736,"{""N"": 33858, ""S"": 2248, ""V"": 3046, ""F"": 1584}",21,275.2738838195801,"[[9898, 14, 2084, 4], [73, 115, 193, 1], [161, 27, 553, 1], [8, 0, 6, 4]]",0.47911577233441516,0.35661178969729157,0.2857142857142857,0.34251675353685773,0.8941282746160795,0.4275092936802974,0.3091112353269983,0.2857142857142857,0.7371794871794872,0.4,0.3010471204188482,0.2222222222222222
STFT_2D,BILSTM2D_T7_BOTH,AUGMENT_X3,augmentation,"{""augment_multiplier"": 3, ""config_id"": ""AUGMENT_X3"", ""family"": ""augmentation"", ""kind"": ""augmentation""}",6101,316101,,,318885,40736,"{""N"": 33858, ""S"": 2248, ""V"": 3046, ""F"": 1584}",7,165.7902991771698,"[[10450, 29, 1507, 14], [121, 95, 166, 0], [188, 84, 469, 1], [12, 0, 2, 4]]",0.4452753816887055,0.2691250572606505,0.21621621621621623,0.2587234042553191,0.9178340872161961,0.3220338983050847,0.325017325017325,0.21621621621621623,0.4567307692307692,0.21052631578947367,0.2486910994764398,0.2222222222222222
STFT_2D,BILSTM2D_T7_BOTH,AUGMENT_X3,augmentation,"{""augment_multiplier"": 3, ""config_id"": ""AUGMENT_X3"", ""family"": ""augmentation"", ""kind"": ""augmentation""}",6102,316102,,,318885,40736,"{""N"": 33858, ""S"": 2248, ""V"": 3046, ""F"": 1584}",12,198.32777953147888,"[[10237, 17, 1722, 24], [90, 87, 203, 2], [140, 42, 559, 1], [8, 0, 6, 4]]",0.4374235860468864,0.24640538033395176,0.16326530612244897,0.21835294117647056,0.9109677419354839,0.32954545454545453,0.3459158415841584,0.16326530612244897,0.5958904109589042,0.12903225806451613,0.22774869109947643,0.2222222222222222
STFT_2D,BILSTM2D_T7_BOTH,AUGMENT_X3,augmentation,"{""augment_multiplier"": 3, ""config_id"": ""AUGMENT_X3"", ""family"": ""augmentation"", ""kind"": ""augmentation""}",6103,316103,,,318885,40736,"{""N"": 33858, ""S"": 2248, ""V"": 3046, ""F"": 1584}",4,127.84343075752258,"[[10143, 11, 1816, 30], [54, 109, 219, 0], [113, 19, 610, 0], [9, 0, 6, 3]]",0.45113716497546497,0.2680365812351812,0.11764705882352941,0.18365627632687448,0.9089116895918276,0.418426103646833,0.3595638078396699,0.11764705882352941,0.7841726618705036,0.09090909090909091,0.28534031413612565,0.16666666666666666
STFT_2D,BILSTM2D_T7_BOTH,AUGMENT_X3,augmentation,"{""augment_multiplier"": 3, ""config_id"": ""AUGMENT_X3"", ""family"": ""augmentation"", ""kind"": ""augmentation""}",6104,316104,,,318885,40736,"{""N"": 33858, ""S"": 2248, ""V"": 3046, ""F"": 1584}",22,301.6921889781952,"[[10058, 18, 1918, 6], [116, 78, 188, 0], [178, 32, 531, 1], [12, 0, 4, 2]]",0.41685859107063256,0.22701525054466232,0.14814814814814814,0.19961612284069097,0.8994813092470041,0.3058823529411765,0.3139225539462016,0.14814814814814814,0.609375,0.2222222222222222,0.20418848167539266,0.1111111111111111
STFT_2D,BILSTM2D_T7_BOTH,AUGMENT_X3,augmentation,"{""augment_multiplier"": 3, ""config_id"": ""AUGMENT_X3"", ""family"": ""augmentation"", ""kind"": ""augmentation""}",6105,316105,,,318885,40736,"{""N"": 33858, ""S"": 2248, ""V"": 3046, ""F"": 1584}",11,191.1900351047516,"[[11278, 14, 700, 8], [123, 85, 174, 0], [194, 23, 522, 3], [8, 0, 6, 4]]",0.5055768400700166,0.2898629148629149,0.24242424242424243,0.2820991495540345,0.9556412320467738,0.3373015873015873,0.4869402985074627,0.24242424242424243,0.6967213114754098,0.26666666666666666,0.22251308900523561,0.2222222222222222
STFT_2D,BILSTM2D_T7_BOTH,AUGMENT_X3,augmentation,"{""augment_multiplier"": 3, ""config_id"": ""AUGMENT_X3"", ""family"": ""augmentation"", ""kind"": ""augmentation""}",6106,316106,,,318885,40736,"{""N"": 33858, ""S"": 2248, ""V"": 3046, ""F"": 1584}",12,202.46420097351074,"[[10932, 13, 1048, 7], [116, 81, 185, 0], [151, 33, 551, 7], [11, 0, 4, 3]]",0.46682014226973556,0.24484984563570025,0.17142857142857143,0.22283356258596973,0.9420077552778975,0.3182711198428291,0.43557312252964425,0.17142857142857143,0.6377952755905512,0.17647058823529413,0.21204188481675393,0.16666666666666666
STFT_2D,BILSTM2D_T7_BOTH,AUGMENT_X3,augmentation,"{""augment_multiplier"": 3, ""config_id"": ""AUGMENT_X3"", ""family"": ""augmentation"", ""kind"": ""augmentation""}",6107,316107,,,318885,40736,"{""N"": 33858, ""S"": 2248, ""V"": 3046, ""F"": 1584}",6,159.3981614112854,"[[9854, 11, 2129, 6], [92, 96, 194, 0], [155, 26, 561, 0], [13, 0, 3, 2]]",0.4317594785241544,0.2633308439133682,0.15384615384615385,0.21781055019852524,0.891200144704712,0.37281553398058254,0.30917608156516946,0.15384615384615385,0.7218045112781954,0.25,0.2513089005235602,0.1111111111111111
STFT_2D,BILSTM2D_T7_BOTH,AUGMENT_X3,augmentation,"{""augment_multiplier"": 3, ""config_id"": ""AUGMENT_X3"", ""family"": ""augmentation"", ""kind"": ""augmentation""}",6108,316108,,,318885,40736,"{""N"": 33858, ""S"": 2248, ""V"": 3046, ""F"": 1584}",8,166.44788265228271,"[[10147, 17, 1830, 6], [96, 83, 203, 0], [151, 35, 556, 0], [11, 0, 5, 2]]",0.428510654789221,0.2374646629965779,0.15384615384615385,0.2080200501253133,0.905779959830395,0.32108317214700194,0.3333333333333333,0.15384615384615385,0.6148148148148148,0.25,0.21727748691099477,0.1111111111111111
STFT_2D,BILSTM2D_T7_BOTH,AUGMENT_X3,augmentation,"{""augment_multiplier"": 3, ""config_id"": ""AUGMENT_X3"", ""family"": ""augmentation"", ""kind"": ""augmentation""}",6109,316109,,,318885,40736,"{""N"": 33858, ""S"": 2248, ""V"": 3046, ""F"": 1584}",9,176.80115222930908,"[[10280, 14, 1693, 13], [145, 85, 152, 0], [201, 22, 516, 3], [13, 0, 1, 4]]",0.447285007867446,0.2742492413937428,0.21052631578947367,0.2594429607020221,0.9081673218781748,0.3379721669980119,0.3324742268041237,0.21052631578947367,0.7024793388429752,0.2,0.22251308900523561,0.2222222222222222
STFT_2D,BILSTM2D_T7_BOTH,BASELINE_CE,baseline,"{""config_id"": ""BASELINE_CE"", ""family"": ""baseline"", ""kind"": ""baseline""}",6100,,,,318885,37862,"{""N"": 33858, ""S"": 562, ""V"": 3046, ""F"": 396}",20,268.6060254573822,"[[10406, 6, 1575, 13], [182, 90, 110, 0], [168, 28, 540, 6], [10, 0, 3, 5]]",0.46790827022885506,0.2969132316958404,0.23809523809523808,0.28526148969889065,0.9141702538873759,0.3557312252964427,0.36363636363636365,0.23809523809523808,0.7258064516129032,0.20833333333333334,0.2356020942408377,0.2777777777777778
STFT_2D,BILSTM2D_T7_BOTH,BASELINE_CE,baseline,"{""config_id"": ""BASELINE_CE"", ""family"": ""baseline"", ""kind"": ""baseline""}",6101,,,,318885,37862,"{""N"": 33858, ""S"": 562, ""V"": 3046, ""F"": 396}",10,186.49977040290833,"[[11184, 13, 800, 3], [121, 77, 184, 0], [162, 35, 545, 0], [11, 0, 3, 4]]",0.5139502014357226,0.3118737672583827,0.3037475345167653,0.3116620288388565,0.9527216969077434,0.3037475345167653,0.4793315743183817,0.32,0.616,0.5714285714285714,0.20157068062827224,0.2222222222222222
STFT_2D,BILSTM2D_T7_BOTH,BASELINE_CE,baseline,"{""config_id"": ""BASELINE_CE"", ""family"": ""baseline"", ""kind"": ""baseline""}",6102,,,,318885,37862,"{""N"": 33858, ""S"": 562, ""V"": 3046, ""F"": 396}",6,145.98858165740967,"[[10118, 12, 1865, 5], [183, 63, 136, 0], [184, 17, 539, 2], [13, 0, 1, 4]]",0.44237519807670755,0.2708424268878219,0.26582278481012656,0.2707493956486704,0.8994577295759623,0.26582278481012656,0.3283582089552239,0.27586206896551724,0.6847826086956522,0.36363636363636365,0.1649214659685864,0.2222222222222222
STFT_2D,BILSTM2D_T7_BOTH,BASELINE_CE,baseline,"{""config_id"": ""BASELINE_CE"", ""family"": ""baseline"", ""kind"": ""baseline""}",6103,,,,318885,37862,"{""N"": 33858, ""S"": 562, ""V"": 3046, ""F"": 396}",3,109.76302814483643,"[[10363, 10, 1623, 4], [89, 93, 200, 0], [175, 14, 550, 3], [14, 0, 0, 4]]",0.4792891265645274,0.3243037799737406,0.27586206896551724,0.3170679735776688,0.9154189302592641,0.3727454909819639,0.35313001605136435,0.27586206896551724,0.7948717948717948,0.36363636363636365,0.24345549738219896,0.2222222222222222
STFT_2D,BILSTM2D_T7_BOTH,BASELINE_CE,baseline,"{""config_id"": ""BASELINE_CE"", ""family"": ""baseline"", ""kind"": ""baseline""}",6104,,,,318885,37862,"{""N"": 33858, ""S"": 562, ""V"": 3046, ""F"": 396}",10,172.5048427581787,"[[10056, 13, 1928, 3], [95, 86, 201, 0], [167, 20, 553, 2], [10, 0, 4, 4]]",0.4657497985555376,0.31980483477489463,0.2962962962962963,0.31807674526121127,0.9007524184879971,0.34331337325349304,0.3226371061843641,0.2962962962962963,0.7226890756302521,0.4444444444444444,0.225130890052356,0.2222222222222222
STFT_2D,BILSTM2D_T7_BOTH,BASELINE_CE,baseline,"{""config_id"": ""BASELINE_CE"", ""family"": ""baseline"", ""kind"": ""baseline""}",6105,,,,318885,37862,"{""N"": 33858, ""S"": 562, ""V"": 3046, ""F"": 396}",3,118.00135469436646,"[[10872, 0, 1117, 11], [97, 80, 204, 1], [170, 0, 572, 0], [13, 0, 2, 3]]",0.47528734140495327,0.26406926406926406,0.18181818181818182,0.2384500745156483,0.9391845196959226,0.3463203463203463,0.4338263177853622,0.18181818181818182,1.0,0.2,0.2094240837696335,0.16666666666666666
STFT_2D,BILSTM2D_T7_BOTH,BASELINE_CE,baseline,"{""config_id"": ""BASELINE_CE"", ""family"": ""baseline"", ""kind"": ""baseline""}",6106,,,,318885,37862,"{""N"": 33858, ""S"": 562, ""V"": 3046, ""F"": 396}",12,188.5923147201538,"[[11530, 18, 439, 13], [107, 78, 197, 0], [205, 39, 494, 4], [13, 0, 1, 4]]",0.5002596666395619,0.2534345087536577,0.20512820512820512,0.24422700587084148,0.9666736533221547,0.30174081237911027,0.5274959957287774,0.20512820512820512,0.5777777777777777,0.19047619047619047,0.20418848167539266,0.2222222222222222
STFT_2D,BILSTM2D_T7_BOTH,BASELINE_CE,baseline,"{""config_id"": ""BASELINE_CE"", ""family"": ""baseline"", ""kind"": ""baseline""}",6107,,,,318885,37862,"{""N"": 33858, ""S"": 562, ""V"": 3046, ""F"": 396}",10,181.86286735534668,"[[10201, 4, 1778, 17], [92, 92, 198, 0], [145, 22, 573, 2], [8, 0, 4, 6]]",0.47595161707943945,0.3235348837209302,0.27906976744186046,0.31742380678550897,0.9089370043660341,0.368,0.3477996965098634,0.27906976744186046,0.7796610169491526,0.24,0.24083769633507854,0.3333333333333333
STFT_2D,BILSTM2D_T7_BOTH,BASELINE_CE,baseline,"{""config_id"": ""BASELINE_CE"", ""family"": ""baseline"", ""kind"": ""baseline""}",6108,,,,318885,37862,"{""N"": 33858, ""S"": 562, ""V"": 3046, ""F"": 396}",12,190.5775122642517,"[[10258, 15, 1718, 9], [121, 99, 162, 0], [173, 33, 534, 2], [15, 0, 0, 3]]",0.4523273091694817,0.28089555765595464,0.1875,0.2498422712933754,0.9091150795409226,0.3742911153119093,0.33840304182509506,0.1875,0.673469387755102,0.21428571428571427,0.2591623036649215,0.16666666666666666
STFT_2D,BILSTM2D_T7_BOTH,BASELINE_CE,baseline,"{""config_id"": ""BASELINE_CE"", ""family"": ""baseline"", ""kind"": ""baseline""}",6109,,,,318885,37862,"{""N"": 33858, ""S"": 562, ""V"": 3046, ""F"": 396}",14,218.92927861213684,"[[11825, 10, 162, 3], [126, 86, 170, 0], [200, 27, 511, 4], [12, 0, 2, 4]]",0.5598019193965923,0.3082280641857289,0.27586206896551724,0.304829419583518,0.9787691925671481,0.3405940594059406,0.643982356647763,0.27586206896551724,0.6991869918699187,0.36363636363636365,0.225130890052356,0.2222222222222222
STFT_2D,BILSTM2D_T7_BOTH,CLASS_WEIGHT_P025,class_weight,"{""config_id"": ""CLASS_WEIGHT_P025"", ""family"": ""class_weight"", ""kind"": ""class_weight"", ""weight_power"": 0.25}",6100,,,,318885,37862,"{""N"": 33858, ""S"": 562, ""V"": 3046, ""F"": 396}",14,206.37095832824707,"[[10431, 17, 1546, 6], [122, 76, 184, 0], [215, 70, 453, 4], [10, 0, 4, 4]]",0.4385258543188946,0.2644495412844037,0.25,0.26366001734605377,0.9158837474756344,0.27889908256880735,0.3093205872311369,0.25,0.4662576687116564,0.2857142857142857,0.19895287958115182,0.2222222222222222
STFT_2D,BILSTM2D_T7_BOTH,CLASS_WEIGHT_P025,class_weight,"{""config_id"": ""CLASS_WEIGHT_P025"", ""family"": ""class_weight"", ""kind"": ""class_weight"", ""weight_power"": 0.25}",6101,,,,318885,37862,"{""N"": 33858, ""S"": 562, ""V"": 3046, ""F"": 396}",11,193.8574936389923,"[[9346, 16, 2628, 10], [71, 99, 212, 0], [136, 21, 582, 3], [8, 0, 7, 3]]",0.42617885220094676,0.2793549852373382,0.17647058823529413,0.24146341463414633,0.8669356708872501,0.38223938223938225,0.27906976744186046,0.17647058823529413,0.7279411764705882,0.1875,0.2591623036649215,0.16666666666666666
STFT_2D,BILSTM2D_T7_BOTH,CLASS_WEIGHT_P025,class_weight,"{""config_id"": ""CLASS_WEIGHT_P025"", ""family"": ""class_weight"", ""kind"": ""class_weight"", ""weight_power"": 0.25}",6102,,,,318885,37862,"{""N"": 33858, ""S"": 562, ""V"": 3046, ""F"": 396}",7,152.59843039512634,"[[10728, 17, 1244, 11], [75, 107, 200, 0], [150, 52, 539, 1], [8, 1, 5, 4]]",0.4868616156671213,0.30906029674839525,0.23529411764705882,0.2914538644875723,0.9344540742998998,0.3828264758497317,0.39487179487179486,0.23529411764705882,0.6045197740112994,0.25,0.2801047120418848,0.2222222222222222
STFT_2D,BILSTM2D_T7_BOTH,CLASS_WEIGHT_P025,class_weight,"{""config_id"": ""CLASS_WEIGHT_P025"", ""family"": ""class_weight"", ""kind"": ""class_weight"", ""weight_power"": 0.25}",6103,,,,318885,37862,"{""N"": 33858, ""S"": 562, ""V"": 3046, ""F"": 396}",1,92.66599535942078,"[[10070, 0, 1927, 3], [121, 72, 188, 1], [203, 2, 533, 4], [13, 0, 1, 4]]",0.44891098631719045,0.2912280701754386,0.26666666666666666,0.2891566265060241,0.8988262596510019,0.3157894736842105,0.3143615452668829,0.26666666666666666,0.972972972972973,0.3333333333333333,0.18848167539267016,0.2222222222222222
STFT_2D,BILSTM2D_T7_BOTH,CLASS_WEIGHT_P025,class_weight,"{""config_id"": ""CLASS_WEIGHT_P025"", ""family"": ""class_weight"", ""kind"": ""class_weight"", ""weight_power"": 0.25}",6104,,,,318885,37862,"{""N"": 33858, ""S"": 562, ""V"": 3046, ""F"": 396}",3,113.30435109138489,"[[9869, 14, 2114, 3], [104, 78, 200, 0], [184, 29, 527, 2], [15, 0, 0, 3]]",0.4313242991307492,0.2704541978895856,0.23076923076923078,0.2646310432569975,0.8902219014973841,0.3101391650099404,0.2941668992464415,0.23076923076923078,0.6446280991735537,0.375,0.20418848167539266,0.16666666666666666
STFT_2D,BILSTM2D_T7_BOTH,CLASS_WEIGHT_P025,class_weight,"{""config_id"": ""CLASS_WEIGHT_P025"", ""family"": ""class_weight"", ""kind"": ""class_weight"", ""weight_power"": 0.25}",6105,,,,318885,37862,"{""N"": 33858, ""S"": 562, ""V"": 3046, ""F"": 396}",3,118.33619427680969,"[[10330, 4, 1641, 25], [96, 86, 200, 0], [156, 4, 578, 4], [11, 0, 2, 5]]",0.45839264266740004,0.2768261150614092,0.19230769230769232,0.2510215995329831,0.9144425264462445,0.36134453781512604,0.3654758141005375,0.19230769230769232,0.9148936170212766,0.14705882352941177,0.225130890052356,0.2777777777777778
STFT_2D,BILSTM2D_T7_BOTH,CLASS_WEIGHT_P025,class_weight,"{""config_id"": ""CLASS_WEIGHT_P025"", ""family"": ""class_weight"", ""kind"": ""class_weight"", ""weight_power"": 0.25}",6106,,,,318885,37862,"{""N"": 33858, ""S"": 562, ""V"": 3046, ""F"": 396}",13,199.63586974143982,"[[11167, 15, 802, 16], [88, 101, 193, 0], [164, 25, 547, 6], [11, 0, 3, 4]]",0.4999074351747317,0.28402572570832607,0.18181818181818182,0.24724602203182375,0.9532223644899701,0.3862332695984704,0.4783559247923043,0.18181818181818182,0.7163120567375887,0.15384615384615385,0.2643979057591623,0.2222222222222222
STFT_2D,BILSTM2D_T7_BOTH,CLASS_WEIGHT_P025,class_weight,"{""config_id"": ""CLASS_WEIGHT_P025"", ""family"": ""class_weight"", ""kind"": ""class_weight"", ""weight_power"": 0.25}",6107,,,,318885,37862,"{""N"": 33858, ""S"": 562, ""V"": 3046, ""F"": 396}",17,246.61212182044983,"[[10257, 10, 1726, 7], [78, 90, 214, 0], [118, 45, 575, 4], [5, 1, 5, 7]]",0.4989452123589638,0.3648989898989899,0.3409090909090909,0.3633217993079585,0.9134384183809778,0.3409090909090909,0.3525444512568976,0.3888888888888889,0.6164383561643836,0.3888888888888889,0.2356020942408377,0.3888888888888889
STFT_2D,BILSTM2D_T7_BOTH,CLASS_WEIGHT_P025,class_weight,"{""config_id"": ""CLASS_WEIGHT_P025"", ""family"": ""class_weight"", ""kind"": ""class_weight"", ""weight_power"": 0.25}",6108,,,,318885,37862,"{""N"": 33858, ""S"": 562, ""V"": 3046, ""F"": 396}",11,182.87615323066711,"[[10481, 15, 1499, 5], [108, 92, 182, 0], [175, 35, 532, 0], [13, 1, 1, 3]]",0.465376411560974,0.2906227106227106,0.23076923076923078,0.2782959415175196,0.9203143521973921,0.3504761904761905,0.35994587280108253,0.23076923076923078,0.6433566433566433,0.375,0.24083769633507854,0.16666666666666666
STFT_2D,BILSTM2D_T7_BOTH,CLASS_WEIGHT_P025,class_weight,"{""config_id"": ""CLASS_WEIGHT_P025"", ""family"": ""class_weight"", ""kind"": ""class_weight"", ""weight_power"": 0.25}",6109,,,,318885,37862,"{""N"": 33858, ""S"": 562, ""V"": 3046, ""F"": 396}",12,193.53029465675354,"[[9682, 19, 2292, 7], [67, 105, 210, 0], [146, 34, 562, 0], [8, 0, 7, 3]]",0.4455088554800169,0.30158730158730157,0.21428571428571427,0.27631578947368424,0.884079806419212,0.3888888888888889,0.2947810123262523,0.21428571428571427,0.6645569620253164,0.3,0.27486910994764396,0.16666666666666666
STFT_2D,BILSTM2D_T7_BOTH,FOCAL_A025_G3,focal,"{""alpha_power"": 0.25, ""config_id"": ""FOCAL_A025_G3"", ""family"": ""focal"", ""gamma"": 3.0, ""kind"": ""focal""}",6100,,,,318885,37862,"{""N"": 33858, ""S"": 562, ""V"": 3046, ""F"": 396}",15,211.77879452705383,"[[9881, 14, 2098, 7], [104, 86, 192, 0], [149, 78, 510, 5], [12, 0, 2, 4]]",0.43064953041364684,0.271218487394958,0.23529411764705882,0.2664601084430674,0.892350763117493,0.30714285714285716,0.2878103837471783,0.23529411764705882,0.48314606741573035,0.25,0.225130890052356,0.2222222222222222
STFT_2D,BILSTM2D_T7_BOTH,FOCAL_A025_G3,focal,"{""alpha_power"": 0.25, ""config_id"": ""FOCAL_A025_G3"", ""family"": ""focal"", ""gamma"": 3.0, ""kind"": ""focal""}",6101,,,,318885,37862,"{""N"": 33858, ""S"": 562, ""V"": 3046, ""F"": 396}",9,184.00039386749268,"[[10020, 19, 1960, 1], [94, 88, 200, 0], [151, 63, 527, 1], [11, 0, 4, 3]]",0.44658828912947574,0.28985507246376807,0.2608695652173913,0.28695652173913044,0.8996229125516251,0.3188405797101449,0.3070200990387416,0.2608695652173913,0.5176470588235295,0.6,0.23036649214659685,0.16666666666666666
STFT_2D,BILSTM2D_T7_BOTH,FOCAL_A025_G3,focal,"{""alpha_power"": 0.25, ""config_id"": ""FOCAL_A025_G3"", ""family"": ""focal"", ""gamma"": 3.0, ""kind"": ""focal""}",6102,,,,318885,37862,"{""N"": 33858, ""S"": 562, ""V"": 3046, ""F"": 396}",12,196.2585289478302,"[[9879, 16, 2092, 13], [75, 102, 205, 0], [126, 26, 584, 6], [11, 0, 3, 4]]",0.44986601708711554,0.291477325419642,0.1951219512195122,0.2596245625198855,0.8943913811054276,0.38783269961977185,0.3221180364037507,0.1951219512195122,0.7083333333333334,0.17391304347826086,0.2670157068062827,0.2222222222222222
STFT_2D,BILSTM2D_T7_BOTH,FOCAL_A025_G3,focal,"{""alpha_power"": 0.25, ""config_id"": ""FOCAL_A025_G3"", ""family"": ""focal"", ""gamma"": 3.0, ""kind"": ""focal""}",6103,,,,318885,37862,"{""N"": 33858, ""S"": 562, ""V"": 3046, ""F"": 396}",11,183.8581519126892,"[[10628, 18, 1330, 24], [102, 84, 196, 0], [158, 47, 530, 7], [11, 0, 1, 6]]",0.4603807054644647,0.26728299948638934,0.21818181818181817,0.2582628747117602,0.9282501419275951,0.3163841807909605,0.37870668095748483,0.21818181818181817,0.5637583892617449,0.16216216216216217,0.2198952879581152,0.3333333333333333
STFT_2D,BILSTM2D_T7_BOTH,FOCAL_A025_G3,focal,"{""alpha_power"": 0.25, ""config_id"": ""FOCAL_A025_G3"", ""family"": ""focal"", ""gamma"": 3.0, ""kind"": ""focal""}",6104,,,,318885,37862,"{""N"": 33858, ""S"": 562, ""V"": 3046, ""F"": 396}",13,207.5887212753296,"[[10152, 19, 1824, 5], [136, 93, 153, 0], [215, 64, 461, 2], [11, 0, 4, 3]]",0.43475769194092473,0.2738095238095238,0.21428571428571427,0.2608695652173913,0.9018388558230435,0.3333333333333333,0.28957286432160806,0.21428571428571427,0.5284090909090909,0.3,0.24345549738219896,0.16666666666666666
STFT_2D,BILSTM2D_T7_BOTH,FOCAL_A025_G3,focal,"{""alpha_power"": 0.25, ""config_id"": ""FOCAL_A025_G3"", ""family"": ""focal"", ""gamma"": 3.0, ""kind"": ""focal""}",6105,,,,318885,37862,"{""N"": 33858, ""S"": 562, ""V"": 3046, ""F"": 396}",9,168.99276852607727,"[[9951, 12, 2004, 33], [95, 82, 205, 0], [142, 21, 576, 3], [8, 0, 5, 5]]",0.43057006619853966,0.24973570234969136,0.1694915254237288,0.2239519322681961,0.8966480446927374,0.3299798792756539,0.3261608154020385,0.1694915254237288,0.7130434782608696,0.12195121951219512,0.21465968586387435,0.2777777777777778
STFT_2D,BILSTM2D_T7_BOTH,FOCAL_A025_G3,focal,"{""alpha_power"": 0.25, ""config_id"": ""FOCAL_A025_G3"", ""family"": ""focal"", ""gamma"": 3.0, ""kind"": ""focal""}",6106,,,,318885,37862,"{""N"": 33858, ""S"": 562, ""V"": 3046, ""F"": 396}",3,117.65588569641113,"[[9854, 19, 2124, 3], [86, 94, 202, 0], [153, 52, 534, 3], [13, 0, 2, 3]]",0.43844378970981623,0.2829575462116596,0.2222222222222222,0.26992103374012916,0.8915226635302633,0.3436928702010969,0.29633740288568255,0.2222222222222222,0.5696969696969697,0.3333333333333333,0.24607329842931938,0.16666666666666666
STFT_2D,BILSTM2D_T7_BOTH,FOCAL_A025_G3,focal,"{""alpha_power"": 0.25, ""config_id"": ""FOCAL_A025_G3"", ""family"": ""focal"", ""gamma"": 3.0, ""kind"": ""focal""}",6107,,,,318885,37862,"{""N"": 33858, ""S"": 562, ""V"": 3046, ""F"": 396}",18,270.5864486694336,"[[11842, 10, 146, 2], [201, 86, 95, 0], [202, 27, 511, 2], [15, 0, 0, 3]]",0.5602302211766483,0.29029702970297033,0.24,0.2815825375170532,0.9762572135201979,0.3405940594059406,0.6840696117804551,0.24,0.6991869918699187,0.42857142857142855,0.225130890052356,0.16666666666666666
STFT_2D,BILSTM2D_T7_BOTH,FOCAL_A025_G3,focal,"{""alpha_power"": 0.25, ""config_id"": ""FOCAL_A025_G3"", ""family"": ""focal"", ""gamma"": 3.0, ""kind"": ""focal""}",6108,,,,318885,37862,"{""N"": 33858, ""S"": 562, ""V"": 3046, ""F"": 396}",27,318.162184715271,"[[10047, 14, 1936, 3], [99, 88, 195, 0], [156, 33, 552, 1], [8, 0, 6, 4]]",0.4676405654896975,0.3240589198036007,0.3076923076923077,0.3232323232323232,0.900672344240251,0.3404255319148936,0.3217720781113378,0.3076923076923077,0.6518518518518519,0.5,0.23036649214659685,0.2222222222222222
STFT_2D,BILSTM2D_T7_BOTH,FOCAL_A025_G3,focal,"{""alpha_power"": 0.25, ""config_id"": ""FOCAL_A025_G3"", ""family"": ""focal"", ""gamma"": 3.0, ""kind"": ""focal""}",6109,,,,318885,37862,"{""N"": 33858, ""S"": 562, ""V"": 3046, ""F"": 396}",17,243.59980940818787,"[[10132, 13, 1850, 5], [133, 69, 179, 1], [180, 30, 526, 6], [12, 0, 1, 5]]",0.44659860505069204,0.2825332562174667,0.2793522267206478,0.28249744114636643,0.9023467070401211,0.2793522267206478,0.31898120072771374,0.2857142857142857,0.6160714285714286,0.29411764705882354,0.1806282722513089,0.2777777777777778
STFT_2D,BILSTM2D_T7_BOTH,FOCAL_A050_G3,focal,"{""alpha_power"": 0.5, ""config_id"": ""FOCAL_A050_G3"", ""family"": ""focal"", ""gamma"": 3.0, ""kind"": ""focal""}",6100,,,,318885,37862,"{""N"": 33858, ""S"": 562, ""V"": 3046, ""F"": 396}",11,179.95201468467712,"[[10155, 16, 1829, 0], [131, 90, 161, 0], [162, 20, 558, 2], [15, 0, 1, 2]]",0.44485226046335274,0.26807444523979956,0.18181818181818182,0.24032042723631508,0.9041534968615056,0.3543307086614173,0.3391066545123063,0.18181818181818182,0.7142857142857143,0.5,0.2356020942408377,0.1111111111111111
STFT_2D,BILSTM2D_T7_BOTH,FOCAL_A050_G3,focal,"{""alpha_power"": 0.5, ""config_id"": ""FOCAL_A050_G3"", ""family"": ""focal"", ""gamma"": 3.0, ""kind"": ""focal""}",6101,,,,318885,37862,"{""N"": 33858, ""S"": 562, ""V"": 3046, ""F"": 396}",11,201.81476378440857,"[[9995, 19, 1980, 6], [69, 93, 220, 0], [112, 33, 597, 0], [9, 0, 7, 2]]",0.43614100817228874,0.25339366515837103,0.15384615384615385,0.21428571428571433,0.9010592742844264,0.35294117647058826,0.33671742808798644,0.15384615384615385,0.6413793103448275,0.25,0.24345549738219896,0.1111111111111111
STFT_2D,BILSTM2D_T7_BOTH,FOCAL_A050_G3,focal,"{""alpha_power"": 0.5, ""config_id"": ""FOCAL_A050_G3"", ""family"": ""focal"", ""gamma"": 3.0, ""kind"": ""focal""}",6102,,,,318885,37862,"{""N"": 33858, ""S"": 562, ""V"": 3046, ""F"": 396}",31,322.9847683906555,"[[10206, 20, 1757, 17], [107, 85, 190, 0], [135, 46, 557, 4], [11, 0, 2, 5]]",0.44951462600750314,0.27311103530615727,0.22727272727272727,0.26541764246682276,0.9088561378511956,0.31894934333958724,0.34298029556650245,0.22727272727272727,0.5629139072847682,0.19230769230769232,0.22251308900523561,0.2777777777777778
STFT_2D,BILSTM2D_T7_BOTH,FOCAL_A050_G3,focal,"{""alpha_power"": 0.5, ""config_id"": ""FOCAL_A050_G3"", ""family"": ""focal"", ""gamma"": 3.0, ""kind"": ""focal""}",6103,,,,318885,37862,"{""N"": 33858, ""S"": 562, ""V"": 3046, ""F"": 396}",19,251.4357340335846,"[[11214, 19, 750, 17], [54, 93, 235, 0], [116, 49, 574, 3], [6, 0, 7, 5]]",0.507842808786536,0.28754978799948605,0.23255813953488372,0.2770330652368186,0.9588713125267209,0.3425414364640884,0.49740034662045063,0.23255813953488372,0.577639751552795,0.2,0.24345549738219896,0.2777777777777778
STFT_2D,BILSTM2D_T7_BOTH,FOCAL_A050_G3,focal,"{""alpha_power"": 0.5, ""config_id"": ""FOCAL_A050_G3"", ""family"": ""focal"", ""gamma"": 3.0, ""kind"": ""focal""}",6104,,,,318885,37862,"{""N"": 33858, ""S"": 562, ""V"": 3046, ""F"": 396}",12,198.55070543289185,"[[9805, 19, 2176, 0], [87, 93, 202, 0], [139, 58, 545, 0], [14, 0, 2, 2]]",0.43093658524667017,0.2684782608695652,0.2,0.25101214574898784,0.8895441143116353,0.33695652173913043,0.2972457049359149,0.2,0.5470588235294118,1.0,0.24345549738219896,0.1111111111111111
STFT_2D,BILSTM2D_T7_BOTH,FOCAL_A050_G3,focal,"{""alpha_power"": 0.5, ""config_id"": ""FOCAL_A050_G3"", ""family"": ""focal"", ""gamma"": 3.0, ""kind"": ""focal""}",6105,,,,318885,37862,"{""N"": 33858, ""S"": 562, ""V"": 3046, ""F"": 396}",9,177.91273760795593,"[[10592, 18, 1386, 4], [100, 80, 199, 3], [132, 21, 586, 3], [9, 0, 3, 6]]",0.5005007151159854,0.33615122695784905,0.3193612774451098,0.33531260915123995,0.9277799675907678,0.3193612774451098,0.401920438957476,0.35294117647058826,0.6722689075630253,0.375,0.2094240837696335,0.3333333333333333
STFT_2D,BILSTM2D_T7_BOTH,FOCAL_A050_G3,focal,"{""alpha_power"": 0.5, ""config_id"": ""FOCAL_A050_G3"", ""family"": ""focal"", ""gamma"": 3.0, ""kind"": ""focal""}",6106,,,,318885,37862,"{""N"": 33858, ""S"": 562, ""V"": 3046, ""F"": 396}",15,224.89723563194275,"[[11953, 13, 11, 23], [206, 90, 86, 0], [289, 39, 390, 24], [15, 0, 0, 3]]",0.5109099979399183,0.21587337224966324,0.08823529411764706,0.14040561622464898,0.9772309201651473,0.3435114503816794,0.6346623270951993,0.08823529411764706,0.6338028169014085,0.06,0.2356020942408377,0.16666666666666666
STFT_2D,BILSTM2D_T7_BOTH,FOCAL_A050_G3,focal,"{""alpha_power"": 0.5, ""config_id"": ""FOCAL_A050_G3"", ""family"": ""focal"", ""gamma"": 3.0, ""kind"": ""focal""}",6107,,,,318885,37862,"{""N"": 33858, ""S"": 562, ""V"": 3046, ""F"": 396}",16,248.8697018623352,"[[9808, 13, 2171, 8], [73, 102, 207, 0], [138, 26, 576, 2], [12, 0, 2, 4]]",0.4604897091512715,0.3200286806883365,0.25,0.30470500373412995,0.8903817348281966,0.390057361376673,0.31151974040021635,0.25,0.723404255319149,0.2857142857142857,0.2670157068062827,0.2222222222222222
STFT_2D,BILSTM2D_T7_BOTH,FOCAL_A050_G3,focal,"{""alpha_power"": 0.5, ""config_id"": ""FOCAL_A050_G3"", ""family"": ""focal"", ""gamma"": 3.0, ""kind"": ""focal""}",6108,,,,318885,37862,"{""N"": 33858, ""S"": 562, ""V"": 3046, ""F"": 396}",14,220.16283893585205,"[[9842, 18, 2138, 2], [88, 81, 213, 0], [115, 28, 595, 4], [10, 0, 5, 3]]",0.4388051557545798,0.27024667103252564,0.2222222222222222,0.2617124394184168,0.8924960326456586,0.3182711198428291,0.32223124830760896,0.2222222222222222,0.6377952755905512,0.3333333333333333,0.21204188481675393,0.16666666666666666
STFT_2D,BILSTM2D_T7_BOTH,FOCAL_A050_G3,focal,"{""alpha_power"": 0.5, ""config_id"": ""FOCAL_A050_G3"", ""family"": ""focal"", ""gamma"": 3.0, ""kind"": ""focal""}",6109,,,,318885,37862,"{""N"": 33858, ""S"": 562, ""V"": 3046, ""F"": 396}",22,292.7139108181,"[[10500, 21, 1467, 12], [144, 117, 121, 0], [169, 99, 472, 2], [12, 0, 2, 4]]",0.46423925613678896,0.30012565069107877,0.2222222222222222,0.2799043062200957,0.9200438116100766,0.3780290791599354,0.33666191155492153,0.2222222222222222,0.4936708860759494,0.2222222222222222,0.306282722513089,0.2222222222222222
STFT_2D,BILSTM2D_T7_BOTH,SAMPLER_P050,sampler,"{""config_id"": ""SAMPLER_P050"", ""family"": ""sampler"", ""kind"": ""sampler"", ""sampler_power"": 0.5}",6100,,,,318885,37862,"{""N"": 33858, ""S"": 562, ""V"": 3046, ""F"": 396}",1,93.41180753707886,"[[10205, 0, 1715, 80], [111, 36, 228, 7], [141, 8, 533, 60], [9, 0, 3, 6]]",0.36965664363162015,0.11959476155176674,0.07017543859649122,0.09917355371900827,0.908483931273925,0.16901408450704225,0.33095312014902206,0.07017543859649122,0.8181818181818182,0.0392156862745098,0.09424083769633508,0.3333333333333333
STFT_2D,BILSTM2D_T7_BOTH,SAMPLER_P050,sampler,"{""config_id"": ""SAMPLER_P050"", ""family"": ""sampler"", ""kind"": ""sampler"", ""sampler_power"": 0.5}",6101,,,,318885,37862,"{""N"": 33858, ""S"": 562, ""V"": 3046, ""F"": 396}",8,166.04192733764648,"[[10142, 16, 1808, 34], [93, 99, 190, 0], [156, 51, 521, 14], [7, 0, 6, 5]]",0.43168063954093566,0.25107946951783694,0.14084507042253522,0.2026819531170028,0.9056165729082953,0.3613138686131387,0.3189470462197735,0.14084507042253522,0.5963855421686747,0.09433962264150944,0.2591623036649215,0.2777777777777778
STFT_2D,BILSTM2D_T7_BOTH,SAMPLER_P050,sampler,"{""config_id"": ""SAMPLER_P050"", ""family"": ""sampler"", ""kind"": ""sampler"", ""sampler_power"": 0.5}",6102,,,,318885,37862,"{""N"": 33858, ""S"": 562, ""V"": 3046, ""F"": 396}",1,93.13228130340576,"[[10262, 14, 1720, 4], [100, 95, 187, 0], [178, 119, 441, 4], [15, 2, 0, 1]]",0.39498048268676667,0.19226579520697168,0.07407407407407407,0.1196096946805162,0.9099534471292396,0.3104575163398693,0.2854368932038835,0.07407407407407407,0.41304347826086957,0.1111111111111111,0.2486910994764398,0.05555555555555555
STFT_2D,BILSTM2D_T7_BOTH,SAMPLER_P050,sampler,"{""config_id"": ""SAMPLER_P050"", ""family"": ""sampler"", ""kind"": ""sampler"", ""sampler_power"": 0.5}",6103,,,,318885,37862,"{""N"": 33858, ""S"": 562, ""V"": 3046, ""F"": 396}",9,161.91909980773926,"[[10708, 16, 1248, 28], [102, 99, 181, 0], [175, 134, 432, 1], [16, 0, 0, 2]]",0.41460873665184395,0.1977101458650021,0.08163265306122448,0.1295599541959758,0.931089952610756,0.31378763866877973,0.33192470226661547,0.08163265306122448,0.39759036144578314,0.06451612903225806,0.2591623036649215,0.1111111111111111
STFT_2D,BILSTM2D_T7_BOTH,SAMPLER_P050,sampler,"{""config_id"": ""SAMPLER_P050"", ""family"": ""sampler"", ""kind"": ""sampler"", ""sampler_power"": 0.5}",6104,,,,318885,37862,"{""N"": 33858, ""S"": 562, ""V"": 3046, ""F"": 396}",2,106.12726974487305,"[[10393, 17, 1572, 18], [76, 104, 202, 0], [168, 33, 536, 5], [12, 0, 2, 4]]",0.45864931356866434,0.28291873963515757,0.17777777777777778,0.24384525205158267,0.9177447127908517,0.3880597014925373,0.3510150622134905,0.17777777777777778,0.6753246753246753,0.14814814814814814,0.27225130890052357,0.2222222222222222
STFT_2D,BILSTM2D_T7_BOTH,SAMPLER_P050,sampler,"{""config_id"": ""SAMPLER_P050"", ""family"": ""sampler"", ""kind"": ""sampler"", ""sampler_power"": 0.5}",6105,,,,318885,37862,"{""N"": 33858, ""S"": 562, ""V"": 3046, ""F"": 396}",1,94.14603972434998,"[[10658, 16, 1293, 33], [77, 102, 203, 0], [145, 44, 553, 0], [12, 2, 2, 2]]",0.4440607588298112,0.22454903586979058,0.07547169811320754,0.12557710064635272,0.9311549886423205,0.37362637362637363,0.39598997493734334,0.07547169811320754,0.6219512195121951,0.05714285714285714,0.2670157068062827,0.1111111111111111
STFT_2D,BILSTM2D_T7_BOTH,SAMPLER_P050,sampler,"{""config_id"": ""SAMPLER_P050"", ""family"": ""sampler"", ""kind"": ""sampler"", ""sampler_power"": 0.5}",6106,,,,318885,37862,"{""N"": 33858, ""S"": 562, ""V"": 3046, ""F"": 396}",4,119.49459385871887,"[[10042, 18, 1903, 37], [85, 105, 192, 0], [151, 32, 555, 4], [9, 1, 3, 5]]",0.443672277552008,0.2732922862453532,0.15625,0.22316684378320933,0.9011531386009781,0.3903345724907063,0.3269513991163476,0.15625,0.6730769230769231,0.10869565217391304,0.27486910994764396,0.2777777777777778
STFT_2D,BILSTM2D_T7_BOTH,SAMPLER_P050,sampler,"{""config_id"": ""SAMPLER_P050"", ""family"": ""sampler"", ""kind"": ""sampler"", ""sampler_power"": 0.5}",6107,,,,318885,37862,"{""N"": 33858, ""S"": 562, ""V"": 3046, ""F"": 396}",11,194.6070110797882,"[[10385, 18, 1444, 153], [92, 86, 202, 2], [185, 53, 475, 29], [8, 1, 5, 4]]",0.4011958872160715,0.1786767349874146,0.038834951456310676,0.06922922117126182,0.9161887957653286,0.31851851851851853,0.3312412831241283,0.038834951456310676,0.5443037974683544,0.02127659574468085,0.225130890052356,0.2222222222222222
STFT_2D,BILSTM2D_T7_BOTH,SAMPLER_P050,sampler,"{""config_id"": ""SAMPLER_P050"", ""family"": ""sampler"", ""kind"": ""sampler"", ""sampler_power"": 0.5}",6108,,,,318885,37862,"{""N"": 33858, ""S"": 562, ""V"": 3046, ""F"": 396}",10,173.14095997810364,"[[10315, 15, 1611, 59], [99, 91, 192, 0], [156, 50, 525, 11], [8, 0, 5, 5]]",0.42525039520509755,0.22290842227285446,0.10752688172043011,0.16318479332914912,0.913721321640535,0.3382899628252788,0.34146341463414637,0.10752688172043011,0.5833333333333334,0.06666666666666667,0.23821989528795812,0.2777777777777778
STFT_2D,BILSTM2D_T7_BOTH,SAMPLER_P050,sampler,"{""config_id"": ""SAMPLER_P050"", ""family"": ""sampler"", ""kind"": ""sampler"", ""sampler_power"": 0.5}",6109,,,,318885,37862,"{""N"": 33858, ""S"": 562, ""V"": 3046, ""F"": 396}",5,134.05438542366028,"[[10157, 16, 1710, 117], [72, 104, 205, 1], [226, 63, 453, 0], [14, 0, 1, 3]]",0.4016554567018799,0.20565353027312663,0.04316546762589928,0.07727075722865458,0.9040900796653166,0.368141592920354,0.29122468659594986,0.04316546762589928,0.5683060109289617,0.024793388429752067,0.27225130890052357,0.16666666666666666
STFT_2D,BILSTM2D_T7_BOTH,SMOTE_X5,smote,"{""config_id"": ""SMOTE_X5"", ""family"": ""smote"", ""kind"": ""smote"", ""smote_factor"": 5}",6100,416100,,,318885,41694,"{""N"": 33858, ""S"": 2810, ""V"": 3046, ""F"": 1980}",2,110.1573851108551,"[[11395, 7, 566, 32], [114, 98, 170, 0], [260, 147, 318, 17], [14, 0, 0, 4]]",0.4335480190710334,0.21091216066112767,0.11267605633802817,0.1651569412260375,0.9582474877012992,0.30914826498422715,0.35412026726057905,0.11267605633802817,0.3888888888888889,0.07547169811320754,0.25654450261780104,0.2222222222222222
STFT_2D,BILSTM2D_T7_BOTH,SMOTE_X5,smote,"{""config_id"": ""SMOTE_X5"", ""family"": ""smote"", ""kind"": ""smote"", ""smote_factor"": 5}",6101,416101,,,318885,41694,"{""N"": 33858, ""S"": 2810, ""V"": 3046, ""F"": 1980}",3,130.45588994026184,"[[10388, 6, 1545, 61], [117, 81, 184, 0], [178, 28, 527, 9], [12, 0, 0, 6]]",0.43015673776588426,0.22680765443726186,0.1276595744680851,0.18346545866364666,0.9154439303811412,0.32595573440643866,0.35156771180787194,0.1276595744680851,0.7043478260869566,0.07894736842105263,0.21204188481675393,0.3333333333333333
STFT_2D,BILSTM2D_T7_BOTH,SMOTE_X5,smote,"{""config_id"": ""SMOTE_X5"", ""family"": ""smote"", ""kind"": ""smote"", ""smote_factor"": 5}",6102,416102,,,318885,41694,"{""N"": 33858, ""S"": 2810, ""V"": 3046, ""F"": 1980}",2,110.41568803787231,"[[10163, 5, 1827, 5], [63, 106, 213, 0], [173, 20, 547, 2], [13, 0, 2, 3]]",0.4657239593803474,0.313770537454748,0.21428571428571427,0.28222764588418014,0.9069248616812422,0.41325536062378165,0.32842990093065144,0.21428571428571427,0.8091603053435115,0.3,0.2774869109947644,0.16666666666666666
STFT_2D,BILSTM2D_T7_BOTH,SMOTE_X5,smote,"{""config_id"": ""SMOTE_X5"", ""family"": ""smote"", ""kind"": ""smote"", ""smote_factor"": 5}",6103,416103,,,318885,41694,"{""N"": 33858, ""S"": 2810, ""V"": 3046, ""F"": 1980}",4,129.4341185092926,"[[10466, 9, 1505, 20], [84, 106, 192, 0], [157, 18, 567, 0], [9, 0, 4, 5]]",0.4856044644203583,0.32210431248588844,0.23255813953488372,0.2972101500070097,0.9214650466631449,0.4116504854368932,0.3767441860465116,0.23255813953488372,0.7969924812030075,0.2,0.2774869109947644,0.2777777777777778
STFT_2D,BILSTM2D_T7_BOTH,SMOTE_X5,smote,"{""config_id"": ""SMOTE_X5"", ""family"": ""smote"", ""kind"": ""smote"", ""smote_factor"": 5}",6104,416104,,,318885,41694,"{""N"": 33858, ""S"": 2810, ""V"": 3046, ""F"": 1980}",9,175.66896224021912,"[[9729, 11, 2210, 50], [83, 99, 200, 0], [137, 25, 564, 16], [6, 0, 5, 7]]",0.43155913958984715,0.2684124386252046,0.15384615384615385,0.21951219512195122,0.8862673650649054,0.3829787234042553,0.30314431604407416,0.15384615384615385,0.7333333333333333,0.0958904109589041,0.2591623036649215,0.3888888888888889
STFT_2D,BILSTM2D_T7_BOTH,SMOTE_X5,smote,"{""config_id"": ""SMOTE_X5"", ""family"": ""smote"", ""kind"": ""smote"", ""smote_factor"": 5}",6105,416105,,,318885,41694,"{""N"": 33858, ""S"": 2810, ""V"": 3046, ""F"": 1980}",1,103.7364113330841,"[[9793, 4, 2186, 17], [110, 71, 201, 0], [150, 27, 563, 2], [13, 0, 2, 3]]",0.40895423803225533,0.22169421487603308,0.15,0.19850885368126747,0.8876098975799873,0.29338842975206614,0.30481862479696803,0.15,0.696078431372549,0.13636363636363635,0.18586387434554974,0.16666666666666666
STFT_2D,BILSTM2D_T7_BOTH,SMOTE_X5,smote,"{""config_id"": ""SMOTE_X5"", ""family"": ""smote"", ""kind"": ""smote"", ""smote_factor"": 5}",6106,416106,,,318885,41694,"{""N"": 33858, ""S"": 2810, ""V"": 3046, ""F"": 1980}",10,184.44908952713013,"[[10117, 16, 1859, 8], [92, 100, 190, 0], [146, 41, 535, 20], [6, 1, 6, 5]]",0.4481140708945703,0.28322440087145967,0.19607843137254902,0.2564102564102564,0.9048790304548097,0.37037037037037035,0.32112845138055224,0.19607843137254902,0.6329113924050633,0.15151515151515152,0.2617801047120419,0.2777777777777778
STFT_2D,BILSTM2D_T7_BOTH,SMOTE_X5,smote,"{""config_id"": ""SMOTE_X5"", ""family"": ""smote"", ""kind"": ""smote"", ""smote_factor"": 5}",6107,416107,,,318885,41694,"{""N"": 33858, ""S"": 2810, ""V"": 3046, ""F"": 1980}",3,129.3424665927887,"[[10259, 2, 1731, 8], [78, 98, 206, 0], [215, 21, 505, 1], [15, 0, 1, 2]]",0.43847705670216724,0.26379653115788027,0.13793103448275862,0.20374220374220375,0.9092037045243054,0.38966202783300197,0.31711145996860285,0.13793103448275862,0.8099173553719008,0.18181818181818182,0.25654450261780104,0.1111111111111111
STFT_2D,BILSTM2D_T7_BOTH,SMOTE_X5,smote,"{""config_id"": ""SMOTE_X5"", ""family"": ""smote"", ""kind"": ""smote"", ""smote_factor"": 5}",6108,416108,,,318885,41694,"{""N"": 33858, ""S"": 2810, ""V"": 3046, ""F"": 1980}",5,142.5643982887268,"[[10136, 14, 1824, 26], [103, 110, 169, 0], [185, 195, 360, 2], [12, 0, 0, 6]]",0.4201969387315096,0.2723033029737737,0.23076923076923078,0.2659681644166835,0.9035478694954537,0.31383737517831667,0.23263327948303716,0.23076923076923078,0.3448275862068966,0.17647058823529413,0.2879581151832461,0.3333333333333333
STFT_2D,BILSTM2D_T7_BOTH,SMOTE_X5,smote,"{""config_id"": ""SMOTE_X5"", ""family"": ""smote"", ""kind"": ""smote"", ""smote_factor"": 5}",6109,416109,,,318885,41694,"{""N"": 33858, ""S"": 2810, ""V"": 3046, ""F"": 1980}",11,205.20253038406372,"[[10663, 9, 1311, 17], [83, 83, 216, 0], [156, 31, 549, 6], [8, 1, 6, 3]]",0.4460242405707697,0.23221343873517786,0.13636363636363635,0.19264990328820114,0.93085988651244,0.32806324110671936,0.3888101983002833,0.13636363636363635,0.6693548387096774,0.11538461538461539,0.21727748691099477,0.16666666666666666
STFT_2D,BILSTM2D_T7_BOTH,WGAN_GP_X5,wgan_gp,"{""config_id"": ""WGAN_GP_X5"", ""family"": ""wgan_gp"", ""kind"": ""wgan_gp"", ""wgan_factor"": 5}",6100,1130000,1130000,1,318885,41694,"{""N"": 33858, ""S"": 2810, ""V"": 3046, ""F"": 1980}",8,172.21623253822327,"[[11616, 8, 375, 1], [160, 99, 123, 0], [188, 53, 497, 4], [13, 0, 1, 4]]",0.5506150637757778,0.3308049747164138,0.2962962962962963,0.32720512290849,0.9689285565333444,0.36531365313653136,0.571921749136939,0.2962962962962963,0.61875,0.4444444444444444,0.2591623036649215,0.2222222222222222
STFT_2D,BILSTM2D_T7_BOTH,WGAN_GP_X5,wgan_gp,"{""config_id"": ""WGAN_GP_X5"", ""family"": ""wgan_gp"", ""kind"": ""wgan_gp"", ""wgan_factor"": 5}",6101,1130100,1130100,1,318885,41694,"{""N"": 33858, ""S"": 2810, ""V"": 3046, ""F"": 1980}",4,139.12080240249634,"[[10148, 2, 1846, 4], [114, 72, 196, 0], [156, 19, 556, 11], [11, 0, 2, 5]]",0.45098764628318794,0.2831578947368421,0.2631578947368421,0.28174525533163763,0.9048999063712159,0.3031578947368421,0.3327348892878516,0.2631578947368421,0.7741935483870968,0.25,0.18848167539267016,0.2777777777777778
STFT_2D,BILSTM2D_T7_BOTH,WGAN_GP_X5,wgan_gp,"{""config_id"": ""WGAN_GP_X5"", ""family"": ""wgan_gp"", ""kind"": ""wgan_gp"", ""wgan_factor"": 5}",6102,1130200,1130200,1,318885,41694,"{""N"": 33858, ""S"": 2810, ""V"": 3046, ""F"": 1980}",7,155.26429867744446,"[[10904, 13, 1076, 7], [124, 82, 176, 0], [169, 42, 524, 7], [10, 1, 2, 5]]",0.48531109159691055,0.29282744282744283,0.2702702702702703,0.29108981185658506,0.9397164648597406,0.3153846153846154,0.4158730158730159,0.2702702702702703,0.5942028985507246,0.2631578947368421,0.21465968586387435,0.2777777777777778
STFT_2D,BILSTM2D_T7_BOTH,WGAN_GP_X5,wgan_gp,"{""config_id"": ""WGAN_GP_X5"", ""family"": ""wgan_gp"", ""kind"": ""wgan_gp"", ""wgan_factor"": 5}",6103,1130300,1130300,1,318885,41694,"{""N"": 33858, ""S"": 2810, ""V"": 3046, ""F"": 1980}",16,245.54754948616028,"[[10450, 15, 1526, 9], [121, 94, 166, 1], [183, 47, 509, 3], [10, 1, 2, 5]]",0.47258969826532493,0.31328592042877756,0.2777777777777778,0.30926139167626254,0.918116324020383,0.34879406307977734,0.34567062818336164,0.2777777777777778,0.5987261146496815,0.2777777777777778,0.24607329842931938,0.2777777777777778
STFT_2D,BILSTM2D_T7_BOTH,WGAN_GP_X5,wgan_gp,"{""config_id"": ""WGAN_GP_X5"", ""family"": ""wgan_gp"", ""kind"": ""wgan_gp"", ""wgan_factor"": 5}",6104,1130400,1130400,1,318885,41694,"{""N"": 33858, ""S"": 2810, ""V"": 3046, ""F"": 1980}",14,224.40055108070374,"[[10250, 7, 1740, 3], [101, 78, 202, 1], [142, 28, 569, 3], [9, 0, 6, 3]]",0.4474135568073602,0.2647186147186147,0.21428571428571427,0.25511038430089944,0.9110301306550529,0.3151515151515151,0.34918686713715863,0.21428571428571427,0.6902654867256637,0.3,0.20418848167539266,0.16666666666666666
STFT_2D,BILSTM2D_T7_BOTH,WGAN_GP_X5,wgan_gp,"{""config_id"": ""WGAN_GP_X5"", ""family"": ""wgan_gp"", ""kind"": ""wgan_gp"", ""wgan_factor"": 5}",6105,1130500,1130500,1,318885,41694,"{""N"": 33858, ""S"": 2810, ""V"": 3046, ""F"": 1980}",25,336.8828537464142,"[[10116, 6, 1875, 3], [133, 73, 176, 0], [147, 19, 575, 1], [10, 0, 4, 4]]",0.46396882083180585,0.3059294871794872,0.30416666666666664,0.30591932949188055,0.902972418102294,0.30416666666666664,0.34104389086595494,0.3076923076923077,0.7448979591836735,0.5,0.19109947643979058,0.2222222222222222
STFT_2D,BILSTM2D_T7_BOTH,WGAN_GP_X5,wgan_gp,"{""config_id"": ""WGAN_GP_X5"", ""family"": ""wgan_gp"", ""kind"": ""wgan_gp"", ""wgan_factor"": 5}",6106,1130600,1130600,1,318885,41694,"{""N"": 33858, ""S"": 2810, ""V"": 3046, ""F"": 1980}",7,156.80208277702332,"[[11254, 17, 723, 6], [150, 81, 151, 0], [228, 52, 453, 9], [13, 0, 1, 4]]",0.47758059441591794,0.2603637472058525,0.21621621621621623,0.2528780487804878,0.9519137238316769,0.30451127819548873,0.43768115942028984,0.21621621621621623,0.54,0.21052631578947367,0.21204188481675393,0.2222222222222222
STFT_2D,BILSTM2D_T7_BOTH,WGAN_GP_X5,wgan_gp,"{""config_id"": ""WGAN_GP_X5"", ""family"": ""wgan_gp"", ""kind"": ""wgan_gp"", ""wgan_factor"": 5}",6107,1130700,1130700,1,318885,41694,"{""N"": 33858, ""S"": 2810, ""V"": 3046, ""F"": 1980}",9,192.0839991569519,"[[9950, 1, 2042, 7], [90, 97, 195, 0], [160, 16, 562, 4], [11, 0, 3, 4]]",0.4616653717200643,0.31677663734115347,0.24242424242424243,0.29932497589199614,0.8959524559902751,0.3911290322580645,0.31715575620767494,0.24242424242424243,0.8508771929824561,0.26666666666666666,0.25392670157068065,0.2222222222222222
STFT_2D,BILSTM2D_T7_BOTH,WGAN_GP_X5,wgan_gp,"{""config_id"": ""WGAN_GP_X5"", ""family"": ""wgan_gp"", ""kind"": ""wgan_gp"", ""wgan_factor"": 5}",6108,1130800,1130800,1,318885,41694,"{""N"": 33858, ""S"": 2810, ""V"": 3046, ""F"": 1980}",10,191.09241485595703,"[[10309, 16, 1675, 0], [119, 78, 185, 0], [180, 27, 532, 3], [9, 0, 6, 3]]",0.4526519562337897,0.28006958250497016,0.25,0.2768411712511092,0.911615156740505,0.3101391650099404,0.33885350318471336,0.25,0.6446280991735537,0.5,0.20418848167539266,0.16666666666666666
STFT_2D,BILSTM2D_T7_BOTH,WGAN_GP_X5,wgan_gp,"{""config_id"": ""WGAN_GP_X5"", ""family"": ""wgan_gp"", ""kind"": ""wgan_gp"", ""wgan_factor"": 5}",6109,1130900,1130900,1,318885,41694,"{""N"": 33858, ""S"": 2810, ""V"": 3046, ""F"": 1980}",11,213.67781472206116,"[[9735, 8, 2251, 6], [101, 84, 197, 0], [125, 20, 594, 3], [7, 0, 7, 4]]",0.44945210391141177,0.29907274389447563,0.25806451612903225,0.2934497816593886,0.8862891478514202,0.340080971659919,0.31337378000527566,0.25806451612903225,0.75,0.3076923076923077,0.2198952879581152,0.2222222222222222
