representation,config_id,role,record_id,n_seeds,n_beats,Accuracy_mean,Macro_F1_present_classes_mean,Rare_Macro_present_classes_mean,Min_Rare_present_classes_mean,Precision_N_mean,Recall_N_mean,F1_N_mean,Precision_S_mean,Recall_S_mean,F1_S_mean,Precision_V_mean,Recall_V_mean,F1_V_mean,Precision_F_mean,Recall_F_mean,F1_F_mean,Accuracy_std,Macro_F1_present_classes_std,Rare_Macro_present_classes_std,Min_Rare_present_classes_std,Precision_N_std,Recall_N_std,F1_N_std,Precision_S_std,Recall_S_std,F1_S_std,Precision_V_std,Recall_V_std,F1_V_std,Precision_F_std,Recall_F_std,F1_F_std,Support_N,Support_S,Support_V,Support_F
RAW_1D,BASELINE_CE,baseline,213,10,3250,0.7919384615384615,0.39808864698062046,0.07799237434820182,0.005773911857815298,0.8366109063382492,0.9350378787878787,0.8819117184849544,0.23218971857310794,0.20357142857142857,0.15021083683858832,0.8049603911089045,0.44772727272727275,0.5544581207411239,0.06666666666666667,0.0030386740331491712,0.005773911857815298,0.0635256583611454,0.05734359364229944,0.09600858992711847,0.011170038944262415,0.013811381934147693,0.07866845593429304,0.04171781475257211,0.3196454681260463,0.1552647508520297,0.19525634049628343,0.13300517668174036,0.12577126614053466,0.049406517695290864,0.11653431646335018,0.005888868123506255,0.011170038944262415,2640,28,220,362
RAW_1D,BASELINE_CE,baseline,233,10,3077,0.8155671108222295,0.4598313623054288,0.08093914853027437,0.046037877873715743,0.932056583314256,0.8226558995065052,0.854849393089226,0.0557965367965368,0.2,0.07632962969061367,0.8522137562048474,0.8089156626506024,0.8225977590719407,0.06499454444419736,0.2727272727272727,0.08554866736993506,0.18382830896463798,0.09040820283237778,0.06493835850584713,0.056498165979272146,0.04509236158154634,0.2386540640114463,0.18403141285687163,0.0552723594764146,0.18070158058105026,0.06910371929900368,0.1563432639304698,0.1139588927987428,0.11507963864290432,0.08831843166039098,0.14845392380504105,0.10779021505657907,2229,7,830,11
RAW_1D,BASELINE_CE,baseline,210,10,2648,0.8958836858006043,0.4573370244676499,0.06861114175355662,0.0,0.9772563945691399,0.915737298636927,0.943466916594223,0.13079934558195427,0.16818181818181815,0.13722228350711324,0.7452249646987039,0.7774358974358975,0.7486588977692634,0.0,0.0,0.0,0.07939201630211211,0.037802177288828655,0.04447226742680537,0.0,0.004378143247805293,0.08799170027335526,0.05157577488040447,0.09861459829414702,0.09103526597454425,0.08894453485361074,0.17117842247282145,0.04096862134412376,0.10724266197997766,0.0,0.0,0.0,2421,22,195,10
RAW_1D,BASELINE_CE,baseline,200,10,2600,0.9465769230769231,0.5661373842883698,0.18052658246923986,0.0,0.9652779181927821,0.9915614236509759,0.978196959018927,0.2727299603327744,0.65,0.3610531649384797,0.9989334944393755,0.8647699757869249,0.9252994131960725,0.0,0.0,0.0,0.026231940971898907,0.038965839756147334,0.06241857221991813,0.0,0.012092114069323279,0.00589814240075936,0.006542133949736631,0.10348652529711473,0.22180516419641255,0.12483714443983626,0.002938442177392665,0.07580546711898073,0.04630403709819857,0.0,0.0,0.0,1742,30,826,2
RAW_1D,BASELINE_CE,baseline,202,10,2136,0.9198501872659175,0.45532994412891536,0.13182414183954347,0.0,0.98558294842233,0.9350800582241631,0.959500044962512,0.2317548555636463,0.3618181818181818,0.26364828367908694,0.46653616931261616,0.9315789473684211,0.5981714478740626,0.0,0.0,0.0,0.02237285701628604,0.041358933081837884,0.03774043285259359,0.0,0.0032013102798874836,0.024057377433397687,0.011819846230932064,0.1390873603161669,0.09406638532698516,0.07548086570518718,0.20319437567280565,0.04993069989739545,0.19186626746806495,0.0,0.0,0.0,2061,55,19,1
RAW_1D,BASELINE_CE,baseline,219,10,2154,0.7941968430826369,0.30361374146210346,0.0,0.0,0.9952388334545335,0.7944764649375601,0.8792100103137195,0.0,0.0,0.0,0.2441748323409479,0.884375,0.33524495553469424,0.0,0.0,0.0,0.11507659744420987,0.07895539520076737,0.0,0.0,0.0016666572952591077,0.11907113247547411,0.07284035672444865,0.0,0.0,0.0,0.243054695579208,0.010925092168439064,0.24880607248715988,0.0,0.0,0.0,2082,7,64,1
RAW_1D,BASELINE_CE,baseline,214,10,2258,0.816607617360496,0.5012084541618068,0.0,0.0,0.9954689833910756,0.8245877061469266,0.8892085924809635,0.0,,,0.5549307732320118,0.757421875,0.6144167700044572,0.0,0.0,0.0,0.16945497744114935,0.10277636748684055,0.0,0.0,0.007722256662515445,0.1919334002669473,0.13654486150250386,0.0,,,0.23667164036798535,0.07253083373605956,0.19053498676378483,0.0,0.0,0.0,2001,0,256,1
RAW_1D,FOCAL_A025_G3,selected_on_DS1,213,10,3250,0.8274461538461539,0.40093930998438776,0.07928169996559149,0.01031293364633867,0.8466549799364135,0.9805681818181817,0.9085685644733752,0.21410887961144714,0.13214285714285715,0.14423290625822272,0.7523191027982836,0.4268181818181819,0.5366252755329928,0.08723227450436426,0.008011049723756904,0.014330493672960288,0.028439973350113407,0.06015361674720434,0.09185505274987155,0.01865988023708706,0.010366772122647831,0.030827247101563128,0.01781212467835896,0.2449196458947637,0.14290673742307267,0.17867964368795103,0.18412025772145443,0.07909177986284843,0.09578065917052564,0.07135886454760453,0.010694885751922366,0.018226364763343047,2640,28,220,362
RAW_1D,FOCAL_A025_G3,selected_on_DS1,233,10,3077,0.6606434839129022,0.37429874388218487,0.07026198161181164,0.042531350234335165,0.8522404125004597,0.6653207716464783,0.7146765168078585,0.0635695945216376,0.21428571428571427,0.08493386500756346,0.6756541943832006,0.6566265060240963,0.6419944954972576,0.033927640589146435,0.3,0.05559009821605983,0.2397953039972111,0.13274536677127047,0.08311512834287371,0.05662402887223834,0.0788519289044265,0.3166554376108203,0.2573273097747206,0.09930421409803272,0.21560440805089084,0.11880381390762458,0.2842167966899509,0.13235719520352188,0.19409033767972045,0.03278241372686589,0.09630453686103456,0.04982978806722545,2229,7,830,11
RAW_1D,FOCAL_A025_G3,selected_on_DS1,210,10,2648,0.8729229607250755,0.445579035364569,0.06850560861530927,0.0007905138339920949,0.9795257338200797,0.890458488228005,0.9312749879557225,0.11656931544997173,0.30454545454545456,0.13622070339662645,0.7006645477815462,0.7635897435897436,0.7140299362719349,0.000411522633744856,0.01,0.0007905138339920949,0.06999338209731369,0.054035767024942116,0.043765982033649384,0.0024998242372872566,0.002734366471464826,0.07490088765447808,0.04410842086917127,0.08066274780053918,0.24057056451394912,0.08819172868450655,0.20993435319763445,0.0730636765122062,0.14856766396044277,0.0013013488313450123,0.03162277660168379,0.0024998242372872566,2421,22,195,10
RAW_1D,FOCAL_A025_G3,selected_on_DS1,200,10,2600,0.9291538461538462,0.5399337878751778,0.14895529013889175,0.0,0.9685150046813945,0.9902985074626866,0.9792577342196976,0.20765097491377635,0.64,0.2979105802777835,0.9978448221988891,0.812953995157385,0.88256683700323,0.0,0.0,0.0,0.06058416046848607,0.07081352426493012,0.08506125158988143,0.0,0.008535746196214574,0.007378557658272471,0.0058108162910718636,0.12811320145504257,0.2581032428130598,0.17012250317976285,0.003094930774482371,0.1899970118698564,0.14460467266488608,0.0,0.0,0.0,1742,30,826,2
RAW_1D,FOCAL_A025_G3,selected_on_DS1,202,10,2136,0.9344569288389513,0.4888551521834346,0.20916634928715977,0.0,0.9905703789396044,0.9473556525958273,0.9678736901754597,0.46682220558275656,0.46545454545454545,0.41833269857431954,0.4219145257685156,0.9421052631578947,0.5692142199839593,0.0,0.0,0.0,0.04737751640536091,0.06977535145821756,0.07485462531605734,0.0,0.002447683836945355,0.04912781892914799,0.02656024347094455,0.27449539081099844,0.10220704961858323,0.14970925063211468,0.14939249879100167,0.016643566632465138,0.1466551663543563,0.0,0.0,0.0,2061,55,19,1
RAW_1D,FOCAL_A025_G3,selected_on_DS1,219,10,2154,0.747585886722377,0.29447514108141115,0.003654873164218958,0.0,0.9963495817718181,0.7462055715658021,0.8422093638047006,0.0040408163265306125,0.04285714285714286,0.007309746328437916,0.23846137506519813,0.88125,0.3283814541925062,0.0,0.0,0.0,0.17054948711453066,0.08728399816523545,0.007707658989345984,0.0,0.0013789650905195777,0.17668193167410776,0.12297634970477106,0.008519332016171135,0.09642122253007898,0.015415317978691967,0.2324886907436131,0.034704856768661835,0.2418377916676275,0.0,0.0,0.0,2082,7,64,1
RAW_1D,FOCAL_A025_G3,selected_on_DS1,214,10,2258,0.6534986713906111,0.39863899273233316,0.0,0.0,0.9914046425203793,0.6448275862068966,0.748793424388442,0.0,,,0.3744187862301465,0.723828125,0.4471235538085575,0.0,0.0,0.0,0.24600824335698468,0.14124962075444572,0.0,0.0,0.015138763617194136,0.2741932041102229,0.22260813083153694,0.0,,,0.283586879164702,0.06733294375467436,0.21529369224477365,0.0,0.0,0.0,2001,0,256,1
STFT_2D,BASELINE_CE,baseline,213,10,3250,0.862646153846154,0.4371561183806543,0.009206044889740203,0.0,0.8611068996495133,1.0,0.925349840658267,0.0,0.0,0.0,0.9115728367807456,0.7281818181818182,0.8048625430848698,0.6847282347282347,0.009392265193370166,0.018412089779480407,0.007981833416846041,0.021735060333239378,0.005071085058170171,0.0,0.00863691040936057,0.0,0.004994939149857313,0.0,0.0,0.0,0.026570696676081963,0.11148056117020853,0.07480625525778946,0.20808671834865547,0.005241344188124385,0.010142170116340343,2640,28,220,362
STFT_2D,BASELINE_CE,baseline,233,10,3077,0.5906077348066299,0.3857003623657376,0.004052202377529511,0.0,0.9912271979126842,0.44679228353521755,0.6130194604398335,0.0,0.0,0.0,0.8721520167818188,0.9844578313253012,0.921677584268058,0.00409748534726082,0.39090909090909093,0.008104404755059021,0.050829821349866994,0.015996890506712762,0.00121169431667235,0.0,0.004562734092190096,0.06930014619068119,0.06856793544380797,0.0,0.0,0.0,0.10344838769303578,0.01100504201824736,0.06157052888297775,0.001237960408892052,0.043913262867240704,0.0024233886333447,2229,7,830,11
STFT_2D,BASELINE_CE,baseline,210,10,2648,0.9402190332326285,0.47798626438258174,0.02954461645424643,0.005128205128205128,0.9796120802505077,0.9605534902932673,0.9684942977219773,0.06999999999999999,0.013636363636363636,0.02255026455026455,0.9384246979815037,0.837948717948718,0.8843615268998569,0.03615868560736243,0.05,0.03653896835822832,0.07410906726490044,0.019208047586919297,0.025653394806317835,0.016216808513683994,0.006851690766955762,0.07976661002971054,0.04726767162289185,0.12013367040689342,0.021956631433620363,0.03636827823100291,0.029261640496653255,0.04061043453100614,0.018604455412806677,0.054314414268204284,0.052704627669472995,0.047213174764532094,2421,22,195,10
STFT_2D,BASELINE_CE,baseline,200,10,2600,0.9706153846153847,0.5471947962953791,0.11787094345284,0.03768453768453768,0.963500188542044,0.9992537313432835,0.9810431550411727,0.20753968253968252,0.04,0.06359902976282286,0.9998753117206982,0.9457627118644067,0.9719941432346639,0.15555555555555556,0.25,0.17214285714285715,0.005460996722861135,0.05698967125444588,0.11164375588936366,0.05589277197009281,0.0056686042849084005,0.0005445943157580588,0.002860985413079468,0.17264869294790156,0.030631219449089385,0.04895963190248562,0.00039429896012073076,0.01699521010701711,0.008916143661273204,0.1771690968789108,0.26352313834736496,0.19420312203388942,1742,30,826,2
STFT_2D,BASELINE_CE,baseline,202,10,2136,0.9377340823970037,0.399260906989065,0.023522436673934694,0.0,0.982723270244016,0.9625909752547308,0.9724703028185211,0.5583333333333333,0.025454545454545452,0.04704487334786939,0.42715339517632167,0.9315789473684211,0.5775284517898694,0.0,0.0,0.0,0.020631146569785295,0.030373917351532137,0.03401474927625209,0.0,0.005164529511835544,0.02119817286176634,0.012627478605593625,0.4766783215358364,0.037556202145041614,0.06802949855250418,0.11483671022539797,0.035523608300555405,0.10664957318274457,0.0,0.0,0.0,2061,55,19,1
STFT_2D,BASELINE_CE,baseline,219,10,2154,0.986397400185701,0.4733644739362396,0.0020833333333333333,0.0,0.9931024238960546,0.9954370797310279,0.99426320307022,0.0024390243902439024,0.014285714285714285,0.004166666666666667,0.994439356939357,0.8140625,0.8950280260080719,0.0,0.0,0.0,0.004255226337360359,0.004655342619430718,0.0065880784586841235,0.0,0.0011831645027610771,0.004297491364543558,0.002060606300554132,0.007712872341874097,0.04517539514526256,0.013176156917368247,0.008959340575123207,0.023810686355546788,0.013453141304087722,,0.0,0.0,2082,7,64,1
STFT_2D,BASELINE_CE,baseline,214,10,2258,0.9746678476527901,0.6262875960593771,0.0,0.0,0.9836159132248568,0.9891554222888554,0.9862265769018996,0.0,,,0.9383887827052038,0.865234375,0.8926362112762316,0.0,0.0,0.0,0.01614677337010192,0.026811719582961756,0.0,0.0,0.014119973073465845,0.01700790969002544,0.009170042837673349,0.0,,,0.09069794666671464,0.11733569911536881,0.07173002310068972,0.0,0.0,0.0,2001,0,256,1
STFT_2D,WGAN_GP_X5,selected_on_DS1,213,10,3250,0.8610153846153846,0.43252789397528374,0.0074694828813901435,0.0,0.8597340829631672,0.9995454545454546,0.9243617356356149,0.0,0.0,0.0,0.9036237734569748,0.7122727272727273,0.7908108745027398,0.7312908496732026,0.007734806629834254,0.014938965762780287,0.008338720152421927,0.022421528222791347,0.010866124228124085,0.0,0.00866764231725715,0.0014373989364401762,0.005034575329329634,0.0,0.0,0.0,0.05373703616684573,0.11568953259586523,0.07308356298725754,0.22358969273749923,0.01133756461997892,0.02173224845624817,2640,28,220,362
STFT_2D,WGAN_GP_X5,selected_on_DS1,233,10,3077,0.6632434189145272,0.3784839519391686,0.01758691877510358,0.001806487418105352,0.9926725323292303,0.5485419470614625,0.6886831491268134,0.013571428571428573,0.02857142857142857,0.017478991596638654,0.6767045937575675,0.9812048192771083,0.790078821079654,0.009525568779129714,0.3181818181818182,0.0176948459535685,0.14465848801655457,0.06638425148968533,0.018497477765032338,0.0038119055774152337,0.002619276224003093,0.19965840627652967,0.1548144682272561,0.032375699854104836,0.06023386019368342,0.03951228374389458,0.16327114296281758,0.011725257076999094,0.11857032784015425,0.007152869991374074,0.08834775598250456,0.012187221251522579,2229,7,830,11
STFT_2D,WGAN_GP_X5,selected_on_DS1,210,10,2648,0.9697129909365559,0.48320579220353166,0.0385003885003885,0.015555555555555555,0.9815023334546561,0.9931846344485751,0.9872852265878466,0.03984487734487734,0.022727272727272728,0.02828282828282828,0.9106865301609606,0.8328205128205128,0.8685371652255031,0.09606481481481481,0.04,0.04871794871794872,0.005343058769338279,0.025097925961253244,0.045439442954925045,0.03442651863295482,0.004040669515251386,0.0068184940186779095,0.002300046250748932,0.053188386506314994,0.03214121732666125,0.03830401055728998,0.05645392352927958,0.027690197239407292,0.022578617445522624,0.1387586194631117,0.051639777949432225,0.06913606070412892,2421,22,195,10
STFT_2D,WGAN_GP_X5,selected_on_DS1,200,10,2600,0.9726923076923077,0.526988014277587,0.07521574314739148,0.009810874704491726,0.9659588228118704,0.9992537313432835,0.982316216445111,0.2303267973856209,0.06333333333333332,0.0948759307392274,0.999875,0.9518159806295399,0.9752043543704538,0.049107142857142856,0.1,0.05555555555555556,0.004279056222635551,0.028007682255061925,0.054569923723263754,0.020908959361809865,0.005598704272459093,0.0006656152748154008,0.002818617523504357,0.13705293003703745,0.039907299991262156,0.05481490197801181,0.00039528470752104726,0.014116220452964753,0.007365163963756828,0.09533105582170813,0.21081851067789195,0.12001371663718259,1742,30,826,2
STFT_2D,WGAN_GP_X5,selected_on_DS1,202,10,2136,0.9436329588014981,0.4301746270193032,0.07972407080691511,0.0,0.984572537606722,0.9666666666666666,0.975367385518416,0.5933022533022533,0.09818181818181818,0.15944814161383022,0.43170741539162594,0.9421052631578947,0.5858829809449666,0.0,0.0,0.0,0.02410955256382284,0.027775285738920425,0.05003270715700041,0.0,0.003212677750065548,0.025370098058867807,0.01248992884378022,0.26736442510191244,0.06538717071156935,0.10006541431400082,0.08291513599639615,0.06772020724778519,0.07585809919547078,0.0,0.0,0.0,2061,55,19,1
STFT_2D,WGAN_GP_X5,selected_on_DS1,219,10,2154,0.9817084493964717,0.47291201706240554,0.004545454545454545,0.0,0.9936974654940183,0.9907300672430356,0.9921942768902046,0.006666666666666666,0.014285714285714285,0.00909090909090909,0.9907582817711914,0.809375,0.8903628822685083,,0.0,0.0,0.006753239199988186,0.009480422735068652,0.014373989364401724,0.0,0.0012506539389211709,0.007691753017963797,0.0033986683918401078,0.021081851067789193,0.04517539514526256,0.02874797872880345,0.012791915996551393,0.038836149754806766,0.022670797095640873,,0.0,0.0,2082,7,64,1
STFT_2D,WGAN_GP_X5,selected_on_DS1,214,10,2258,0.9828166519043402,0.6383475146820305,0.0,0.0,0.9866441025245866,0.9956521739130435,0.9910917200500509,0.0,,,0.9703496182872338,0.886328125,0.9239508239960411,0.0,0.0,0.0,0.009190185580067513,0.01706969680019383,0.0,0.0,0.010398916348479887,0.004318655924330469,0.004967279063382317,0.0,,,0.02869477225791548,0.08551129317727976,0.04629944462225237,0.0,0.0,0.0,2001,0,256,1
