number,values_0,values_1,datetime_start,datetime_complete,duration,params_clip_pct,params_dwt_wavelet_level,params_image_size,params_norm_type,user_attrs_F1_F,user_attrs_F1_N,user_attrs_F1_S,user_attrs_F1_V,user_attrs_Recall_F,user_attrs_Recall_S,user_attrs_best_epoch_median,user_attrs_config,user_attrs_macro_f1_mean,user_attrs_macro_f1_std,user_attrs_min_rare_f1_mean,user_attrs_min_rare_f1_std,user_attrs_preprocessing_seconds,user_attrs_rare_macro_sf_mean,user_attrs_rare_macro_sf_std,user_attrs_run_results,user_attrs_total_seconds,user_attrs_training_seconds,system_attrs_NSGAIISampler:generation,state
7,0.21551660598717878,0.4550311733279391,2026-08-10 14:05:40.099322,2026-08-10 14:07:29.587243,0 days 00:01:49.487921,5,bior3.5|3,224x160,linear,0.0,0.6187678219290818,0.43103321197435757,0.7703236594083173,0.0,0.3106457242582897,5.0,"{'method': 'DWT', 'image_size': [224, 160], 'norm_type': 'linear', 'clip_pct': 5, 'wavelet': 'bior3.5', 'level': 3}",0.4550311733279391,0.0007325877069080263,0.0,0.0,4.5403478145599365,0.21551660598717878,0.006508755285198123,"[{'seed': 42, 'Macro_F1': 0.4544455867717608, 'Rare_Macro_SF': 0.20825515947467166, 'Min_Rare_F1': 0.0, 'F1_N': 0.6251526251526252, 'F1_S': 0.4165103189493433, 'F1_V': 0.7761194029850746, 'F1_F': 0.0, 'Recall_S': 0.2905759162303665, 'Recall_F': 0.0, 'best_epoch': 8}, {'seed': 43, 'Macro_F1': 0.4547952880295471, 'Rare_Macro_SF': 0.22082585278276481, 'Min_Rare_F1': 0.0, 'F1_N': 0.6140776699029126, 'F1_S': 0.44165170556552963, 'F1_V': 0.7634517766497462, 'F1_F': 0.0, 'Recall_S': 0.3219895287958115, 'Recall_F': 0.0, 'best_epoch': 5}, {'seed': 44, 'Macro_F1': 0.45585264518250945, 'Rare_Macro_SF': 0.21746880570409982, 'Min_Rare_F1': 0.0, 'F1_N': 0.6170731707317073, 'F1_S': 0.43493761140819964, 'F1_V': 0.771399798590131, 'F1_F': 0.0, 'Recall_S': 0.3193717277486911, 'Recall_F': 0.0, 'best_epoch': 2}]",109.14394402503967,104.43200707435608,0,COMPLETE
31,0.21551660598717878,0.4550311733279391,2026-08-10 14:49:18.464798,2026-08-10 14:51:07.498332,0 days 00:01:49.033534,5,bior3.5|3,224x160,linear,0.0,0.6187678219290818,0.43103321197435757,0.7703236594083173,0.0,0.3106457242582897,5.0,"{'method': 'DWT', 'image_size': [224, 160], 'norm_type': 'linear', 'clip_pct': 5, 'wavelet': 'bior3.5', 'level': 3}",0.4550311733279391,0.0007325877069080263,0.0,0.0,4.37549352645874,0.21551660598717878,0.006508755285198123,"[{'seed': 42, 'Macro_F1': 0.4544455867717608, 'Rare_Macro_SF': 0.20825515947467166, 'Min_Rare_F1': 0.0, 'F1_N': 0.6251526251526252, 'F1_S': 0.4165103189493433, 'F1_V': 0.7761194029850746, 'F1_F': 0.0, 'Recall_S': 0.2905759162303665, 'Recall_F': 0.0, 'best_epoch': 8}, {'seed': 43, 'Macro_F1': 0.4547952880295471, 'Rare_Macro_SF': 0.22082585278276481, 'Min_Rare_F1': 0.0, 'F1_N': 0.6140776699029126, 'F1_S': 0.44165170556552963, 'F1_V': 0.7634517766497462, 'F1_F': 0.0, 'Recall_S': 0.3219895287958115, 'Recall_F': 0.0, 'best_epoch': 5}, {'seed': 44, 'Macro_F1': 0.45585264518250945, 'Rare_Macro_SF': 0.21746880570409982, 'Min_Rare_F1': 0.0, 'F1_N': 0.6170731707317073, 'F1_S': 0.43493761140819964, 'F1_V': 0.771399798590131, 'F1_F': 0.0, 'Recall_S': 0.3193717277486911, 'Recall_F': 0.0, 'best_epoch': 2}]",108.70566940307617,104.19105315208435,3,COMPLETE
32,0.21551660598717878,0.4550311733279391,2026-08-10 14:51:07.742010,2026-08-10 14:52:56.830892,0 days 00:01:49.088882,5,bior3.5|3,224x160,linear,0.0,0.6187678219290818,0.43103321197435757,0.7703236594083173,0.0,0.3106457242582897,5.0,"{'method': 'DWT', 'image_size': [224, 160], 'norm_type': 'linear', 'clip_pct': 5, 'wavelet': 'bior3.5', 'level': 3}",0.4550311733279391,0.0007325877069080263,0.0,0.0,4.467132806777954,0.21551660598717878,0.006508755285198123,"[{'seed': 42, 'Macro_F1': 0.4544455867717608, 'Rare_Macro_SF': 0.20825515947467166, 'Min_Rare_F1': 0.0, 'F1_N': 0.6251526251526252, 'F1_S': 0.4165103189493433, 'F1_V': 0.7761194029850746, 'F1_F': 0.0, 'Recall_S': 0.2905759162303665, 'Recall_F': 0.0, 'best_epoch': 8}, {'seed': 43, 'Macro_F1': 0.4547952880295471, 'Rare_Macro_SF': 0.22082585278276481, 'Min_Rare_F1': 0.0, 'F1_N': 0.6140776699029126, 'F1_S': 0.44165170556552963, 'F1_V': 0.7634517766497462, 'F1_F': 0.0, 'Recall_S': 0.3219895287958115, 'Recall_F': 0.0, 'best_epoch': 5}, {'seed': 44, 'Macro_F1': 0.45585264518250945, 'Rare_Macro_SF': 0.21746880570409982, 'Min_Rare_F1': 0.0, 'F1_N': 0.6170731707317073, 'F1_S': 0.43493761140819964, 'F1_V': 0.771399798590131, 'F1_F': 0.0, 'Recall_S': 0.3193717277486911, 'Recall_F': 0.0, 'best_epoch': 2}]",108.75462627410889,104.12961554527283,4,COMPLETE
1,0.20527347273472732,0.3994532041664866,2026-08-10 13:53:52.483298,2026-08-10 13:55:05.276636,0 days 00:01:12.793338,5,db4|3,128x128,sqrt,0.03333333333333333,0.5240032196635845,0.37721361213612137,0.6632626515329071,0.018518518518518517,0.27137870855148344,7.0,"{'method': 'DWT', 'image_size': [128, 128], 'norm_type': 'sqrt', 'clip_pct': 5, 'wavelet': 'db4', 'level': 3}",0.3994532041664866,0.01982641489841272,0.03333333333333333,0.05773502691896258,3.13979172706604,0.20527347273472732,0.039764178875786114,"[{'seed': 42, 'Macro_F1': 0.3828633190180354, 'Rare_Macro_SF': 0.164, 'Min_Rare_F1': 0.0, 'F1_N': 0.5826001955034213, 'F1_S': 0.328, 'F1_V': 0.6208530805687204, 'F1_F': 0.0, 'Recall_S': 0.21465968586387435, 'Recall_F': 0.0, 'best_epoch': 7}, {'seed': 43, 'Macro_F1': 0.3940854782314165, 'Rare_Macro_SF': 0.20848708487084872, 'Min_Rare_F1': 0.0, 'F1_N': 0.45170454545454547, 'F1_S': 0.41697416974169743, 'F1_V': 0.7076631977294229, 'F1_F': 0.0, 'Recall_S': 0.29581151832460734, 'Recall_F': 0.0, 'best_epoch': 8}, {'seed': 44, 'Macro_F1': 0.4214108152500079, 'Rare_Macro_SF': 0.24333333333333335, 'Min_Rare_F1': 0.1, 'F1_N': 0.5377049180327869, 'F1_S': 0.38666666666666666, 'F1_V': 0.661271676300578, 'F1_F': 0.1, 'Recall_S': 0.3036649214659686, 'Recall_F': 0.05555555555555555, 'best_epoch': 2}]",72.46075344085693,69.16633653640747,0,COMPLETE
36,0.19993316367105032,0.41180054216454903,2026-08-10 14:56:51.858659,2026-08-10 14:58:33.468742,0 days 00:01:41.610083,5,sym5|3,224x160,sqrt,0.007326007326007327,0.4971461262907824,0.3925403200160933,0.7501897150253131,0.018518518518518517,0.2801047120418848,4.0,"{'method': 'DWT', 'image_size': [224, 160], 'norm_type': 'sqrt', 'clip_pct': 5, 'wavelet': 'sym5', 'level': 3}",0.41180054216454903,0.03167767871969952,0.007326007326007327,0.012689016905266502,4.420987844467163,0.19993316367105032,0.047746103967078284,"[{'seed': 42, 'Macro_F1': 0.3792951395773825, 'Rare_Macro_SF': 0.14492753623188406, 'Min_Rare_F1': 0.0, 'F1_N': 0.47117794486215536, 'F1_S': 0.2898550724637681, 'F1_V': 0.7561475409836066, 'F1_F': 0.0, 'Recall_S': 0.18324607329842932, 'Recall_F': 0.0, 'best_epoch': 4}, {'seed': 43, 'Macro_F1': 0.41352656348460864, 'Rare_Macro_SF': 0.22419928825622776, 'Min_Rare_F1': 0.0, 'F1_N': 0.47390691114245415, 'F1_S': 0.4483985765124555, 'F1_V': 0.7318007662835249, 'F1_F': 0.0, 'Recall_S': 0.3298429319371728, 'Recall_F': 0.0, 'best_epoch': 7}, {'seed': 44, 'Macro_F1': 0.442579923431656, 'Rare_Macro_SF': 0.2306726665250391, 'Min_Rare_F1': 0.02197802197802198, 'F1_N': 0.546353522867738, 'F1_S': 0.43936731107205623, 'F1_V': 0.7626208378088077, 'F1_F': 0.02197802197802198, 'Recall_S': 0.32722513089005234, 'Recall_F': 0.05555555555555555, 'best_epoch': 2}]",101.29407835006714,96.72223114967346,4,COMPLETE
19,0.18139263780668916,0.41577595637886944,2026-08-10 14:27:22.800837,2026-08-10 14:29:09.056010,0 days 00:01:46.255173,5,sym5|3,224x192,sqrt,0.017543859649122806,0.5508345964288922,0.34524141596425556,0.7494839534732075,0.018518518518518517,0.23123909249563698,4.0,"{'method': 'DWT', 'image_size': [224, 192], 'norm_type': 'sqrt', 'clip_pct': 5, 'wavelet': 'sym5', 'level': 3}",0.41577595637886944,0.030578600692863674,0.017543859649122806,0.0303868562731382,5.112633466720581,0.18139263780668916,0.023849347196661767,"[{'seed': 42, 'Macro_F1': 0.38046857493506214, 'Rare_Macro_SF': 0.16427104722792607, 'Min_Rare_F1': 0.0, 'F1_N': 0.4674634794156706, 'F1_S': 0.32854209445585214, 'F1_V': 0.7258687258687259, 'F1_F': 0.0, 'Recall_S': 0.2094240837696335, 'Recall_F': 0.0, 'best_epoch': 4}, {'seed': 43, 'Macro_F1': 0.4331256207536928, 'Rare_Macro_SF': 0.17127377266696153, 'Min_Rare_F1': 0.05263157894736842, 'F1_N': 0.6343519494204426, 'F1_S': 0.28991596638655465, 'F1_V': 0.7556029882604055, 'F1_F': 0.05263157894736842, 'Recall_S': 0.1806282722513089, 'Recall_F': 0.05555555555555555, 'best_epoch': 4}, {'seed': 44, 'Macro_F1': 0.4337336734478535, 'Rare_Macro_SF': 0.20863309352517986, 'Min_Rare_F1': 0.0, 'F1_N': 0.5506883604505632, 'F1_S': 0.4172661870503597, 'F1_V': 0.7669801462904912, 'F1_F': 0.0, 'Recall_S': 0.3036649214659686, 'Recall_F': 0.0, 'best_epoch': 2}]",105.90805220603943,100.60936737060547,2,COMPLETE
23,0.18005489270573838,0.41413048220394505,2026-08-10 14:34:00.360989,2026-08-10 14:36:09.000437,0 days 00:02:08.639448,5,sym5|4,224x160,log1p,0.0,0.5342539193503931,0.36010978541147676,0.7621582240539103,0.0,0.24345549738219896,8.0,"{'method': 'DWT', 'image_size': [224, 160], 'norm_type': 'log1p', 'clip_pct': 5, 'wavelet': 'sym5', 'level': 4}",0.41413048220394505,0.012566273621561532,0.0,0.0,4.7728776931762695,0.18005489270573838,0.011034285966662023,"[{'seed': 42, 'Macro_F1': 0.4203722747008083, 'Rare_Macro_SF': 0.18250950570342206, 'Min_Rare_F1': 0.0, 'F1_N': 0.5456790123456791, 'F1_S': 0.3650190114068441, 'F1_V': 0.77079107505071, 'F1_F': 0.0, 'Recall_S': 0.2513089005235602, 'Recall_F': 0.0, 'best_epoch': 4}, {'seed': 43, 'Macro_F1': 0.4223538026561732, 'Rare_Macro_SF': 0.1896551724137931, 'Min_Rare_F1': 0.0, 'F1_N': 0.562874251497006, 'F1_S': 0.3793103448275862, 'F1_V': 0.7472306143001007, 'F1_F': 0.0, 'Recall_S': 0.2591623036649215, 'Recall_F': 0.0, 'best_epoch': 10}, {'seed': 44, 'Macro_F1': 0.3996653692548536, 'Rare_Macro_SF': 0.168, 'Min_Rare_F1': 0.0, 'F1_N': 0.4942084942084942, 'F1_S': 0.336, 'F1_V': 0.7684529828109201, 'F1_F': 0.0, 'Recall_S': 0.2198952879581152, 'Recall_F': 0.0, 'best_epoch': 8}]",128.31245708465576,123.39863753318787,2,COMPLETE
18,0.17934285000514497,0.4084121588214991,2026-08-10 14:25:37.031322,2026-08-10 14:27:22.542718,0 days 00:01:45.511396,5,sym5|3,192x224,log1p,0.0,0.5223688373211173,0.35868570001028993,0.7525940979545894,0.0,0.24869109947643983,4.0,"{'method': 'DWT', 'image_size': [192, 224], 'norm_type': 'log1p', 'clip_pct': 5, 'wavelet': 'sym5', 'level': 3}",0.4084121588214991,0.013253050812969475,0.0,0.0,4.899160623550415,0.17934285000514497,0.035858302827623575,"[{'seed': 42, 'Macro_F1': 0.42359675384586415, 'Rare_Macro_SF': 0.2117437722419929, 'Min_Rare_F1': 0.0, 'F1_N': 0.5238095238095238, 'F1_S': 0.4234875444839858, 'F1_V': 0.7470899470899471, 'F1_F': 0.0, 'Recall_S': 0.31151832460732987, 'Recall_F': 0.0, 'best_epoch': 4}, {'seed': 43, 'Macro_F1': 0.40246740836802947, 'Rare_Macro_SF': 0.14081632653061224, 'Min_Rare_F1': 0.0, 'F1_N': 0.5663322185061316, 'F1_S': 0.2816326530612245, 'F1_V': 0.7619047619047619, 'F1_F': 0.0, 'Recall_S': 0.1806282722513089, 'Recall_F': 0.0, 'best_epoch': 4}, {'seed': 44, 'Macro_F1': 0.39917231425060384, 'Rare_Macro_SF': 0.18546845124282982, 'Min_Rare_F1': 0.0, 'F1_N': 0.47696476964769646, 'F1_S': 0.37093690248565964, 'F1_V': 0.7487875848690592, 'F1_F': 0.0, 'Recall_S': 0.25392670157068065, 'Recall_F': 0.0, 'best_epoch': 2}]",105.17468166351318,100.1163260936737,2,COMPLETE
38,0.17934285000514497,0.4084121588214991,2026-08-10 14:59:21.598221,2026-08-10 15:01:06.762599,0 days 00:01:45.164378,5,sym5|3,192x224,log1p,0.0,0.5223688373211173,0.35868570001028993,0.7525940979545894,0.0,0.24869109947643983,4.0,"{'method': 'DWT', 'image_size': [192, 224], 'norm_type': 'log1p', 'clip_pct': 5, 'wavelet': 'sym5', 'level': 3}",0.4084121588214991,0.013253050812969475,0.0,0.0,4.7683680057525635,0.17934285000514497,0.035858302827623575,"[{'seed': 42, 'Macro_F1': 0.42359675384586415, 'Rare_Macro_SF': 0.2117437722419929, 'Min_Rare_F1': 0.0, 'F1_N': 0.5238095238095238, 'F1_S': 0.4234875444839858, 'F1_V': 0.7470899470899471, 'F1_F': 0.0, 'Recall_S': 0.31151832460732987, 'Recall_F': 0.0, 'best_epoch': 4}, {'seed': 43, 'Macro_F1': 0.40246740836802947, 'Rare_Macro_SF': 0.14081632653061224, 'Min_Rare_F1': 0.0, 'F1_N': 0.5663322185061316, 'F1_S': 0.2816326530612245, 'F1_V': 0.7619047619047619, 'F1_F': 0.0, 'Recall_S': 0.1806282722513089, 'Recall_F': 0.0, 'best_epoch': 4}, {'seed': 44, 'Macro_F1': 0.39917231425060384, 'Rare_Macro_SF': 0.18546845124282982, 'Min_Rare_F1': 0.0, 'F1_N': 0.47696476964769646, 'F1_S': 0.37093690248565964, 'F1_V': 0.7487875848690592, 'F1_F': 0.0, 'Recall_S': 0.25392670157068065, 'Recall_F': 0.0, 'best_epoch': 2}]",104.83357763290405,99.89656639099121,4,COMPLETE
26,0.17513962133566352,0.4026169413016322,2026-08-10 14:39:25.343641,2026-08-10 14:41:42.518228,0 days 00:02:17.174587,5,db4|3,192x224,sqrt,0.0,0.5906155935732663,0.35027924267132704,0.6695729289619358,0.0,0.2443280977312391,6.0,"{'method': 'DWT', 'image_size': [192, 224], 'norm_type': 'sqrt', 'clip_pct': 5, 'wavelet': 'db4', 'level': 3}",0.4026169413016322,0.03793813511148248,0.0,0.0,4.8187525272369385,0.17513962133566352,0.07015180117755751,"[{'seed': 42, 'Macro_F1': 0.3712690646075121, 'Rare_Macro_SF': 0.11160714285714286, 'Min_Rare_F1': 0.0, 'F1_N': 0.5780463242698892, 'F1_S': 0.22321428571428573, 'F1_V': 0.6838156484458735, 'F1_F': 0.0, 'Recall_S': 0.13089005235602094, 'Recall_F': 0.0, 'best_epoch': 4}, {'seed': 43, 'Macro_F1': 0.39179021803780456, 'Rare_Macro_SF': 0.16338582677165353, 'Min_Rare_F1': 0.0, 'F1_N': 0.5744456177402323, 'F1_S': 0.32677165354330706, 'F1_V': 0.665943600867679, 'F1_F': 0.0, 'Recall_S': 0.21727748691099477, 'Recall_F': 0.0, 'best_epoch': 7}, {'seed': 44, 'Macro_F1': 0.44479154125958004, 'Rare_Macro_SF': 0.2504258943781942, 'Min_Rare_F1': 0.0, 'F1_N': 0.6193548387096774, 'F1_S': 0.5008517887563884, 'F1_V': 0.6589595375722543, 'F1_F': 0.0, 'Recall_S': 0.38481675392670156, 'Recall_F': 0.0, 'best_epoch': 6}]",136.84134721755981,131.8646628856659,3,COMPLETE
8,0.1704513105643812,0.42025665368565956,2026-08-10 14:07:29.839385,2026-08-10 14:09:24.793882,0 days 00:01:54.954497,4,sym5|3,192x224,log1p,0.02150537634408602,0.6009244580340932,0.31939724478467635,0.7391995355797828,0.018518518518518517,0.225130890052356,3.0,"{'method': 'DWT', 'image_size': [192, 224], 'norm_type': 'log1p', 'clip_pct': 4, 'wavelet': 'sym5', 'level': 3}",0.42025665368565956,0.007848980404777375,0.02150537634408602,0.03724840446384682,5.037257194519043,0.1704513105643812,0.035174230395249466,"[{'seed': 42, 'Macro_F1': 0.4275556398585085, 'Rare_Macro_SF': 0.2019660937132093, 'Min_Rare_F1': 0.06451612903225806, 'F1_N': 0.5980498374864572, 'F1_S': 0.33941605839416056, 'F1_V': 0.7082405345211581, 'F1_F': 0.06451612903225806, 'Recall_S': 0.24345549738219896, 'Recall_F': 0.05555555555555555, 'best_epoch': 7}, {'seed': 43, 'Macro_F1': 0.4119541944451567, 'Rare_Macro_SF': 0.13250517598343686, 'Min_Rare_F1': 0.0, 'F1_N': 0.6217070600632244, 'F1_S': 0.2650103519668737, 'F1_V': 0.7610993657505285, 'F1_F': 0.0, 'Recall_S': 0.16753926701570682, 'Recall_F': 0.0, 'best_epoch': 3}, {'seed': 44, 'Macro_F1': 0.4212601267533137, 'Rare_Macro_SF': 0.17688266199649738, 'Min_Rare_F1': 0.0, 'F1_N': 0.5830164765525983, 'F1_S': 0.35376532399299476, 'F1_V': 0.7482587064676617, 'F1_F': 0.0, 'Recall_S': 0.2643979057591623, 'Recall_F': 0.0, 'best_epoch': 2}]",114.60622906684875,109.39820432662964,1,COMPLETE
33,0.16910959917147603,0.4131342986470689,2026-08-10 14:52:57.076016,2026-08-10 14:54:37.937425,0 days 00:01:40.861409,5,bior3.5|3,160x192,linear,0.017777777777777778,0.5920405435598401,0.3204414205651742,0.7222774526854838,0.037037037037037035,0.21116928446771377,6.0,"{'method': 'DWT', 'image_size': [160, 192], 'norm_type': 'linear', 'clip_pct': 5, 'wavelet': 'bior3.5', 'level': 3}",0.4131342986470689,0.0027024615290359975,0.017777777777777778,0.030792014356780046,3.9809489250183105,0.16910959917147603,0.035362266654701435,"[{'seed': 42, 'Macro_F1': 0.4158050810398772, 'Rare_Macro_SF': 0.14225053078556263, 'Min_Rare_F1': 0.0, 'F1_N': 0.6077348066298343, 'F1_S': 0.28450106157112526, 'F1_V': 0.7709844559585493, 'F1_F': 0.0, 'Recall_S': 0.17539267015706805, 'Recall_F': 0.0, 'best_epoch': 8}, {'seed': 43, 'Macro_F1': 0.4131965802927916, 'Rare_Macro_SF': 0.15590395480225988, 'Min_Rare_F1': 0.05333333333333334, 'F1_N': 0.5773420479302832, 'F1_S': 0.2584745762711864, 'F1_V': 0.7636363636363637, 'F1_F': 0.05333333333333334, 'Recall_S': 0.15968586387434555, 'Recall_F': 0.1111111111111111, 'best_epoch': 3}, {'seed': 44, 'Macro_F1': 0.41040123460853806, 'Rare_Macro_SF': 0.20917431192660552, 'Min_Rare_F1': 0.0, 'F1_N': 0.591044776119403, 'F1_S': 0.41834862385321103, 'F1_V': 0.6322115384615384, 'F1_F': 0.0, 'Recall_S': 0.29842931937172773, 'Recall_F': 0.0, 'best_epoch': 6}]",100.5385468006134,96.40265464782715,4,COMPLETE
28,0.1610678857949154,0.4115545867296125,2026-08-10 14:43:19.398954,2026-08-10 14:45:33.098081,0 days 00:02:13.699127,4,bior6.8|3,224x192,sqrt,0.020823833409332724,0.5465919582951976,0.3013119381804981,0.7774906170334216,0.05555555555555555,0.19458987783595114,6.0,"{'method': 'DWT', 'image_size': [224, 192], 'norm_type': 'sqrt', 'clip_pct': 4, 'wavelet': 'bior6.8', 'level': 3}",0.4115545867296125,0.011754611232285649,0.020823833409332724,0.0021061569327482928,5.160565137863159,0.1610678857949154,0.017932378033861388,"[{'seed': 42, 'Macro_F1': 0.40582469454185766, 'Rare_Macro_SF': 0.14676044330775787, 'Min_Rare_F1': 0.0196078431372549, 'F1_N': 0.5589225589225589, 'F1_S': 0.27391304347826084, 'F1_V': 0.7708553326293559, 'F1_F': 0.0196078431372549, 'Recall_S': 0.1649214659685864, 'Recall_F': 0.05555555555555555, 'best_epoch': 6}, {'seed': 43, 'Macro_F1': 0.4037636829343584, 'Rare_Macro_SF': 0.1552584670231729, 'Min_Rare_F1': 0.0196078431372549, 'F1_N': 0.5242030696576151, 'F1_S': 0.2909090909090909, 'F1_V': 0.7803347280334728, 'F1_F': 0.0196078431372549, 'Recall_S': 0.18848167539267016, 'Recall_F': 0.05555555555555555, 'best_epoch': 10}, {'seed': 44, 'Macro_F1': 0.4250753827126215, 'Rare_Macro_SF': 0.18118474705381546, 'Min_Rare_F1': 0.023255813953488372, 'F1_N': 0.5566502463054187, 'F1_S': 0.33911368015414256, 'F1_V': 0.7812817904374364, 'F1_F': 0.023255813953488372, 'Recall_S': 0.23036649214659685, 'Recall_F': 0.05555555555555555, 'best_epoch': 2}]",133.35286355018616,128.03319311141968,3,COMPLETE
14,0.15998658323194748,0.43747796003275297,2026-08-10 14:18:52.297487,2026-08-10 14:21:14.138500,0 days 00:02:21.841013,4,db6|3,224x192,linear,0.0,0.6471184923240684,0.31997316646389495,0.7828201813430485,0.0,0.21029668411867367,5.0,"{'method': 'DWT', 'image_size': [224, 192], 'norm_type': 'linear', 'clip_pct': 4, 'wavelet': 'db6', 'level': 3}",0.43747796003275297,0.0018432637951987275,0.0,0.0,4.955687046051025,0.15998658323194748,0.0039008373492655703,"[{'seed': 42, 'Macro_F1': 0.4383367181356863, 'Rare_Macro_SF': 0.1643835616438356, 'Min_Rare_F1': 0.0, 'F1_N': 0.6394557823129252, 'F1_S': 0.3287671232876712, 'F1_V': 0.7851239669421488, 'F1_F': 0.0, 'Recall_S': 0.2198952879581152, 'Recall_F': 0.0, 'best_epoch': 8}, {'seed': 43, 'Macro_F1': 0.43536200981196815, 'Rare_Macro_SF': 0.15863453815261044, 'Min_Rare_F1': 0.0, 'F1_N': 0.63954802259887, 'F1_S': 0.3172690763052209, 'F1_V': 0.7846309403437816, 'F1_F': 0.0, 'Recall_S': 0.20680628272251309, 'Recall_F': 0.0, 'best_epoch': 5}, {'seed': 44, 'Macro_F1': 0.43873515215060443, 'Rare_Macro_SF': 0.15694164989939638, 'Min_Rare_F1': 0.0, 'F1_N': 0.6623516720604099, 'F1_S': 0.31388329979879276, 'F1_V': 0.778705636743215, 'F1_F': 0.0, 'Recall_S': 0.20418848167539266, 'Recall_F': 0.0, 'best_epoch': 5}]",141.50891065597534,136.39371800422668,1,COMPLETE
29,0.15998658323194748,0.43747796003275297,2026-08-10 14:45:33.353354,2026-08-10 14:47:55.193941,0 days 00:02:21.840587,4,db6|3,224x192,linear,0.0,0.6471184923240684,0.31997316646389495,0.7828201813430485,0.0,0.21029668411867367,5.0,"{'method': 'DWT', 'image_size': [224, 192], 'norm_type': 'linear', 'clip_pct': 4, 'wavelet': 'db6', 'level': 3}",0.43747796003275297,0.0018432637951987275,0.0,0.0,4.806786775588989,0.15998658323194748,0.0039008373492655703,"[{'seed': 42, 'Macro_F1': 0.4383367181356863, 'Rare_Macro_SF': 0.1643835616438356, 'Min_Rare_F1': 0.0, 'F1_N': 0.6394557823129252, 'F1_S': 0.3287671232876712, 'F1_V': 0.7851239669421488, 'F1_F': 0.0, 'Recall_S': 0.2198952879581152, 'Recall_F': 0.0, 'best_epoch': 8}, {'seed': 43, 'Macro_F1': 0.43536200981196815, 'Rare_Macro_SF': 0.15863453815261044, 'Min_Rare_F1': 0.0, 'F1_N': 0.63954802259887, 'F1_S': 0.3172690763052209, 'F1_V': 0.7846309403437816, 'F1_F': 0.0, 'Recall_S': 0.20680628272251309, 'Recall_F': 0.0, 'best_epoch': 5}, {'seed': 44, 'Macro_F1': 0.43873515215060443, 'Rare_Macro_SF': 0.15694164989939638, 'Min_Rare_F1': 0.0, 'F1_N': 0.6623516720604099, 'F1_S': 0.31388329979879276, 'F1_V': 0.778705636743215, 'F1_F': 0.0, 'Recall_S': 0.20418848167539266, 'Recall_F': 0.0, 'best_epoch': 5}]",141.49863600730896,136.52935814857483,3,COMPLETE
11,0.157429254603379,0.3946955932190932,2026-08-10 14:13:33.354077,2026-08-10 14:15:35.960264,0 days 00:02:02.606187,5,sym5|2,160x256,log1p,0.02666666666666667,0.592941736975528,0.2881918425400914,0.6709821266940867,0.018518518518518517,0.18411867364746945,4.0,"{'method': 'DWT', 'image_size': [160, 256], 'norm_type': 'log1p', 'clip_pct': 5, 'wavelet': 'sym5', 'level': 2}",0.3946955932190932,0.020868985286075614,0.02666666666666667,0.046188021535170064,4.780132055282593,0.157429254603379,0.03839415749571796,"[{'seed': 42, 'Macro_F1': 0.3707423881612868, 'Rare_Macro_SF': 0.12869198312236288, 'Min_Rare_F1': 0.0, 'F1_N': 0.5617740232312566, 'F1_S': 0.25738396624472576, 'F1_V': 0.6638115631691649, 'F1_F': 0.0, 'Recall_S': 0.15968586387434555, 'Recall_F': 0.0, 'best_epoch': 8}, {'seed': 43, 'Macro_F1': 0.40439238819812523, 'Rare_Macro_SF': 0.2010337972166998, 'Min_Rare_F1': 0.08, 'F1_N': 0.591919191919192, 'F1_S': 0.3220675944333996, 'F1_V': 0.6235827664399093, 'F1_F': 0.08, 'Recall_S': 0.21204188481675393, 'Recall_F': 0.05555555555555555, 'best_epoch': 3}, {'seed': 44, 'Macro_F1': 0.4089520032978675, 'Rare_Macro_SF': 0.14256198347107438, 'Min_Rare_F1': 0.0, 'F1_N': 0.6251319957761352, 'F1_S': 0.28512396694214875, 'F1_V': 0.7255520504731862, 'F1_F': 0.0, 'Recall_S': 0.1806282722513089, 'Recall_F': 0.0, 'best_epoch': 4}]",122.25919985771179,117.30105757713318,1,COMPLETE
0,0.15695969621618897,0.4076762649991843,2026-08-10 13:51:53.879420,2026-08-10 13:53:52.233143,0 days 00:01:58.353723,3,sym4|4,224x192,linear,0.06836132279466206,0.5535614176901057,0.24555806963771587,0.7632242498742539,0.2222222222222222,0.14397905759162302,3.0,"{'method': 'DWT', 'image_size': [224, 192], 'norm_type': 'linear', 'clip_pct': 3, 'wavelet': 'sym4', 'level': 4}",0.4076762649991843,0.010056845315900622,0.06836132279466206,0.0043672694584936285,6.350903034210205,0.15695969621618897,0.016672156380208757,"[{'seed': 42, 'Macro_F1': 0.40137132931933134, 'Rare_Macro_SF': 0.14826032635444666, 'Min_Rare_F1': 0.06557377049180328, 'F1_N': 0.5466520307354555, 'F1_S': 0.23094688221709006, 'F1_V': 0.7623126338329764, 'F1_F': 0.06557377049180328, 'Recall_S': 0.13089005235602094, 'Recall_F': 0.2222222222222222, 'best_epoch': 6}, {'seed': 43, 'Macro_F1': 0.4023832620255541, 'Rare_Macro_SF': 0.14643653604692566, 'Min_Rare_F1': 0.06611570247933884, 'F1_N': 0.5588558855885588, 'F1_S': 0.22675736961451248, 'F1_V': 0.7578040904198062, 'F1_F': 0.06611570247933884, 'Recall_S': 0.13089005235602094, 'Recall_F': 0.2222222222222222, 'best_epoch': 3}, {'seed': 44, 'Macro_F1': 0.41927420365266765, 'Rare_Macro_SF': 0.17618222624719454, 'Min_Rare_F1': 0.07339449541284404, 'F1_N': 0.5551763367463026, 'F1_S': 0.27896995708154504, 'F1_V': 0.7695560253699789, 'F1_F': 0.07339449541284404, 'Recall_S': 0.17015706806282724, 'Recall_F': 0.2222222222222222, 'best_epoch': 2}]",117.99958515167236,111.47999548912048,0,COMPLETE
10,0.1567306182422667,0.40803094073182034,2026-08-10 14:12:02.788450,2026-08-10 14:13:33.101061,0 days 00:01:30.312611,5,sym5|3,224x160,log1p,0.010101010101010102,0.5632041497095097,0.3033602263835233,0.7554583767332383,0.018518518518518517,0.2006980802792321,3.0,"{'method': 'DWT', 'image_size': [224, 160], 'norm_type': 'log1p', 'clip_pct': 5, 'wavelet': 'sym5', 'level': 3}",0.40803094073182034,0.041876543216578396,0.010101010101010102,0.017495462702715934,4.636715888977051,0.1567306182422667,0.0688540113968742,"[{'seed': 42, 'Macro_F1': 0.38977755802866076, 'Rare_Macro_SF': 0.1145374449339207, 'Min_Rare_F1': 0.0, 'F1_N': 0.5583982202447163, 'F1_S': 0.2290748898678414, 'F1_V': 0.7716371220020855, 'F1_F': 0.0, 'Recall_S': 0.13612565445026178, 'Recall_F': 0.0, 'best_epoch': 5}, {'seed': 43, 'Macro_F1': 0.37837934709438914, 'Rare_Macro_SF': 0.11946902654867257, 'Min_Rare_F1': 0.0, 'F1_N': 0.5425531914893617, 'F1_S': 0.23893805309734514, 'F1_V': 0.7320261437908496, 'F1_F': 0.0, 'Recall_S': 0.14136125654450263, 'Recall_F': 0.0, 'best_epoch': 3}, {'seed': 44, 'Macro_F1': 0.4559359170724111, 'Rare_Macro_SF': 0.2361853832442068, 'Min_Rare_F1': 0.030303030303030304, 'F1_N': 0.5886610373944512, 'F1_S': 0.44206773618538325, 'F1_V': 0.7627118644067796, 'F1_F': 0.030303030303030304, 'Recall_S': 0.32460732984293195, 'Recall_F': 0.05555555555555555, 'best_epoch': 2}]",89.97187519073486,85.17190051078796,1,COMPLETE
21,0.15607322911699378,0.3822418915737485,2026-08-10 14:31:08.772783,2026-08-10 14:32:50.494333,0 days 00:01:41.721550,5,db4|3,224x160,log1p,0.0,0.5287368326660796,0.31214645823398757,0.6880842753949271,0.0,0.20331588132635256,4.0,"{'method': 'DWT', 'image_size': [224, 160], 'norm_type': 'log1p', 'clip_pct': 5, 'wavelet': 'db4', 'level': 3}",0.3822418915737485,0.023361649079291863,0.0,0.0,4.58844518661499,0.15607322911699378,0.04914422155006307,"[{'seed': 42, 'Macro_F1': 0.3624465794841949, 'Rare_Macro_SF': 0.16463414634146342, 'Min_Rare_F1': 0.0, 'F1_N': 0.4381188118811881, 'F1_S': 0.32926829268292684, 'F1_V': 0.6823992133726647, 'F1_F': 0.0, 'Recall_S': 0.21204188481675393, 'Recall_F': 0.0, 'best_epoch': 4}, {'seed': 43, 'Macro_F1': 0.3762689502081612, 'Rare_Macro_SF': 0.10321100917431193, 'Min_Rare_F1': 0.0, 'F1_N': 0.5551982851018221, 'F1_S': 0.20642201834862386, 'F1_V': 0.743455497382199, 'F1_F': 0.0, 'Recall_S': 0.11780104712041885, 'Recall_F': 0.0, 'best_epoch': 3}, {'seed': 44, 'Macro_F1': 0.4080101450288895, 'Rare_Macro_SF': 0.20037453183520598, 'Min_Rare_F1': 0.0, 'F1_N': 0.5928934010152285, 'F1_S': 0.40074906367041196, 'F1_V': 0.6383981154299175, 'F1_F': 0.0, 'Recall_S': 0.2801047120418848, 'Recall_F': 0.0, 'best_epoch': 6}]",101.36051774024963,96.606689453125,2,COMPLETE
2,0.15155149421996736,0.4329000459762525,2026-08-10 13:55:05.519203,2026-08-10 13:56:19.423220,0 days 00:01:13.904017,1,db6|3,160x160,log1p,0.0,0.6486466953844646,0.3031029884399347,0.7798505000806107,0.0,0.19284467713787087,5.0,"{'method': 'DWT', 'image_size': [160, 160], 'norm_type': 'log1p', 'clip_pct': 1, 'wavelet': 'db6', 'level': 3}",0.4329000459762525,0.004998726040762056,0.0,0.0,3.8167970180511475,0.15155149421996736,0.008470287021733509,"[{'seed': 42, 'Macro_F1': 0.4290974717442335, 'Rare_Macro_SF': 0.1422680412371134, 'Min_Rare_F1': 0.0, 'F1_N': 0.6508620689655172, 'F1_S': 0.2845360824742268, 'F1_V': 0.78099173553719, 'F1_F': 0.0, 'Recall_S': 0.1806282722513089, 'Recall_F': 0.0, 'best_epoch': 3}, {'seed': 43, 'Macro_F1': 0.4385619957915853, 'Rare_Macro_SF': 0.15885947046843177, 'Min_Rare_F1': 0.0, 'F1_N': 0.659316427783903, 'F1_S': 0.31771894093686354, 'F1_V': 0.7772126144455748, 'F1_F': 0.0, 'Recall_S': 0.20418848167539266, 'Recall_F': 0.0, 'best_epoch': 5}, {'seed': 44, 'Macro_F1': 0.43104067039293864, 'Rare_Macro_SF': 0.15352697095435686, 'Min_Rare_F1': 0.0, 'F1_N': 0.6357615894039735, 'F1_S': 0.3070539419087137, 'F1_V': 0.7813471502590673, 'F1_F': 0.0, 'Recall_S': 0.193717277486911, 'Recall_F': 0.0, 'best_epoch': 5}]",73.57126045227051,69.57904005050659,0,COMPLETE
39,0.15000058225455368,0.40885441090683333,2026-08-10 15:01:07.013022,2026-08-10 15:02:38.910952,0 days 00:01:31.897930,3,sym5|3,160x256,linear,0.09572072072072073,0.5951043923697529,0.20428044378838664,0.740312086748473,0.1111111111111111,0.1212914485165794,3.0,"{'method': 'DWT', 'image_size': [160, 256], 'norm_type': 'linear', 'clip_pct': 3, 'wavelet': 'sym5', 'level': 3}",0.40885441090683333,0.044591652777207134,0.09572072072072073,0.08495350996640674,4.6024651527404785,0.15000058225455368,0.08567782565080395,"[{'seed': 42, 'Macro_F1': 0.35987893662428494, 'Rare_Macro_SF': 0.05185185185185185, 'Min_Rare_F1': 0.0, 'F1_N': 0.5705059203444564, 'F1_S': 0.1037037037037037, 'F1_V': 0.7653061224489796, 'F1_F': 0.0, 'Recall_S': 0.0549738219895288, 'Recall_F': 0.0, 'best_epoch': 3}, {'seed': 43, 'Macro_F1': 0.419577421879288, 'Rare_Macro_SF': 0.18831344902386118, 'Min_Rare_F1': 0.125, 'F1_N': 0.5922233300099701, 'F1_S': 0.25162689804772237, 'F1_V': 0.7094594594594594, 'F1_F': 0.125, 'Recall_S': 0.1518324607329843, 'Recall_F': 0.16666666666666666, 'best_epoch': 3}, {'seed': 44, 'Macro_F1': 0.4471068742169271, 'Rare_Macro_SF': 0.20983644588794803, 'Min_Rare_F1': 0.16216216216216217, 'F1_N': 0.6225839267548321, 'F1_S': 0.2575107296137339, 'F1_V': 0.7461706783369803, 'F1_F': 0.16216216216216217, 'Recall_S': 0.15706806282722513, 'Recall_F': 0.16666666666666666, 'best_epoch': 2}]",91.56812810897827,86.81802558898926,4,COMPLETE
5,0.14439358630547883,0.40680245234338486,2026-08-10 14:01:13.025799,2026-08-10 14:03:50.073639,0 days 00:02:37.047840,5,sym5|3,224x256,sqrt,0.009950248756218905,0.5906861267993322,0.27883692385473874,0.7477365099632496,0.018518518518518517,0.17539267015706805,5.0,"{'method': 'DWT', 'image_size': [224, 256], 'norm_type': 'sqrt', 'clip_pct': 5, 'wavelet': 'sym5', 'level': 3}",0.40680245234338486,0.025217284711527024,0.009950248756218905,0.017234336393720174,5.791212320327759,0.14439358630547883,0.03883036311285491,"[{'seed': 42, 'Macro_F1': 0.38411213673012023, 'Rare_Macro_SF': 0.10138248847926268, 'Min_Rare_F1': 0.0, 'F1_N': 0.5861297539149888, 'F1_S': 0.20276497695852536, 'F1_V': 0.7475538160469667, 'F1_F': 0.0, 'Recall_S': 0.11518324607329843, 'Recall_F': 0.0, 'best_epoch': 5}, {'seed': 43, 'Macro_F1': 0.4339518384212756, 'Rare_Macro_SF': 0.17686869297238503, 'Min_Rare_F1': 0.029850746268656716, 'F1_N': 0.6169265033407573, 'F1_S': 0.32388663967611336, 'F1_V': 0.7651434643995749, 'F1_F': 0.029850746268656716, 'Recall_S': 0.2094240837696335, 'Recall_F': 0.05555555555555555, 'best_epoch': 3}, {'seed': 44, 'Macro_F1': 0.40234338187875873, 'Rare_Macro_SF': 0.15492957746478872, 'Min_Rare_F1': 0.0, 'F1_N': 0.5690021231422505, 'F1_S': 0.30985915492957744, 'F1_V': 0.7305122494432071, 'F1_F': 0.0, 'Recall_S': 0.20157068062827224, 'Recall_F': 0.0, 'best_epoch': 5}]",156.71481585502625,150.7671115398407,0,COMPLETE
9,0.14439358630547883,0.40680245234338486,2026-08-10 14:09:25.045336,2026-08-10 14:12:02.527909,0 days 00:02:37.482573,5,sym5|3,224x256,sqrt,0.009950248756218905,0.5906861267993322,0.27883692385473874,0.7477365099632496,0.018518518518518517,0.17539267015706805,5.0,"{'method': 'DWT', 'image_size': [224, 256], 'norm_type': 'sqrt', 'clip_pct': 5, 'wavelet': 'sym5', 'level': 3}",0.40680245234338486,0.025217284711527024,0.009950248756218905,0.017234336393720174,6.184316873550415,0.14439358630547883,0.03883036311285491,"[{'seed': 42, 'Macro_F1': 0.38411213673012023, 'Rare_Macro_SF': 0.10138248847926268, 'Min_Rare_F1': 0.0, 'F1_N': 0.5861297539149888, 'F1_S': 0.20276497695852536, 'F1_V': 0.7475538160469667, 'F1_F': 0.0, 'Recall_S': 0.11518324607329843, 'Recall_F': 0.0, 'best_epoch': 5}, {'seed': 43, 'Macro_F1': 0.4339518384212756, 'Rare_Macro_SF': 0.17686869297238503, 'Min_Rare_F1': 0.029850746268656716, 'F1_N': 0.6169265033407573, 'F1_S': 0.32388663967611336, 'F1_V': 0.7651434643995749, 'F1_F': 0.029850746268656716, 'Recall_S': 0.2094240837696335, 'Recall_F': 0.05555555555555555, 'best_epoch': 3}, {'seed': 44, 'Macro_F1': 0.40234338187875873, 'Rare_Macro_SF': 0.15492957746478872, 'Min_Rare_F1': 0.0, 'F1_N': 0.5690021231422505, 'F1_S': 0.30985915492957744, 'F1_V': 0.7305122494432071, 'F1_F': 0.0, 'Recall_S': 0.20157068062827224, 'Recall_F': 0.0, 'best_epoch': 5}]",157.13472652435303,150.78565645217896,1,COMPLETE
17,0.14436262339180833,0.41230458042588464,2026-08-10 14:23:47.373819,2026-08-10 14:25:36.784240,0 days 00:01:49.410421,1,sym5|2,160x256,log1p,0.10271604938271606,0.6332213982840763,0.1860091974009006,0.7272716766358456,0.07407407407407407,0.11169284467713787,4.0,"{'method': 'DWT', 'image_size': [160, 256], 'norm_type': 'log1p', 'clip_pct': 1, 'wavelet': 'sym5', 'level': 2}",0.41230458042588464,0.022065532714988522,0.06137928845726617,0.07726863008686999,4.737159729003906,0.14436262339180833,0.05598179084844609,"[{'seed': 42, 'Macro_F1': 0.4088773042335, 'Rare_Macro_SF': 0.12854030501089325, 'Min_Rare_F1': 0.0, 'F1_N': 0.6416861826697893, 'F1_S': 0.2570806100217865, 'F1_V': 0.7367424242424242, 'F1_F': 0.0, 'Recall_S': 0.1544502617801047, 'Recall_F': 0.0, 'best_epoch': 4}, {'seed': 43, 'Macro_F1': 0.3921532221255059, 'Rare_Macro_SF': 0.09799485861182519, 'Min_Rare_F1': 0.03598971722365039, 'F1_N': 0.6339622641509434, 'F1_S': 0.03598971722365039, 'F1_V': 0.7386609071274298, 'F1_F': 0.16, 'Recall_S': 0.01832460732984293, 'Recall_F': 0.1111111111111111, 'best_epoch': 2}, {'seed': 44, 'Macro_F1': 0.43588321491864795, 'Rare_Macro_SF': 0.20655270655270655, 'Min_Rare_F1': 0.14814814814814814, 'F1_N': 0.6240157480314961, 'F1_S': 0.26495726495726496, 'F1_V': 0.7064116985376828, 'F1_F': 0.14814814814814814, 'Recall_S': 0.16230366492146597, 'Recall_F': 0.1111111111111111, 'best_epoch': 6}]",109.07978367805481,104.19602608680725,2,COMPLETE
4,0.14436017973036228,0.4124861349294903,2026-08-10 13:59:38.492195,2026-08-10 14:01:12.781567,0 days 00:01:34.289372,2,db6|3,192x160,log1p,0.0,0.6284535132350322,0.28872035946072455,0.7327706670222045,0.0,0.18150087260034906,4.0,"{'method': 'DWT', 'image_size': [192, 160], 'norm_type': 'log1p', 'clip_pct': 2, 'wavelet': 'db6', 'level': 3}",0.4124861349294903,0.007125804098148061,0.0,0.0,4.153395414352417,0.14436017973036228,0.014947859493265056,"[{'seed': 42, 'Macro_F1': 0.40545517588113933, 'Rare_Macro_SF': 0.15415821501014199, 'Min_Rare_F1': 0.0, 'F1_N': 0.6112820512820513, 'F1_S': 0.30831643002028397, 'F1_V': 0.7022222222222222, 'F1_F': 0.0, 'Recall_S': 0.19895287958115182, 'Recall_F': 0.0, 'best_epoch': 4}, {'seed': 43, 'Macro_F1': 0.41230008839128385, 'Rare_Macro_SF': 0.15176715176715178, 'Min_Rare_F1': 0.0, 'F1_N': 0.6101694915254238, 'F1_S': 0.30353430353430355, 'F1_V': 0.7354965585054081, 'F1_F': 0.0, 'Recall_S': 0.19109947643979058, 'Recall_F': 0.0, 'best_epoch': 3}, {'seed': 44, 'Macro_F1': 0.4197031405160477, 'Rare_Macro_SF': 0.1271551724137931, 'Min_Rare_F1': 0.0, 'F1_N': 0.6639089968976215, 'F1_S': 0.2543103448275862, 'F1_V': 0.760593220338983, 'F1_F': 0.0, 'Recall_S': 0.1544502617801047, 'Recall_F': 0.0, 'best_epoch': 12}]",93.9534957408905,89.6434690952301,0,COMPLETE
13,0.14181455605293616,0.41490872724189726,2026-08-10 14:17:07.534093,2026-08-10 14:18:52.041049,0 days 00:01:44.506956,5,db4|4,192x160,sqrt,0.0,0.6428424227914548,0.2836291121058723,0.7331633740702621,0.0,0.17102966841186737,5.0,"{'method': 'DWT', 'image_size': [192, 160], 'norm_type': 'sqrt', 'clip_pct': 5, 'wavelet': 'db4', 'level': 4}",0.41490872724189726,0.023961292954491186,0.0,0.0,4.278923034667969,0.14181455605293616,0.019283414411475307,"[{'seed': 42, 'Macro_F1': 0.39073456244365856, 'Rare_Macro_SF': 0.12666666666666668, 'Min_Rare_F1': 0.0, 'F1_N': 0.6231060606060606, 'F1_S': 0.25333333333333335, 'F1_V': 0.6864988558352403, 'F1_F': 0.0, 'Recall_S': 0.14921465968586387, 'Recall_F': 0.0, 'best_epoch': 5}, {'seed': 43, 'Macro_F1': 0.4153403011887163, 'Rare_Macro_SF': 0.1352549889135255, 'Min_Rare_F1': 0.0, 'F1_N': 0.6528599605522682, 'F1_S': 0.270509977827051, 'F1_V': 0.7379912663755459, 'F1_F': 0.0, 'Recall_S': 0.15968586387434555, 'Recall_F': 0.0, 'best_epoch': 5}, {'seed': 44, 'Macro_F1': 0.43865131809331703, 'Rare_Macro_SF': 0.16352201257861634, 'Min_Rare_F1': 0.0, 'F1_N': 0.6525612472160356, 'F1_S': 0.3270440251572327, 'F1_V': 0.775, 'F1_F': 0.0, 'Recall_S': 0.20418848167539266, 'Recall_F': 0.0, 'best_epoch': 9}]",104.1660566329956,99.72011280059814,1,COMPLETE
35,0.13887927754365223,0.39428090289019235,2026-08-10 14:55:51.466738,2026-08-10 14:56:51.612337,0 days 00:01:00.145599,4,sym5|3,160x160,log1p,0.027777777777777776,0.5358880534692613,0.24998077730952664,0.7634770030042036,0.018518518518518517,0.16841186736474692,3.0,"{'method': 'DWT', 'image_size': [160, 160], 'norm_type': 'log1p', 'clip_pct': 4, 'wavelet': 'sym5', 'level': 3}",0.39428090289019235,0.047547708756107546,0.027777777777777776,0.048112522432468816,3.736715078353882,0.13887927754365223,0.08848785855048746,"[{'seed': 42, 'Macro_F1': 0.3540182098493282, 'Rare_Macro_SF': 0.055288461538461536, 'Min_Rare_F1': 0.0, 'F1_N': 0.5211428571428571, 'F1_S': 0.11057692307692307, 'F1_V': 0.7843530591775326, 'F1_F': 0.0, 'Recall_S': 0.060209424083769635, 'Recall_F': 0.0, 'best_epoch': 3}, {'seed': 43, 'Macro_F1': 0.3820862340394333, 'Rare_Macro_SF': 0.12978723404255318, 'Min_Rare_F1': 0.0, 'F1_N': 0.5053635280095352, 'F1_S': 0.25957446808510637, 'F1_V': 0.7634069400630915, 'F1_F': 0.0, 'Recall_S': 0.15968586387434555, 'Recall_F': 0.0, 'best_epoch': 3}, {'seed': 44, 'Macro_F1': 0.4467382647818156, 'Rare_Macro_SF': 0.2315621370499419, 'Min_Rare_F1': 0.08333333333333333, 'F1_N': 0.5811577752553916, 'F1_S': 0.3797909407665505, 'F1_V': 0.742671009771987, 'F1_F': 0.08333333333333333, 'Recall_S': 0.28534031413612565, 'Recall_F': 0.05555555555555555, 'best_epoch': 2}]",59.819580078125,55.94355750083923,4,COMPLETE
22,0.13723408678189997,0.39544970671972357,2026-08-10 14:32:50.785003,2026-08-10 14:34:00.109611,0 days 00:01:09.324608,5,db4|3,128x160,log1p,0.0,0.5990967885196831,0.27446817356379993,0.7082338647954115,0.0,0.17102966841186737,6.0,"{'method': 'DWT', 'image_size': [128, 160], 'norm_type': 'log1p', 'clip_pct': 5, 'wavelet': 'db4', 'level': 3}",0.39544970671972357,0.006732780672003781,0.0,0.0,3.5430288314819336,0.13723408678189997,0.019262565220670456,"[{'seed': 42, 'Macro_F1': 0.40169652034972214, 'Rare_Macro_SF': 0.158953722334004, 'Min_Rare_F1': 0.0, 'F1_N': 0.6161719549641761, 'F1_S': 0.317907444668008, 'F1_V': 0.6727066817667045, 'F1_F': 0.0, 'Recall_S': 0.20680628272251309, 'Recall_F': 0.0, 'best_epoch': 12}, {'seed': 43, 'Macro_F1': 0.3883183920737786, 'Rare_Macro_SF': 0.12222222222222222, 'Min_Rare_F1': 0.0, 'F1_N': 0.5872689938398358, 'F1_S': 0.24444444444444444, 'F1_V': 0.7215601300108342, 'F1_F': 0.0, 'Recall_S': 0.14397905759162305, 'Recall_F': 0.0, 'best_epoch': 3}, {'seed': 44, 'Macro_F1': 0.39633420773567, 'Rare_Macro_SF': 0.13052631578947368, 'Min_Rare_F1': 0.0, 'F1_N': 0.5938494167550371, 'F1_S': 0.26105263157894737, 'F1_V': 0.7304347826086957, 'F1_F': 0.0, 'Recall_S': 0.16230366492146597, 'Recall_F': 0.0, 'best_epoch': 6}]",68.99298739433289,65.28496551513672,2,COMPLETE
34,0.13421642591850966,0.41088099631010655,2026-08-10 14:54:38.181084,2026-08-10 14:55:51.226623,0 days 00:01:13.045539,5,sym4|2,128x128,linear,0.0,0.6300591790210727,0.2684328518370193,0.7450319543823344,0.0,0.1649214659685864,5.0,"{'method': 'DWT', 'image_size': [128, 128], 'norm_type': 'linear', 'clip_pct': 5, 'wavelet': 'sym4', 'level': 2}",0.41088099631010655,0.008768906677892057,0.0,0.0,3.024435520172119,0.13421642591850966,0.0046336844361470125,"[{'seed': 42, 'Macro_F1': 0.40189800926685965, 'Rare_Macro_SF': 0.13900414937759337, 'Min_Rare_F1': 0.0, 'F1_N': 0.5970488081725313, 'F1_S': 0.27800829875518673, 'F1_V': 0.7325349301397206, 'F1_F': 0.0, 'Recall_S': 0.17539267015706805, 'Recall_F': 0.0, 'best_epoch': 5}, {'seed': 43, 'Macro_F1': 0.41941886872664624, 'Rare_Macro_SF': 0.13389121338912133, 'Min_Rare_F1': 0.0, 'F1_N': 0.6590909090909091, 'F1_S': 0.26778242677824265, 'F1_V': 0.7508021390374332, 'F1_F': 0.0, 'Recall_S': 0.16753926701570682, 'Recall_F': 0.0, 'best_epoch': 8}, {'seed': 44, 'Macro_F1': 0.4113261109368138, 'Rare_Macro_SF': 0.1297539149888143, 'Min_Rare_F1': 0.0, 'F1_N': 0.6340378197997776, 'F1_S': 0.2595078299776286, 'F1_V': 0.7517587939698492, 'F1_F': 0.0, 'Recall_S': 0.1518324607329843, 'Recall_F': 0.0, 'best_epoch': 4}]",72.71793556213379,69.54570984840393,4,COMPLETE
6,0.13167775230926013,0.3912651883150122,2026-08-10 14:03:50.325681,2026-08-10 14:05:39.850415,0 days 00:01:49.524734,2,sym5|4,160x224,linear,0.009876543209876543,0.5282610027154292,0.2534789614086437,0.7734442459260995,0.037037037037037035,0.15706806282722513,6.0,"{'method': 'DWT', 'image_size': [160, 224], 'norm_type': 'linear', 'clip_pct': 2, 'wavelet': 'sym5', 'level': 4}",0.3912651883150122,0.017050782693207655,0.009876543209876543,0.008553337321327788,4.495737314224243,0.13167775230926013,0.014071866598551721,"[{'seed': 42, 'Macro_F1': 0.37462986177399843, 'Rare_Macro_SF': 0.1274947436519489, 'Min_Rare_F1': 0.014814814814814815, 'F1_N': 0.48409090909090907, 'F1_S': 0.24017467248908297, 'F1_V': 0.7594390507011867, 'F1_F': 0.014814814814814815, 'Recall_S': 0.14397905759162305, 'Recall_F': 0.05555555555555555, 'best_epoch': 6}, {'seed': 43, 'Macro_F1': 0.4087030831399464, 'Rare_Macro_SF': 0.12017167381974249, 'Min_Rare_F1': 0.0, 'F1_N': 0.6115879828326181, 'F1_S': 0.24034334763948498, 'F1_V': 0.7828810020876826, 'F1_F': 0.0, 'Recall_S': 0.14659685863874344, 'Recall_F': 0.0, 'best_epoch': 3}, {'seed': 44, 'Macro_F1': 0.39046262003109183, 'Rare_Macro_SF': 0.14736683945608897, 'Min_Rare_F1': 0.014814814814814815, 'F1_N': 0.4891041162227603, 'F1_S': 0.2799188640973631, 'F1_V': 0.7780126849894292, 'F1_F': 0.014814814814814815, 'Recall_S': 0.1806282722513089, 'Recall_F': 0.05555555555555555, 'best_epoch': 6}]",109.181401014328,104.51379680633545,0,COMPLETE
16,0.13158198022891202,0.4043049199223578,2026-08-10 14:22:40.780758,2026-08-10 14:23:47.108313,0 days 00:01:06.327555,1,db4|3,128x128,log1p,0.010256410256410256,0.5807692273236844,0.25290755020141376,0.7732864919079225,0.018518518518518517,0.1518324607329843,3.0,"{'method': 'DWT', 'image_size': [128, 128], 'norm_type': 'log1p', 'clip_pct': 1, 'wavelet': 'db4', 'level': 3}",0.4043049199223578,0.01204711647046191,0.010256410256410256,0.0177646236673731,3.2563788890838623,0.13158198022891202,0.018681674175316687,"[{'seed': 42, 'Macro_F1': 0.39817478241526183, 'Rare_Macro_SF': 0.13675213675213677, 'Min_Rare_F1': 0.0, 'F1_N': 0.5514124293785311, 'F1_S': 0.27350427350427353, 'F1_V': 0.7677824267782427, 'F1_F': 0.0, 'Recall_S': 0.16753926701570682, 'Recall_F': 0.0, 'best_epoch': 3}, {'seed': 43, 'Macro_F1': 0.3965556890748707, 'Rare_Macro_SF': 0.11085972850678733, 'Min_Rare_F1': 0.0, 'F1_N': 0.5869565217391305, 'F1_S': 0.22171945701357465, 'F1_V': 0.7775467775467776, 'F1_F': 0.0, 'Recall_S': 0.12827225130890052, 'Recall_F': 0.0, 'best_epoch': 3}, {'seed': 44, 'Macro_F1': 0.41818428827694076, 'Rare_Macro_SF': 0.14713407542781193, 'Min_Rare_F1': 0.03076923076923077, 'F1_N': 0.6039387308533917, 'F1_S': 0.2634989200863931, 'F1_V': 0.7745302713987474, 'F1_F': 0.03076923076923077, 'Recall_S': 0.15968586387434555, 'Recall_F': 0.05555555555555555, 'best_epoch': 8}]",65.97647953033447,62.56879663467407,2,COMPLETE
24,0.1277567473509135,0.40280871758977704,2026-08-10 14:36:09.253406,2026-08-10 14:37:54.560749,0 days 00:01:45.307343,5,db6|3,224x160,linear,0.0,0.5834136903042884,0.255513494701827,0.7723076853529927,0.0,0.16230366492146597,5.0,"{'method': 'DWT', 'image_size': [224, 160], 'norm_type': 'linear', 'clip_pct': 5, 'wavelet': 'db6', 'level': 3}",0.40280871758977704,0.021736237497435643,0.0,0.0,4.468072414398193,0.1277567473509135,0.06356847952395445,"[{'seed': 42, 'Macro_F1': 0.37799563920821894, 'Rare_Macro_SF': 0.05502392344497608, 'Min_Rare_F1': 0.0, 'F1_N': 0.6237006237006237, 'F1_S': 0.11004784688995216, 'F1_V': 0.7782340862422998, 'F1_F': 0.0, 'Recall_S': 0.060209424083769635, 'Recall_F': 0.0, 'best_epoch': 3}, {'seed': 43, 'Macro_F1': 0.41848594118415094, 'Rare_Macro_SF': 0.15555555555555556, 'Min_Rare_F1': 0.0, 'F1_N': 0.5922444183313749, 'F1_S': 0.3111111111111111, 'F1_V': 0.7705882352941177, 'F1_F': 0.0, 'Recall_S': 0.20157068062827224, 'Recall_F': 0.0, 'best_epoch': 5}, {'seed': 44, 'Macro_F1': 0.41194457237696114, 'Rare_Macro_SF': 0.17269076305220885, 'Min_Rare_F1': 0.0, 'F1_N': 0.5342960288808665, 'F1_S': 0.3453815261044177, 'F1_V': 0.7681007345225603, 'F1_F': 0.0, 'Recall_S': 0.225130890052356, 'Recall_F': 0.0, 'best_epoch': 6}]",104.95165038108826,100.32106375694275,3,COMPLETE
27,0.11773461777109125,0.3962061558885992,2026-08-10 14:41:42.765921,2026-08-10 14:43:19.147864,0 days 00:01:36.381943,3,sym5|3,224x192,linear,0.028985507246376812,0.6132228351367083,0.20648372829580572,0.7361325528755063,0.037037037037037035,0.12216404886561955,3.0,"{'method': 'DWT', 'image_size': [224, 192], 'norm_type': 'linear', 'clip_pct': 3, 'wavelet': 'sym5', 'level': 3}",0.3962061558885992,0.012743048529471316,0.028985507246376812,0.050204371233880496,4.737679719924927,0.11773461777109125,0.046608118490345574,"[{'seed': 42, 'Macro_F1': 0.383970916654672, 'Rare_Macro_SF': 0.07582938388625593, 'Min_Rare_F1': 0.0, 'F1_N': 0.6316894018887723, 'F1_S': 0.15165876777251186, 'F1_V': 0.7525354969574036, 'F1_F': 0.0, 'Recall_S': 0.08376963350785341, 'Recall_F': 0.0, 'best_epoch': 3}, {'seed': 43, 'Macro_F1': 0.4094025802415961, 'Rare_Macro_SF': 0.16793240934118092, 'Min_Rare_F1': 0.08695652173913043, 'F1_N': 0.5948103792415169, 'F1_S': 0.24890829694323144, 'F1_V': 0.7069351230425056, 'F1_F': 0.08695652173913043, 'Recall_S': 0.14921465968586387, 'Recall_F': 0.1111111111111111, 'best_epoch': 3}, {'seed': 44, 'Macro_F1': 0.3952449707695297, 'Rare_Macro_SF': 0.10944206008583691, 'Min_Rare_F1': 0.0, 'F1_N': 0.6131687242798354, 'F1_S': 0.21888412017167383, 'F1_V': 0.7489270386266095, 'F1_F': 0.0, 'Recall_S': 0.13350785340314136, 'Recall_F': 0.0, 'best_epoch': 2}]",96.0324478149414,91.11330533027649,3,COMPLETE
3,0.10987591536980373,0.408639590746433,2026-08-10 13:56:19.678120,2026-08-10 13:59:38.249048,0 days 00:03:18.570928,5,db6|3,224x256,linear,0.0,0.6445468764347226,0.21975183073960747,0.7702596558114019,0.0,0.13438045375218152,7.0,"{'method': 'DWT', 'image_size': [224, 256], 'norm_type': 'linear', 'clip_pct': 5, 'wavelet': 'db6', 'level': 3}",0.408639590746433,0.02441888454852768,0.0,0.0,5.913571834564209,0.10987591536980373,0.04967075313671169,"[{'seed': 42, 'Macro_F1': 0.4103121185552733, 'Rare_Macro_SF': 0.10690423162583519, 'Min_Rare_F1': 0.0, 'F1_N': 0.6438502673796791, 'F1_S': 0.21380846325167038, 'F1_V': 0.7835897435897435, 'F1_F': 0.0, 'Recall_S': 0.1256544502617801, 'Recall_F': 0.0, 'best_epoch': 8}, {'seed': 43, 'Macro_F1': 0.4321792147364223, 'Rare_Macro_SF': 0.16096579476861167, 'Min_Rare_F1': 0.0, 'F1_N': 0.6496272630457934, 'F1_S': 0.32193158953722334, 'F1_V': 0.7571580063626723, 'F1_F': 0.0, 'Recall_S': 0.2094240837696335, 'Recall_F': 0.0, 'best_epoch': 7}, {'seed': 44, 'Macro_F1': 0.38342743894760345, 'Rare_Macro_SF': 0.06175771971496437, 'Min_Rare_F1': 0.0, 'F1_N': 0.6401630988786952, 'F1_S': 0.12351543942992874, 'F1_V': 0.7700312174817898, 'F1_F': 0.0, 'Recall_S': 0.06806282722513089, 'Recall_F': 0.0, 'best_epoch': 5}]",198.2333688735962,192.149178981781,0,COMPLETE
30,0.10221266306792624,0.38652638338776696,2026-08-10 14:47:55.452436,2026-08-10 14:49:18.216790,0 days 00:01:22.764354,4,sym5|3,160x224,log1p,0.0,0.5775658231356006,0.2044253261358525,0.7641143842796149,0.0,0.12478184991273995,3.0,"{'method': 'DWT', 'image_size': [160, 224], 'norm_type': 'log1p', 'clip_pct': 4, 'wavelet': 'sym5', 'level': 3}",0.38652638338776696,0.01125271309123511,0.0,0.0,4.51623272895813,0.10221266306792624,0.0436833113118279,"[{'seed': 42, 'Macro_F1': 0.3794447411605531, 'Rare_Macro_SF': 0.10964912280701754, 'Min_Rare_F1': 0.0, 'F1_N': 0.5315005727376861, 'F1_S': 0.21929824561403508, 'F1_V': 0.7669801462904912, 'F1_F': 0.0, 'Recall_S': 0.13089005235602094, 'Recall_F': 0.0, 'best_epoch': 3}, {'seed': 43, 'Macro_F1': 0.39950178501340305, 'Rare_Macro_SF': 0.1417004048582996, 'Min_Rare_F1': 0.0, 'F1_N': 0.5402160864345739, 'F1_S': 0.2834008097165992, 'F1_V': 0.774390243902439, 'F1_F': 0.0, 'Recall_S': 0.18324607329842932, 'Recall_F': 0.0, 'best_epoch': 4}, {'seed': 44, 'Macro_F1': 0.3806326239893448, 'Rare_Macro_SF': 0.055288461538461536, 'Min_Rare_F1': 0.0, 'F1_N': 0.6609808102345416, 'F1_S': 0.11057692307692307, 'F1_V': 0.7509727626459144, 'F1_F': 0.0, 'Recall_S': 0.060209424083769635, 'Recall_F': 0.0, 'best_epoch': 1}]",82.4323136806488,77.72968816757202,3,COMPLETE
25,0.10034256239809357,0.3793230630834727,2026-08-10 14:37:54.818151,2026-08-10 14:39:25.101898,0 days 00:01:30.283747,5,db4|3,224x160,sqrt,0.0392156862745098,0.5764844359094998,0.1614694385216773,0.7401226916282037,0.037037037037037035,0.10471204188481675,2.0,"{'method': 'DWT', 'image_size': [224, 160], 'norm_type': 'sqrt', 'clip_pct': 5, 'wavelet': 'db4', 'level': 3}",0.3793230630834727,0.031302767869428594,0.0392156862745098,0.06792356108113244,4.480956554412842,0.10034256239809357,0.09521136347061308,"[{'seed': 42, 'Macro_F1': 0.36549345781337306, 'Rare_Macro_SF': 0.11160714285714286, 'Min_Rare_F1': 0.0, 'F1_N': 0.5508474576271186, 'F1_S': 0.22321428571428573, 'F1_V': 0.6879120879120879, 'F1_F': 0.0, 'Recall_S': 0.13089005235602094, 'Recall_F': 0.0, 'best_epoch': 7}, {'seed': 43, 'Macro_F1': 0.3573169426723565, 'Rare_Macro_SF': 0.0, 'Min_Rare_F1': 0.0, 'F1_N': 0.6442021803766105, 'F1_S': 0.0, 'F1_V': 0.7850655903128153, 'F1_F': 0.0, 'Recall_S': 0.0, 'Recall_F': 0.0, 'best_epoch': 1}, {'seed': 44, 'Macro_F1': 0.4151587887646885, 'Rare_Macro_SF': 0.18942054433713784, 'Min_Rare_F1': 0.11764705882352941, 'F1_N': 0.5344036697247706, 'F1_S': 0.26119402985074625, 'F1_V': 0.7473903966597077, 'F1_F': 0.11764705882352941, 'Recall_S': 0.18324607329842932, 'Recall_F': 0.1111111111111111, 'best_epoch': 2}]",89.9526047706604,85.33023953437805,3,COMPLETE
15,0.09892053794058547,0.410808667923203,2026-08-10 14:21:14.388180,2026-08-10 14:22:40.491134,0 days 00:01:26.102954,1,db6|3,224x160,linear,0.0,0.6650765473773104,0.19784107588117095,0.7803170484343306,0.0,0.11954624781849914,3.0,"{'method': 'DWT', 'image_size': [224, 160], 'norm_type': 'linear', 'clip_pct': 1, 'wavelet': 'db6', 'level': 3}",0.410808667923203,0.030308439527376396,0.0,0.0,4.364383935928345,0.09892053794058547,0.06503369634039576,"[{'seed': 42, 'Macro_F1': 0.40723452246900305, 'Rare_Macro_SF': 0.10091743119266056, 'Min_Rare_F1': 0.0, 'F1_N': 0.6599799398194583, 'F1_S': 0.2018348623853211, 'F1_V': 0.7671232876712328, 'F1_F': 0.0, 'Recall_S': 0.11518324607329843, 'Recall_F': 0.0, 'best_epoch': 3}, {'seed': 43, 'Macro_F1': 0.4427457094693382, 'Rare_Macro_SF': 0.1629327902240326, 'Min_Rare_F1': 0.0, 'F1_N': 0.6659505907626209, 'F1_S': 0.3258655804480652, 'F1_V': 0.7791666666666667, 'F1_F': 0.0, 'Recall_S': 0.2094240837696335, 'Recall_F': 0.0, 'best_epoch': 5}, {'seed': 44, 'Macro_F1': 0.3824457718312677, 'Rare_Macro_SF': 0.03291139240506329, 'Min_Rare_F1': 0.0, 'F1_N': 0.6692991115498519, 'F1_S': 0.06582278481012659, 'F1_V': 0.7946611909650924, 'F1_F': 0.0, 'Recall_S': 0.034031413612565446, 'Recall_F': 0.0, 'best_epoch': 1}]",85.76457715034485,81.24087834358215,1,COMPLETE
37,0.08015419340266883,0.3829238822562046,2026-08-10 14:58:33.707395,2026-08-10 14:59:21.355314,0 days 00:00:47.647919,5,db6|3,96x128,linear,0.0,0.6122920913574447,0.16030838680533765,0.7590950508620361,0.0,0.09860383944153578,3.0,"{'method': 'DWT', 'image_size': [96, 128], 'norm_type': 'linear', 'clip_pct': 5, 'wavelet': 'db6', 'level': 3}",0.3829238822562046,0.02628364012281377,0.0,0.0,2.8074350357055664,0.08015419340266883,0.07080156679457152,"[{'seed': 42, 'Macro_F1': 0.3965290316044598, 'Rare_Macro_SF': 0.10629067245119306, 'Min_Rare_F1': 0.0, 'F1_N': 0.6206185567010309, 'F1_S': 0.21258134490238612, 'F1_V': 0.7529162248144221, 'F1_F': 0.0, 'Recall_S': 0.12827225130890052, 'Recall_F': 0.0, 'best_epoch': 3}, {'seed': 43, 'Macro_F1': 0.3526265279169186, 'Rare_Macro_SF': 0.0, 'Min_Rare_F1': 0.0, 'F1_N': 0.6438746438746439, 'F1_S': 0.0, 'F1_V': 0.7666314677930306, 'F1_F': 0.0, 'Recall_S': 0.0, 'Recall_F': 0.0, 'best_epoch': 1}, {'seed': 44, 'Macro_F1': 0.39961608724723535, 'Rare_Macro_SF': 0.13417190775681342, 'Min_Rare_F1': 0.0, 'F1_N': 0.5723830734966593, 'F1_S': 0.26834381551362685, 'F1_V': 0.7577374599786553, 'F1_F': 0.0, 'Recall_S': 0.16753926701570682, 'Recall_F': 0.0, 'best_epoch': 6}]",47.32285761833191,44.35457444190979,4,COMPLETE
12,0.07234679626836489,0.370599506179959,2026-08-10 14:15:36.212927,2026-08-10 14:17:07.284585,0 days 00:01:31.071658,2,bior3.5|3,192x160,log1p,0.010256410256410256,0.6053280256763304,0.13443718228031953,0.7323764065067763,0.018518518518518517,0.07853403141361257,6.0,"{'method': 'DWT', 'image_size': [192, 160], 'norm_type': 'log1p', 'clip_pct': 2, 'wavelet': 'bior3.5', 'level': 3}",0.370599506179959,0.019727776321562387,0.010256410256410256,0.0177646236673731,4.181337594985962,0.07234679626836489,0.06514493028295126,"[{'seed': 42, 'Macro_F1': 0.3752337805614999, 'Rare_Macro_SF': 0.0906787330316742, 'Min_Rare_F1': 0.03076923076923077, 'F1_N': 0.5911431513903193, 'F1_S': 0.15058823529411763, 'F1_V': 0.7284345047923323, 'F1_F': 0.03076923076923077, 'Recall_S': 0.08376963350785341, 'Recall_F': 0.05555555555555555, 'best_epoch': 6}, {'seed': 43, 'Macro_F1': 0.348967147418856, 'Rare_Macro_SF': 0.0, 'Min_Rare_F1': 0.0, 'F1_N': 0.6280667320902846, 'F1_S': 0.0, 'F1_V': 0.7678018575851393, 'F1_F': 0.0, 'Recall_S': 0.0, 'Recall_F': 0.0, 'best_epoch': 2}, {'seed': 44, 'Macro_F1': 0.38759759055952125, 'Rare_Macro_SF': 0.12636165577342048, 'Min_Rare_F1': 0.0, 'F1_N': 0.5967741935483871, 'F1_S': 0.25272331154684097, 'F1_V': 0.7008928571428571, 'F1_F': 0.0, 'Recall_S': 0.1518324607329843, 'Recall_F': 0.0, 'best_epoch': 6}]",90.73071622848511,86.38574838638306,1,COMPLETE
20,0.0722202783036589,0.375119946817197,2026-08-10 14:29:09.318421,2026-08-10 14:31:08.519550,0 days 00:01:59.201129,1,bior6.8|2,224x192,linear,0.011904761904761904,0.6151768132641541,0.13253579470255591,0.7408624173973163,0.018518518518518517,0.07678883071553229,4.0,"{'method': 'DWT', 'image_size': [224, 192], 'norm_type': 'linear', 'clip_pct': 1, 'wavelet': 'bior6.8', 'level': 2}",0.375119946817197,0.02270313196765342,0.011904761904761904,0.020619652471058063,4.858898639678955,0.0722202783036589,0.063575674783375,"[{'seed': 42, 'Macro_F1': 0.3909168876294351, 'Rare_Macro_SF': 0.1197339246119734, 'Min_Rare_F1': 0.0, 'F1_N': 0.5910064239828694, 'F1_S': 0.2394678492239468, 'F1_V': 0.7331932773109243, 'F1_F': 0.0, 'Recall_S': 0.14136125654450263, 'Recall_F': 0.0, 'best_epoch': 8}, {'seed': 43, 'Macro_F1': 0.38533982889886426, 'Rare_Macro_SF': 0.09692691029900333, 'Min_Rare_F1': 0.03571428571428571, 'F1_N': 0.6190975865687304, 'F1_S': 0.15813953488372093, 'F1_V': 0.72840790842872, 'F1_F': 0.03571428571428571, 'Recall_S': 0.08900523560209424, 'Recall_F': 0.05555555555555555, 'best_epoch': 4}, {'seed': 44, 'Macro_F1': 0.3491031239232917, 'Rare_Macro_SF': 0.0, 'Min_Rare_F1': 0.0, 'F1_N': 0.6354264292408622, 'F1_S': 0.0, 'F1_V': 0.7609860664523044, 'F1_F': 0.0, 'Recall_S': 0.0, 'Recall_F': 0.0, 'best_epoch': 1}]",118.85307574272156,113.82066130638123,2,COMPLETE
