number,values_0,values_1,datetime_start,datetime_complete,duration,params_clip_pct,params_image_size,params_norm_type,params_swt_level,params_swt_wavelet,user_attrs_F1_F,user_attrs_F1_N,user_attrs_F1_S,user_attrs_F1_V,user_attrs_Recall_F,user_attrs_Recall_S,user_attrs_best_epoch_median,user_attrs_config,user_attrs_macro_f1_mean,user_attrs_macro_f1_std,user_attrs_min_rare_f1_mean,user_attrs_min_rare_f1_std,user_attrs_preprocessing_seconds,user_attrs_rare_macro_sf_mean,user_attrs_rare_macro_sf_std,user_attrs_run_results,user_attrs_total_seconds,user_attrs_training_seconds,system_attrs_NSGAIISampler:generation,state
25,0.25019626167200637,0.42194503180313775,2026-08-10 15:50:55.715128,2026-08-10 15:51:56.862018,0 days 00:01:01.146890,1,96x128,linear,2,sym5,0.09438867207829287,0.4629156898359658,0.40600385126572,0.7244719140325726,0.40740740740740744,0.32024432809773123,6.0,"{'method': 'SWT', 'image_size': [96, 128], 'norm_type': 'linear', 'clip_pct': 1, 'wavelet': 'sym5', 'level': 2}",0.42194503180313775,0.01437440090296191,0.09438867207829287,0.04013108963310595,2.542131185531616,0.25019626167200637,0.030053852423108537,"[{'seed': 42, 'Macro_F1': 0.4320170978519768, 'Rare_Macro_SF': 0.2435275469523032, 'Min_Rare_F1': 0.11009174311926606, 'F1_N': 0.5006587615283268, 'F1_S': 0.3769633507853403, 'F1_V': 0.7403545359749739, 'F1_F': 0.11009174311926606, 'Recall_S': 0.28272251308900526, 'Recall_F': 0.3333333333333333, 'best_epoch': 9}, {'seed': 43, 'Macro_F1': 0.40548365346884074, 'Rare_Macro_SF': 0.22403688701197966, 'Min_Rare_F1': 0.04878048780487805, 'F1_N': 0.4305343511450382, 'F1_S': 0.3992932862190813, 'F1_V': 0.7433264887063655, 'F1_F': 0.04878048780487805, 'Recall_S': 0.29581151832460734, 'Recall_F': 0.2777777777777778, 'best_epoch': 3}, {'seed': 44, 'Macro_F1': 0.42833434408859583, 'Rare_Macro_SF': 0.28302435105173634, 'Min_Rare_F1': 0.12429378531073447, 'F1_N': 0.45755395683453237, 'F1_S': 0.44175491679273826, 'F1_V': 0.6897347174163783, 'F1_F': 0.12429378531073447, 'Recall_S': 0.38219895287958117, 'Recall_F': 0.6111111111111112, 'best_epoch': 6}]",60.803274631500244,58.09603524208069,3,COMPLETE
16,0.21985350359303635,0.4344319177011075,2026-08-10 15:31:56.102942,2026-08-10 15:34:33.390728,0 days 00:02:37.287786,1,224x256,linear,3,db4,0.12679113001693645,0.5776721216537699,0.3129158771691362,0.7203485419645873,0.2037037037037037,0.20157068062827224,4.0,"{'method': 'SWT', 'image_size': [224, 256], 'norm_type': 'linear', 'clip_pct': 1, 'wavelet': 'db4', 'level': 3}",0.4344319177011075,0.04216028497772883,0.12679113001693645,0.08569786822001364,7.012280702590942,0.21985350359303635,0.05656493327112071,"[{'seed': 42, 'Macro_F1': 0.4816397234550888, 'Rare_Macro_SF': 0.26946750644145434, 'Min_Rare_F1': 0.21428571428571427, 'F1_N': 0.6378947368421053, 'F1_S': 0.3246492985971944, 'F1_V': 0.7497291440953413, 'F1_F': 0.21428571428571427, 'Recall_S': 0.21204188481675393, 'Recall_F': 0.16666666666666666, 'best_epoch': 3}, {'seed': 43, 'Macro_F1': 0.40052961998200276, 'Rare_Macro_SF': 0.1582575130962228, 'Min_Rare_F1': 0.043010752688172046, 'F1_N': 0.5222772277227723, 'F1_S': 0.27350427350427353, 'F1_V': 0.7633262260127932, 'F1_F': 0.043010752688172046, 'Recall_S': 0.16753926701570682, 'Recall_F': 0.2222222222222222, 'best_epoch': 4}, {'seed': 44, 'Macro_F1': 0.4211264096662308, 'Rare_Macro_SF': 0.23183549124143185, 'Min_Rare_F1': 0.12307692307692308, 'F1_N': 0.5728444003964321, 'F1_S': 0.3405940594059406, 'F1_V': 0.6479902557856273, 'F1_F': 0.12307692307692308, 'Recall_S': 0.225130890052356, 'Recall_F': 0.2222222222222222, 'best_epoch': 6}]",156.93474864959717,149.7688512802124,2,COMPLETE
35,0.21985350359303635,0.4344319177011075,2026-08-10 16:06:02.266318,2026-08-10 16:08:39.772971,0 days 00:02:37.506653,1,224x256,linear,3,db4,0.12679113001693645,0.5776721216537699,0.3129158771691362,0.7203485419645873,0.2037037037037037,0.20157068062827224,4.0,"{'method': 'SWT', 'image_size': [224, 256], 'norm_type': 'linear', 'clip_pct': 1, 'wavelet': 'db4', 'level': 3}",0.4344319177011075,0.04216028497772883,0.12679113001693645,0.08569786822001364,6.920655250549316,0.21985350359303635,0.05656493327112071,"[{'seed': 42, 'Macro_F1': 0.4816397234550888, 'Rare_Macro_SF': 0.26946750644145434, 'Min_Rare_F1': 0.21428571428571427, 'F1_N': 0.6378947368421053, 'F1_S': 0.3246492985971944, 'F1_V': 0.7497291440953413, 'F1_F': 0.21428571428571427, 'Recall_S': 0.21204188481675393, 'Recall_F': 0.16666666666666666, 'best_epoch': 3}, {'seed': 43, 'Macro_F1': 0.40052961998200276, 'Rare_Macro_SF': 0.1582575130962228, 'Min_Rare_F1': 0.043010752688172046, 'F1_N': 0.5222772277227723, 'F1_S': 0.27350427350427353, 'F1_V': 0.7633262260127932, 'F1_F': 0.043010752688172046, 'Recall_S': 0.16753926701570682, 'Recall_F': 0.2222222222222222, 'best_epoch': 4}, {'seed': 44, 'Macro_F1': 0.4211264096662308, 'Rare_Macro_SF': 0.23183549124143185, 'Min_Rare_F1': 0.12307692307692308, 'F1_N': 0.5728444003964321, 'F1_S': 0.3405940594059406, 'F1_V': 0.6479902557856273, 'F1_F': 0.12307692307692308, 'Recall_S': 0.225130890052356, 'Recall_F': 0.2222222222222222, 'best_epoch': 6}]",157.15745067596436,150.0749032497406,4,COMPLETE
32,0.21802524731717102,0.42875588307165335,2026-08-10 16:02:31.408727,2026-08-10 16:03:36.449412,0 days 00:01:05.040685,1,96x128,linear,2,db4,0.0588137316782383,0.500165208768354,0.37723676295610375,0.7788078288839172,0.2222222222222222,0.2731239092495637,8.0,"{'method': 'SWT', 'image_size': [96, 128], 'norm_type': 'linear', 'clip_pct': 1, 'wavelet': 'db4', 'level': 2}",0.42875588307165335,0.011213621889905104,0.0588137316782383,0.020701720036907453,2.5481746196746826,0.21802524731717102,0.025290496652776287,"[{'seed': 42, 'Macro_F1': 0.4168639596495188, 'Rare_Macro_SF': 0.2343981710331191, 'Min_Rare_F1': 0.05357142857142857, 'F1_N': 0.41243862520458263, 'F1_S': 0.41522491349480967, 'F1_V': 0.7862208713272543, 'F1_F': 0.05357142857142857, 'Recall_S': 0.31413612565445026, 'Recall_F': 0.3333333333333333, 'best_epoch': 8}, {'seed': 43, 'Macro_F1': 0.4302654122202529, 'Rare_Macro_SF': 0.1888970866816886, 'Min_Rare_F1': 0.041237113402061855, 'F1_N': 0.5603864734299517, 'F1_S': 0.3365570599613153, 'F1_V': 0.7828810020876826, 'F1_F': 0.041237113402061855, 'Recall_S': 0.22774869109947643, 'Recall_F': 0.1111111111111111, 'best_epoch': 3}, {'seed': 44, 'Macro_F1': 0.4391382773451884, 'Rare_Macro_SF': 0.2307804842367054, 'Min_Rare_F1': 0.08163265306122448, 'F1_N': 0.5276705276705277, 'F1_S': 0.37992831541218636, 'F1_V': 0.7673216132368149, 'F1_F': 0.08163265306122448, 'Recall_S': 0.2774869109947644, 'Recall_F': 0.2222222222222222, 'best_epoch': 9}]",64.68509197235107,61.98297309875488,4,COMPLETE
0,0.2139594081918428,0.4415207464243522,2026-08-10 15:02:39.511525,2026-08-10 15:04:17.126714,0 days 00:01:37.615189,3,224x192,linear,4,sym4,0.18540051679586564,0.6241049820737539,0.24251829958782,0.7140591872399691,0.16666666666666666,0.14921465968586387,3.0,"{'method': 'SWT', 'image_size': [224, 192], 'norm_type': 'linear', 'clip_pct': 3, 'wavelet': 'sym4', 'level': 4}",0.4415207464243522,0.030115522372859988,0.18540051679586564,0.05756607798117366,5.7881410121917725,0.2139594081918428,0.042274878524723405,"[{'seed': 42, 'Macro_F1': 0.4177954838146239, 'Rare_Macro_SF': 0.16978193146417445, 'Min_Rare_F1': 0.16666666666666666, 'F1_N': 0.6380090497737556, 'F1_S': 0.17289719626168223, 'F1_V': 0.693609022556391, 'F1_F': 0.16666666666666666, 'Recall_S': 0.0968586387434555, 'Recall_F': 0.1111111111111111, 'best_epoch': 3}, {'seed': 43, 'Macro_F1': 0.4313656888549316, 'Rare_Macro_SF': 0.21806403504683786, 'Min_Rare_F1': 0.13953488372093023, 'F1_N': 0.5844636251541308, 'F1_S': 0.2965931863727455, 'F1_V': 0.7048710601719198, 'F1_F': 0.13953488372093023, 'Recall_S': 0.193717277486911, 'Recall_F': 0.16666666666666666, 'best_epoch': 3}, {'seed': 44, 'Macro_F1': 0.47540106660350107, 'Rare_Macro_SF': 0.2540322580645161, 'Min_Rare_F1': 0.25, 'F1_N': 0.6498422712933754, 'F1_S': 0.25806451612903225, 'F1_V': 0.7436974789915967, 'F1_F': 0.25, 'Recall_S': 0.15706806282722513, 'Recall_F': 0.2222222222222222, 'best_epoch': 2}]",97.26608443260193,91.30195426940918,0,COMPLETE
27,0.19509809161862865,0.4318102912743406,2026-08-10 15:53:35.156676,2026-08-10 15:54:30.022292,0 days 00:00:54.865616,3,128x128,linear,4,sym4,0.1272727272727273,0.6188353883215009,0.26292345596453,0.7182095935386044,0.1111111111111111,0.16753926701570684,3.0,"{'method': 'SWT', 'image_size': [128, 128], 'norm_type': 'linear', 'clip_pct': 3, 'wavelet': 'sym4', 'level': 4}",0.4318102912743406,0.03994963834999763,0.1272727272727273,0.11059568236905855,3.5408241748809814,0.19509809161862865,0.06463677057013224,"[{'seed': 42, 'Macro_F1': 0.3861564592530584, 'Rare_Macro_SF': 0.1210762331838565, 'Min_Rare_F1': 0.0, 'F1_N': 0.6335078534031413, 'F1_S': 0.242152466367713, 'F1_V': 0.6689655172413793, 'F1_F': 0.0, 'Recall_S': 0.14136125654450263, 'Recall_F': 0.0, 'best_epoch': 4}, {'seed': 43, 'Macro_F1': 0.44891275791189683, 'Rare_Macro_SF': 0.2403846153846154, 'Min_Rare_F1': 0.2, 'F1_N': 0.5950413223140496, 'F1_S': 0.28076923076923077, 'F1_V': 0.7198404785643071, 'F1_F': 0.2, 'Recall_S': 0.19109947643979058, 'Recall_F': 0.16666666666666666, 'best_epoch': 3}, {'seed': 44, 'Macro_F1': 0.4603616566580666, 'Rare_Macro_SF': 0.223833426287414, 'Min_Rare_F1': 0.18181818181818182, 'F1_N': 0.6279569892473118, 'F1_S': 0.2658486707566462, 'F1_V': 0.7658227848101266, 'F1_F': 0.18181818181818182, 'Recall_S': 0.17015706806282724, 'Recall_F': 0.16666666666666666, 'best_epoch': 2}]",54.503809213638306,50.78948903083801,3,COMPLETE
14,0.1866331937873518,0.42119670211458676,2026-08-10 15:28:10.244931,2026-08-10 15:30:48.230316,0 days 00:02:37.985385,3,224x256,linear,3,sym4,0.02725629258795717,0.5936573753122915,0.34601009498674645,0.7178630455713518,0.037037037037037035,0.24083769633507854,4.0,"{'method': 'SWT', 'image_size': [224, 256], 'norm_type': 'linear', 'clip_pct': 3, 'wavelet': 'sym4', 'level': 3}",0.42119670211458676,0.005444020941948058,0.02725629258795717,0.0236635553012441,7.291940450668335,0.1866331937873518,0.027600678763456017,"[{'seed': 42, 'Macro_F1': 0.42539952481367227, 'Rare_Macro_SF': 0.15694164989939638, 'Min_Rare_F1': 0.0, 'F1_N': 0.6472642607683353, 'F1_S': 0.31388329979879276, 'F1_V': 0.7404505386875612, 'F1_F': 0.0, 'Recall_S': 0.20418848167539266, 'Recall_F': 0.0, 'best_epoch': 4}, {'seed': 43, 'Macro_F1': 0.41504688675402834, 'Rare_Macro_SF': 0.21150925158795914, 'Min_Rare_F1': 0.0392156862745098, 'F1_N': 0.5337078651685393, 'F1_S': 0.38380281690140844, 'F1_V': 0.7034611786716558, 'F1_F': 0.0392156862745098, 'Recall_S': 0.28534031413612565, 'Recall_F': 0.05555555555555555, 'best_epoch': 3}, {'seed': 44, 'Macro_F1': 0.4231436947760597, 'Rare_Macro_SF': 0.19144867987469996, 'Min_Rare_F1': 0.0425531914893617, 'F1_N': 0.6, 'F1_S': 0.3403441682600382, 'F1_V': 0.7096774193548387, 'F1_F': 0.0425531914893617, 'Recall_S': 0.23298429319371727, 'Recall_F': 0.05555555555555555, 'best_epoch': 6}]",157.64633059501648,150.19871377944946,1,COMPLETE
17,0.1866331937873518,0.42119670211458676,2026-08-10 15:34:33.639766,2026-08-10 15:37:11.501853,0 days 00:02:37.862087,3,224x256,linear,3,sym4,0.02725629258795717,0.5936573753122915,0.34601009498674645,0.7178630455713518,0.037037037037037035,0.24083769633507854,4.0,"{'method': 'SWT', 'image_size': [224, 256], 'norm_type': 'linear', 'clip_pct': 3, 'wavelet': 'sym4', 'level': 3}",0.42119670211458676,0.005444020941948058,0.02725629258795717,0.0236635553012441,7.146122455596924,0.1866331937873518,0.027600678763456017,"[{'seed': 42, 'Macro_F1': 0.42539952481367227, 'Rare_Macro_SF': 0.15694164989939638, 'Min_Rare_F1': 0.0, 'F1_N': 0.6472642607683353, 'F1_S': 0.31388329979879276, 'F1_V': 0.7404505386875612, 'F1_F': 0.0, 'Recall_S': 0.20418848167539266, 'Recall_F': 0.0, 'best_epoch': 4}, {'seed': 43, 'Macro_F1': 0.41504688675402834, 'Rare_Macro_SF': 0.21150925158795914, 'Min_Rare_F1': 0.0392156862745098, 'F1_N': 0.5337078651685393, 'F1_S': 0.38380281690140844, 'F1_V': 0.7034611786716558, 'F1_F': 0.0392156862745098, 'Recall_S': 0.28534031413612565, 'Recall_F': 0.05555555555555555, 'best_epoch': 3}, {'seed': 44, 'Macro_F1': 0.4231436947760597, 'Rare_Macro_SF': 0.19144867987469996, 'Min_Rare_F1': 0.0425531914893617, 'F1_N': 0.6, 'F1_S': 0.3403441682600382, 'F1_V': 0.7096774193548387, 'F1_F': 0.0425531914893617, 'Recall_S': 0.23298429319371727, 'Recall_F': 0.05555555555555555, 'best_epoch': 6}]",157.50693488121033,150.19013047218323,2,COMPLETE
37,0.18461632510273338,0.4275783772768203,2026-08-10 16:10:00.006501,2026-08-10 16:10:54.618135,0 days 00:00:54.611634,2,128x128,linear,4,sym4,0.11998651836872261,0.6184424337514454,0.24924613183674407,0.7226384251503694,0.1111111111111111,0.15357766143106458,3.0,"{'method': 'SWT', 'image_size': [128, 128], 'norm_type': 'linear', 'clip_pct': 2, 'wavelet': 'sym4', 'level': 4}",0.4275783772768203,0.04440990896790061,0.11998651836872261,0.10408832165531576,3.5373194217681885,0.18461632510273338,0.053563345805843966,"[{'seed': 42, 'Macro_F1': 0.37631811780435553, 'Rare_Macro_SF': 0.12276785714285714, 'Min_Rare_F1': 0.0, 'F1_N': 0.605890603085554, 'F1_S': 0.24553571428571427, 'F1_V': 0.6538461538461539, 'F1_F': 0.0, 'Recall_S': 0.14397905759162305, 'Recall_F': 0.0, 'best_epoch': 4}, {'seed': 43, 'Macro_F1': 0.45197183258180273, 'Rare_Macro_SF': 0.21521303476518253, 'Min_Rare_F1': 0.17391304347826086, 'F1_N': 0.61742006615215, 'F1_S': 0.2565130260521042, 'F1_V': 0.7600411946446962, 'F1_F': 0.17391304347826086, 'Recall_S': 0.16753926701570682, 'Recall_F': 0.1111111111111111, 'best_epoch': 3}, {'seed': 44, 'Macro_F1': 0.4544451814443027, 'Rare_Macro_SF': 0.2158680834001604, 'Min_Rare_F1': 0.18604651162790697, 'F1_N': 0.632016632016632, 'F1_S': 0.24568965517241378, 'F1_V': 0.7540279269602578, 'F1_F': 0.18604651162790697, 'Recall_S': 0.14921465968586387, 'Recall_F': 0.2222222222222222, 'best_epoch': 2}]",54.27847075462341,50.582505226135254,4,COMPLETE
15,0.18354205713787408,0.38933495190380984,2026-08-10 15:30:48.478416,2026-08-10 15:31:55.853584,0 days 00:01:07.375168,3,96x128,log1p,2,sym5,0.06647975871883098,0.5197119327816658,0.3006043555569172,0.6705437605578252,0.1111111111111111,0.22425828970331588,7.0,"{'method': 'SWT', 'image_size': [96, 128], 'norm_type': 'log1p', 'clip_pct': 3, 'wavelet': 'sym5', 'level': 2}",0.38933495190380984,0.023954976170887567,0.06647975871883098,0.03793245590898613,2.6583445072174072,0.18354205713787408,0.08021945994572305,"[{'seed': 42, 'Macro_F1': 0.4057075218590672, 'Rare_Macro_SF': 0.2527552477702029, 'Min_Rare_F1': 0.1016949152542373, 'F1_N': 0.48239895697522817, 'F1_S': 0.40381558028616854, 'F1_V': 0.6349206349206349, 'F1_F': 0.1016949152542373, 'Recall_S': 0.3324607329842932, 'Recall_F': 0.16666666666666666, 'best_epoch': 8}, {'seed': 43, 'Macro_F1': 0.4004565694052942, 'Rare_Macro_SF': 0.20224880382775118, 'Min_Rare_F1': 0.02631578947368421, 'F1_N': 0.5119760479041916, 'F1_S': 0.3781818181818182, 'F1_V': 0.6853526220614828, 'F1_F': 0.02631578947368421, 'Recall_S': 0.27225130890052357, 'Recall_F': 0.05555555555555555, 'best_epoch': 7}, {'seed': 44, 'Macro_F1': 0.361840764447068, 'Rare_Macro_SF': 0.0956221198156682, 'Min_Rare_F1': 0.07142857142857142, 'F1_N': 0.5647607934655776, 'F1_S': 0.11981566820276497, 'F1_V': 0.691358024691358, 'F1_F': 0.07142857142857142, 'Recall_S': 0.06806282722513089, 'Recall_F': 0.1111111111111111, 'best_epoch': 5}]",67.03869724273682,64.22179675102234,1,COMPLETE
13,0.18310590508743083,0.42781821184311114,2026-08-10 15:26:23.832191,2026-08-10 15:28:09.995136,0 days 00:01:46.162945,5,192x224,linear,4,db4,0.10174730449644538,0.6145768554425928,0.26446450567841623,0.7304841817549903,0.12962962962962962,0.16404886561954626,3.0,"{'method': 'SWT', 'image_size': [192, 224], 'norm_type': 'linear', 'clip_pct': 5, 'wavelet': 'db4', 'level': 4}",0.42781821184311114,0.027950968388751496,0.10174730449644538,0.04351293251052879,5.790266036987305,0.18310590508743083,0.034638315253628364,"[{'seed': 42, 'Macro_F1': 0.4129121900923558, 'Rare_Macro_SF': 0.17234552464311764, 'Min_Rare_F1': 0.09523809523809523, 'F1_N': 0.6049261083743842, 'F1_S': 0.24945295404814005, 'F1_V': 0.7020316027088036, 'F1_F': 0.09523809523809523, 'Recall_S': 0.14921465968586387, 'Recall_F': 0.1111111111111111, 'best_epoch': 5}, {'seed': 43, 'Macro_F1': 0.41047980241743526, 'Rare_Macro_SF': 0.155124837192874, 'Min_Rare_F1': 0.061855670103092786, 'F1_N': 0.6047619047619047, 'F1_S': 0.24839400428265523, 'F1_V': 0.7269076305220884, 'F1_F': 0.061855670103092786, 'Recall_S': 0.1518324607329843, 'Recall_F': 0.16666666666666666, 'best_epoch': 3}, {'seed': 44, 'Macro_F1': 0.4600626430195424, 'Rare_Macro_SF': 0.2218473534263008, 'Min_Rare_F1': 0.14814814814814814, 'F1_N': 0.6340425531914894, 'F1_S': 0.29554655870445345, 'F1_V': 0.7625133120340788, 'F1_F': 0.14814814814814814, 'Recall_S': 0.19109947643979058, 'Recall_F': 0.1111111111111111, 'best_epoch': 2}]",105.82920145988464,99.8831934928894,1,COMPLETE
39,0.17325209195319738,0.39793356637725324,2026-08-10 16:12:56.738239,2026-08-10 16:13:52.618296,0 days 00:00:55.880057,1,96x128,linear,3,db4,0.04720433760243451,0.5067980619858817,0.2992998463039602,0.7384320196167363,0.20370370370370372,0.19633507853403143,4.0,"{'method': 'SWT', 'image_size': [96, 128], 'norm_type': 'linear', 'clip_pct': 1, 'wavelet': 'db4', 'level': 3}",0.39793356637725324,0.0034341739962146386,0.04720433760243451,0.026209111314194226,3.103008270263672,0.17325209195319738,0.015548819466953454,"[{'seed': 42, 'Macro_F1': 0.39406599119294816, 'Rare_Macro_SF': 0.18380054051189657, 'Min_Rare_F1': 0.04424778761061947, 'F1_N': 0.4386206896551724, 'F1_S': 0.32335329341317365, 'F1_V': 0.770042194092827, 'F1_F': 0.04424778761061947, 'Recall_S': 0.21204188481675393, 'Recall_F': 0.2777777777777778, 'best_epoch': 4}, {'seed': 43, 'Macro_F1': 0.39910910092352503, 'Rare_Macro_SF': 0.1553955999303419, 'Min_Rare_F1': 0.07476635514018691, 'F1_N': 0.574235807860262, 'F1_S': 0.2360248447204969, 'F1_V': 0.7114093959731543, 'F1_F': 0.07476635514018691, 'Recall_S': 0.14921465968586387, 'Recall_F': 0.2222222222222222, 'best_epoch': 4}, {'seed': 44, 'Macro_F1': 0.40062560701528654, 'Rare_Macro_SF': 0.18056013541735366, 'Min_Rare_F1': 0.022598870056497175, 'F1_N': 0.507537688442211, 'F1_S': 0.33852140077821014, 'F1_V': 0.7338444687842278, 'F1_F': 0.022598870056497175, 'Recall_S': 0.22774869109947643, 'Recall_F': 0.1111111111111111, 'best_epoch': 6}]",55.544766902923584,52.29146909713745,4,COMPLETE
24,0.17205383864310594,0.3883583254466052,2026-08-10 15:48:17.403699,2026-08-10 15:50:55.466637,0 days 00:02:38.062938,3,224x256,linear,3,db4,0.0196078431372549,0.4927088253394009,0.32449983414895694,0.716616799160808,0.07407407407407407,0.21291448516579406,3.0,"{'method': 'SWT', 'image_size': [224, 256], 'norm_type': 'linear', 'clip_pct': 3, 'wavelet': 'db4', 'level': 3}",0.3883583254466052,0.024575627708779666,0.0196078431372549,0.02246360634782275,7.390711069107056,0.17205383864310594,0.031129274892162058,"[{'seed': 42, 'Macro_F1': 0.3638791123163586, 'Rare_Macro_SF': 0.13636363636363635, 'Min_Rare_F1': 0.0, 'F1_N': 0.4710860366713681, 'F1_S': 0.2727272727272727, 'F1_V': 0.7117031398667936, 'F1_F': 0.0, 'Recall_S': 0.1649214659685864, 'Recall_F': 0.0, 'best_epoch': 9}, {'seed': 43, 'Macro_F1': 0.3881666178948095, 'Rare_Macro_SF': 0.19359878454305698, 'Min_Rare_F1': 0.04411764705882353, 'F1_N': 0.4867358708189158, 'F1_S': 0.34307992202729043, 'F1_V': 0.6787330316742082, 'F1_F': 0.04411764705882353, 'Recall_S': 0.23036649214659685, 'Recall_F': 0.16666666666666666, 'best_epoch': 3}, {'seed': 44, 'Macro_F1': 0.41302924612864755, 'Rare_Macro_SF': 0.18619909502262444, 'Min_Rare_F1': 0.014705882352941176, 'F1_N': 0.5203045685279187, 'F1_S': 0.3576923076923077, 'F1_V': 0.7594142259414226, 'F1_F': 0.014705882352941176, 'Recall_S': 0.24345549738219896, 'Recall_F': 0.05555555555555555, 'best_epoch': 2}]",157.70282411575317,150.1398105621338,3,COMPLETE
1,0.1715995754596478,0.4152423601034803,2026-08-10 15:04:17.375306,2026-08-10 15:06:39.562012,0 days 00:02:22.186706,1,192x224,linear,3,db4,0.048127988849638335,0.5611809090651311,0.2950711620696573,0.7565893804294946,0.2222222222222222,0.18411867364746945,7.0,"{'method': 'SWT', 'image_size': [192, 224], 'norm_type': 'linear', 'clip_pct': 1, 'wavelet': 'db4', 'level': 3}",0.4152423601034803,0.011510956925418113,0.048127988849638335,0.008547153296420343,5.8624982833862305,0.1715995754596478,0.007729717486331536,"[{'seed': 42, 'Macro_F1': 0.4198845154553816, 'Rare_Macro_SF': 0.16304528804528806, 'Min_Rare_F1': 0.057692307692307696, 'F1_N': 0.5894263217097863, 'F1_S': 0.2683982683982684, 'F1_V': 0.764021164021164, 'F1_F': 0.057692307692307696, 'Recall_S': 0.16230366492146597, 'Recall_F': 0.16666666666666666, 'best_epoch': 3}, {'seed': 43, 'Macro_F1': 0.4021351837535215, 'Rare_Macro_SF': 0.17808276937996753, 'Min_Rare_F1': 0.041237113402061855, 'F1_N': 0.5089408528198074, 'F1_S': 0.3149284253578732, 'F1_V': 0.7434343434343434, 'F1_F': 0.041237113402061855, 'Recall_S': 0.20157068062827224, 'Recall_F': 0.2222222222222222, 'best_epoch': 7}, {'seed': 44, 'Macro_F1': 0.42370738110153794, 'Rare_Macro_SF': 0.17367066895368782, 'Min_Rare_F1': 0.045454545454545456, 'F1_N': 0.5851755526657998, 'F1_S': 0.3018867924528302, 'F1_V': 0.7623126338329764, 'F1_F': 0.045454545454545456, 'Recall_S': 0.18848167539267016, 'Recall_F': 0.2777777777777778, 'best_epoch': 9}]",141.85091924667358,135.82893204689026,0,COMPLETE
23,0.1642471589631537,0.3797141220156088,2026-08-10 15:46:55.460293,2026-08-10 15:48:17.152315,0 days 00:01:21.692022,3,160x160,linear,2,sym5,0.0,0.49017923418033965,0.3284943179263074,0.700182935955788,0.0,0.22600349040139614,6.0,"{'method': 'SWT', 'image_size': [160, 160], 'norm_type': 'linear', 'clip_pct': 3, 'wavelet': 'sym5', 'level': 2}",0.3797141220156088,0.014812159874140942,0.0,0.0,3.310272693634033,0.1642471589631537,0.03072881551810204,"[{'seed': 42, 'Macro_F1': 0.365315416980618, 'Rare_Macro_SF': 0.1882998171846435, 'Min_Rare_F1': 0.0, 'F1_N': 0.3804878048780488, 'F1_S': 0.376599634369287, 'F1_V': 0.7041742286751361, 'F1_F': 0.0, 'Recall_S': 0.2696335078534031, 'Recall_F': 0.0, 'best_epoch': 4}, {'seed': 43, 'Macro_F1': 0.3949077256001904, 'Rare_Macro_SF': 0.17481203007518797, 'Min_Rare_F1': 0.0, 'F1_N': 0.5331491712707183, 'F1_S': 0.34962406015037595, 'F1_V': 0.6968576709796673, 'F1_F': 0.0, 'Recall_S': 0.24345549738219896, 'Recall_F': 0.0, 'best_epoch': 6}, {'seed': 44, 'Macro_F1': 0.3789192234660179, 'Rare_Macro_SF': 0.12962962962962962, 'Min_Rare_F1': 0.0, 'F1_N': 0.5569007263922519, 'F1_S': 0.25925925925925924, 'F1_V': 0.6995169082125604, 'F1_F': 0.0, 'Recall_S': 0.1649214659685864, 'Recall_F': 0.0, 'best_epoch': 6}]",81.34562659263611,77.87447714805603,2,COMPLETE
18,0.156647605032504,0.3744452093443244,2026-08-10 15:37:11.758972,2026-08-10 15:38:05.693990,0 days 00:00:53.935018,3,96x128,linear,3,sym5,0.0,0.5011141195020223,0.313295210065008,0.6833715078102672,0.0,0.21204188481675393,4.0,"{'method': 'SWT', 'image_size': [96, 128], 'norm_type': 'linear', 'clip_pct': 3, 'wavelet': 'sym5', 'level': 3}",0.3744452093443244,0.02403524527624078,0.0,0.0,3.186866521835327,0.156647605032504,0.029925338634241128,"[{'seed': 42, 'Macro_F1': 0.35288573585520977, 'Rare_Macro_SF': 0.1284796573875803, 'Min_Rare_F1': 0.0, 'F1_N': 0.4861717612809316, 'F1_S': 0.2569593147751606, 'F1_V': 0.6684118673647469, 'F1_F': 0.0, 'Recall_S': 0.15706806282722513, 'Recall_F': 0.0, 'best_epoch': 4}, {'seed': 43, 'Macro_F1': 0.37008939711822403, 'Rare_Macro_SF': 0.18806509945750452, 'Min_Rare_F1': 0.0, 'F1_N': 0.4343891402714932, 'F1_S': 0.37613019891500904, 'F1_V': 0.6698382492863939, 'F1_F': 0.0, 'Recall_S': 0.27225130890052357, 'Recall_F': 0.0, 'best_epoch': 3}, {'seed': 44, 'Macro_F1': 0.4003604950595394, 'Rare_Macro_SF': 0.1533980582524272, 'Min_Rare_F1': 0.0, 'F1_N': 0.5827814569536424, 'F1_S': 0.3067961165048544, 'F1_V': 0.711864406779661, 'F1_F': 0.0, 'Recall_S': 0.20680628272251309, 'Recall_F': 0.0, 'best_epoch': 6}]",53.57220721244812,50.19978451728821,2,COMPLETE
7,0.15633344087375217,0.38397618177515574,2026-08-10 15:16:55.072576,2026-08-10 15:18:30.550306,0 days 00:01:35.477730,5,160x160,linear,2,sym5,0.03508771929824561,0.5432896056112478,0.27757916244925873,0.6799482397418708,0.037037037037037035,0.181500872600349,7.0,"{'method': 'SWT', 'image_size': [160, 160], 'norm_type': 'linear', 'clip_pct': 5, 'wavelet': 'sym5', 'level': 2}",0.38397618177515574,0.010583805687579058,0.03508771929824561,0.06077371254627639,3.32722806930542,0.15633344087375217,0.01274070887676003,"[{'seed': 42, 'Macro_F1': 0.385280194577528, 'Rare_Macro_SF': 0.1431451612903226, 'Min_Rare_F1': 0.0, 'F1_N': 0.5612134344528711, 'F1_S': 0.2862903225806452, 'F1_V': 0.6936170212765957, 'F1_F': 0.0, 'Recall_S': 0.18586387434554974, 'Recall_F': 0.0, 'best_epoch': 11}, {'seed': 43, 'Macro_F1': 0.372800791612514, 'Rare_Macro_SF': 0.15728155339805824, 'Min_Rare_F1': 0.0, 'F1_N': 0.5007541478129713, 'F1_S': 0.3145631067961165, 'F1_V': 0.675885911840968, 'F1_F': 0.0, 'Recall_S': 0.21204188481675393, 'Recall_F': 0.0, 'best_epoch': 7}, {'seed': 44, 'Macro_F1': 0.39384755913542524, 'Rare_Macro_SF': 0.16857360793287568, 'Min_Rare_F1': 0.10526315789473684, 'F1_N': 0.5679012345679012, 'F1_S': 0.2318840579710145, 'F1_V': 0.6703417861080485, 'F1_F': 0.10526315789473684, 'Recall_S': 0.14659685863874344, 'Recall_F': 0.1111111111111111, 'best_epoch': 6}]",95.12720513343811,91.63050246238708,0,COMPLETE
8,0.15633344087375217,0.38397618177515574,2026-08-10 15:18:30.818421,2026-08-10 15:20:06.333123,0 days 00:01:35.514702,5,160x160,linear,2,sym5,0.03508771929824561,0.5432896056112478,0.27757916244925873,0.6799482397418708,0.037037037037037035,0.181500872600349,7.0,"{'method': 'SWT', 'image_size': [160, 160], 'norm_type': 'linear', 'clip_pct': 5, 'wavelet': 'sym5', 'level': 2}",0.38397618177515574,0.010583805687579058,0.03508771929824561,0.06077371254627639,3.3705809116363525,0.15633344087375217,0.01274070887676003,"[{'seed': 42, 'Macro_F1': 0.385280194577528, 'Rare_Macro_SF': 0.1431451612903226, 'Min_Rare_F1': 0.0, 'F1_N': 0.5612134344528711, 'F1_S': 0.2862903225806452, 'F1_V': 0.6936170212765957, 'F1_F': 0.0, 'Recall_S': 0.18586387434554974, 'Recall_F': 0.0, 'best_epoch': 11}, {'seed': 43, 'Macro_F1': 0.372800791612514, 'Rare_Macro_SF': 0.15728155339805824, 'Min_Rare_F1': 0.0, 'F1_N': 0.5007541478129713, 'F1_S': 0.3145631067961165, 'F1_V': 0.675885911840968, 'F1_F': 0.0, 'Recall_S': 0.21204188481675393, 'Recall_F': 0.0, 'best_epoch': 7}, {'seed': 44, 'Macro_F1': 0.39384755913542524, 'Rare_Macro_SF': 0.16857360793287568, 'Min_Rare_F1': 0.10526315789473684, 'F1_N': 0.5679012345679012, 'F1_S': 0.2318840579710145, 'F1_V': 0.6703417861080485, 'F1_F': 0.10526315789473684, 'Recall_S': 0.14659685863874344, 'Recall_F': 0.1111111111111111, 'best_epoch': 6}]",95.16142702102661,91.62526369094849,1,COMPLETE
20,0.15633344087375217,0.38397618177515574,2026-08-10 15:40:41.278266,2026-08-10 15:42:16.837224,0 days 00:01:35.558958,5,160x160,linear,2,sym5,0.03508771929824561,0.5432896056112478,0.27757916244925873,0.6799482397418708,0.037037037037037035,0.181500872600349,7.0,"{'method': 'SWT', 'image_size': [160, 160], 'norm_type': 'linear', 'clip_pct': 5, 'wavelet': 'sym5', 'level': 2}",0.38397618177515574,0.010583805687579058,0.03508771929824561,0.06077371254627639,3.423682689666748,0.15633344087375217,0.01274070887676003,"[{'seed': 42, 'Macro_F1': 0.385280194577528, 'Rare_Macro_SF': 0.1431451612903226, 'Min_Rare_F1': 0.0, 'F1_N': 0.5612134344528711, 'F1_S': 0.2862903225806452, 'F1_V': 0.6936170212765957, 'F1_F': 0.0, 'Recall_S': 0.18586387434554974, 'Recall_F': 0.0, 'best_epoch': 11}, {'seed': 43, 'Macro_F1': 0.372800791612514, 'Rare_Macro_SF': 0.15728155339805824, 'Min_Rare_F1': 0.0, 'F1_N': 0.5007541478129713, 'F1_S': 0.3145631067961165, 'F1_V': 0.675885911840968, 'F1_F': 0.0, 'Recall_S': 0.21204188481675393, 'Recall_F': 0.0, 'best_epoch': 7}, {'seed': 44, 'Macro_F1': 0.39384755913542524, 'Rare_Macro_SF': 0.16857360793287568, 'Min_Rare_F1': 0.10526315789473684, 'F1_N': 0.5679012345679012, 'F1_S': 0.2318840579710145, 'F1_V': 0.6703417861080485, 'F1_F': 0.10526315789473684, 'Recall_S': 0.14659685863874344, 'Recall_F': 0.1111111111111111, 'best_epoch': 6}]",95.21714496612549,91.63368487358093,2,COMPLETE
4,0.15028907159963487,0.40119254912019753,2026-08-10 15:10:26.418637,2026-08-10 15:13:29.610915,0 days 00:03:03.192278,1,224x224,sqrt,2,sym5,0.036896479021716215,0.5741029269363906,0.2636816641775535,0.7300891263451299,0.05555555555555555,0.1849912739965096,7.0,"{'method': 'SWT', 'image_size': [224, 224], 'norm_type': 'sqrt', 'clip_pct': 1, 'wavelet': 'sym5', 'level': 2}",0.40119254912019753,0.04822918511487705,0.036896479021716215,0.03942088554085268,4.889795780181885,0.15028907159963487,0.09781231365444763,"[{'seed': 42, 'Macro_F1': 0.3455082277063426, 'Rare_Macro_SF': 0.03891384238464679, 'Min_Rare_F1': 0.03225806451612903, 'F1_N': 0.5831578947368421, 'F1_S': 0.04556962025316456, 'F1_V': 0.7210473313192346, 'F1_F': 0.03225806451612903, 'Recall_S': 0.02356020942408377, 'Recall_F': 0.05555555555555555, 'best_epoch': 7}, {'seed': 43, 'Macro_F1': 0.42833004085948856, 'Rare_Macro_SF': 0.2222222222222222, 'Min_Rare_F1': 0.0, 'F1_N': 0.5375796178343949, 'F1_S': 0.4444444444444444, 'F1_V': 0.7312961011591148, 'F1_F': 0.0, 'Recall_S': 0.3403141361256545, 'Recall_F': 0.0, 'best_epoch': 7}, {'seed': 44, 'Macro_F1': 0.4297393787947615, 'Rare_Macro_SF': 0.18973115019203557, 'Min_Rare_F1': 0.0784313725490196, 'F1_N': 0.6015712682379349, 'F1_S': 0.30103092783505153, 'F1_V': 0.7379239465570401, 'F1_F': 0.0784313725490196, 'Recall_S': 0.19109947643979058, 'Recall_F': 0.1111111111111111, 'best_epoch': 9}]",182.84699130058289,177.79829931259155,0,COMPLETE
19,0.14759947683965327,0.40310631396704477,2026-08-10 15:38:05.952471,2026-08-10 15:40:41.026785,0 days 00:02:35.074314,3,224x192,linear,2,sym4,0.03125,0.6124453734905476,0.26394895367930654,0.704780928698325,0.05555555555555555,0.15968586387434555,7.0,"{'method': 'SWT', 'image_size': [224, 192], 'norm_type': 'linear', 'clip_pct': 3, 'wavelet': 'sym4', 'level': 2}",0.40310631396704477,0.01250668884614184,0.03125,0.05412658773652741,4.550241708755493,0.14759947683965327,0.029696866977349596,"[{'seed': 42, 'Macro_F1': 0.41693097005796054, 'Rare_Macro_SF': 0.13953488372093023, 'Min_Rare_F1': 0.0, 'F1_N': 0.6458557588805167, 'F1_S': 0.27906976744186046, 'F1_V': 0.742798353909465, 'F1_F': 0.0, 'Recall_S': 0.17277486910994763, 'Recall_F': 0.0, 'best_epoch': 7}, {'seed': 43, 'Macro_F1': 0.3998101204420573, 'Rare_Macro_SF': 0.1804956896551724, 'Min_Rare_F1': 0.09375, 'F1_N': 0.5774647887323944, 'F1_S': 0.2672413793103448, 'F1_V': 0.6607843137254902, 'F1_F': 0.09375, 'Recall_S': 0.16230366492146597, 'Recall_F': 0.16666666666666666, 'best_epoch': 10}, {'seed': 44, 'Macro_F1': 0.39257785140111645, 'Rare_Macro_SF': 0.12276785714285714, 'Min_Rare_F1': 0.0, 'F1_N': 0.6140155728587319, 'F1_S': 0.24553571428571427, 'F1_V': 0.7107601184600197, 'F1_F': 0.0, 'Recall_S': 0.14397905759162305, 'Recall_F': 0.0, 'best_epoch': 6}]",154.72204494476318,150.00983309745789,2,COMPLETE
28,0.14679970988792107,0.4190144636029158,2026-08-10 15:54:30.284680,2026-08-10 15:56:34.542618,0 days 00:02:04.257938,1,192x224,linear,4,db4,0.020987654320987658,0.6191252209096975,0.2726117654548545,0.7633332137261234,0.05555555555555555,0.17277486910994763,5.0,"{'method': 'SWT', 'image_size': [192, 224], 'norm_type': 'linear', 'clip_pct': 1, 'wavelet': 'db4', 'level': 4}",0.4190144636029158,0.005219938183197064,0.020987654320987658,0.018269936527097214,5.857182502746582,0.14679970988792107,0.01747241919130371,"[{'seed': 42, 'Macro_F1': 0.42261263645312214, 'Rare_Macro_SF': 0.14668294668294668, 'Min_Rare_F1': 0.02962962962962963, 'F1_N': 0.6124852767962309, 'F1_S': 0.26373626373626374, 'F1_V': 0.7845993756503642, 'F1_F': 0.02962962962962963, 'Recall_S': 0.15706806282722513, 'Recall_F': 0.1111111111111111, 'best_epoch': 6}, {'seed': 43, 'Macro_F1': 0.4130275831593075, 'Rare_Macro_SF': 0.16433021806853582, 'Min_Rare_F1': 0.03333333333333333, 'F1_N': 0.6026490066225165, 'F1_S': 0.2953271028037383, 'F1_V': 0.7208008898776418, 'F1_F': 0.03333333333333333, 'Recall_S': 0.20680628272251309, 'Recall_F': 0.05555555555555555, 'best_epoch': 3}, {'seed': 44, 'Macro_F1': 0.42140317119631765, 'Rare_Macro_SF': 0.12938596491228072, 'Min_Rare_F1': 0.0, 'F1_N': 0.6422413793103449, 'F1_S': 0.25877192982456143, 'F1_V': 0.7845993756503642, 'F1_F': 0.0, 'Recall_S': 0.1544502617801047, 'Recall_F': 0.0, 'best_epoch': 5}]",123.89156603813171,117.8823881149292,3,COMPLETE
30,0.1375065485306363,0.38637806407858083,2026-08-10 15:58:12.420184,2026-08-10 16:01:02.155311,0 days 00:02:49.735127,1,224x256,log1p,3,sym5,0.03607843137254902,0.5636541493634547,0.23893466568872357,0.7068450098895962,0.07407407407407407,0.14485165794066315,4.0,"{'method': 'SWT', 'image_size': [224, 256], 'norm_type': 'log1p', 'clip_pct': 1, 'wavelet': 'sym5', 'level': 3}",0.38637806407858083,0.006298485955512216,0.03607843137254902,0.04626287657029389,7.026641368865967,0.1375065485306363,0.01806988493946786,"[{'seed': 42, 'Macro_F1': 0.384818372704505, 'Rare_Macro_SF': 0.13991769547325103, 'Min_Rare_F1': 0.0, 'F1_N': 0.5487122060470325, 'F1_S': 0.27983539094650206, 'F1_V': 0.7107258938244854, 'F1_F': 0.0, 'Recall_S': 0.17801047120418848, 'Recall_F': 0.0, 'best_epoch': 4}, {'seed': 43, 'Macro_F1': 0.3810059631269515, 'Rare_Macro_SF': 0.1542498056491319, 'Min_Rare_F1': 0.08823529411764706, 'F1_N': 0.56047197640118, 'F1_S': 0.22026431718061673, 'F1_V': 0.6550522648083623, 'F1_F': 0.08823529411764706, 'Recall_S': 0.13089005235602094, 'Recall_F': 0.16666666666666666, 'best_epoch': 3}, {'seed': 44, 'Macro_F1': 0.39330985640428606, 'Rare_Macro_SF': 0.11835214446952595, 'Min_Rare_F1': 0.02, 'F1_N': 0.5817782656421515, 'F1_S': 0.21670428893905191, 'F1_V': 0.7547568710359408, 'F1_F': 0.02, 'Recall_S': 0.1256544502617801, 'Recall_F': 0.05555555555555555, 'best_epoch': 9}]",169.39498591423035,162.21575331687927,3,COMPLETE
10,0.13562615602478023,0.3859202165690206,2026-08-10 15:22:10.223045,2026-08-10 15:24:27.254172,0 days 00:02:17.031127,3,224x192,linear,2,sym5,0.0,0.5711815828885883,0.27125231204956046,0.7012469713379335,0.0,0.1719022687609075,6.0,"{'method': 'SWT', 'image_size': [224, 192], 'norm_type': 'linear', 'clip_pct': 3, 'wavelet': 'sym5', 'level': 2}",0.3859202165690206,0.0026860710843335613,0.0,0.0,4.453912734985352,0.13562615602478023,0.01613900664429498,"[{'seed': 42, 'Macro_F1': 0.3882720068432952, 'Rare_Macro_SF': 0.14807302231237324, 'Min_Rare_F1': 0.0, 'F1_N': 0.5591397849462365, 'F1_S': 0.2961460446247465, 'F1_V': 0.6978021978021978, 'F1_F': 0.0, 'Recall_S': 0.19109947643979058, 'Recall_F': 0.0, 'best_epoch': 8}, {'seed': 43, 'Macro_F1': 0.3864955466456874, 'Rare_Macro_SF': 0.1414141414141414, 'Min_Rare_F1': 0.0, 'F1_N': 0.5635491606714629, 'F1_S': 0.2828282828282828, 'F1_V': 0.6996047430830039, 'F1_F': 0.0, 'Recall_S': 0.18324607329842932, 'Recall_F': 0.0, 'best_epoch': 3}, {'seed': 44, 'Macro_F1': 0.38299309621807914, 'Rare_Macro_SF': 0.11739130434782609, 'Min_Rare_F1': 0.0, 'F1_N': 0.5908558030480656, 'F1_S': 0.23478260869565218, 'F1_V': 0.7063339731285988, 'F1_F': 0.0, 'Recall_S': 0.14136125654450263, 'Recall_F': 0.0, 'best_epoch': 6}]",136.68973875045776,132.0713300704956,1,COMPLETE
9,0.133872406461546,0.40192913005120806,2026-08-10 15:20:06.578701,2026-08-10 15:22:09.977562,0 days 00:02:03.398861,1,192x224,sqrt,2,db6,0.00784313725490196,0.5524298776604429,0.25990167566819,0.7875418296212975,0.018518518518518517,0.20331588132635256,6.0,"{'method': 'SWT', 'image_size': [192, 224], 'norm_type': 'sqrt', 'clip_pct': 1, 'wavelet': 'db6', 'level': 2}",0.40192913005120806,0.04893996060934455,0.00784313725490196,0.013584712216226489,4.615067005157471,0.133872406461546,0.1304203357515824,"[{'seed': 42, 'Macro_F1': 0.34811977466001653, 'Rare_Macro_SF': 0.0, 'Min_Rare_F1': 0.0, 'F1_N': 0.5993756503642039, 'F1_S': 0.0, 'F1_V': 0.7931034482758621, 'F1_F': 0.0, 'Recall_S': 0.0, 'Recall_F': 0.0, 'best_epoch': 1}, {'seed': 43, 'Macro_F1': 0.44378488458870824, 'Rare_Macro_SF': 0.2605421686746988, 'Min_Rare_F1': 0.0, 'F1_N': 0.4662379421221865, 'F1_S': 0.5210843373493976, 'F1_V': 0.7878172588832487, 'F1_F': 0.0, 'Recall_S': 0.45287958115183247, 'Recall_F': 0.0, 'best_epoch': 7}, {'seed': 44, 'Macro_F1': 0.4138827309048995, 'Rare_Macro_SF': 0.14107505070993914, 'Min_Rare_F1': 0.023529411764705882, 'F1_N': 0.5916760404949382, 'F1_S': 0.25862068965517243, 'F1_V': 0.7817047817047817, 'F1_F': 0.023529411764705882, 'Recall_S': 0.15706806282722513, 'Recall_F': 0.05555555555555555, 'best_epoch': 6}]",123.06442427635193,118.296621799469,1,COMPLETE
26,0.1338204695384911,0.409816351649731,2026-08-10 15:51:57.112464,2026-08-10 15:53:34.899136,0 days 00:01:37.786672,1,224x192,linear,3,sym4,0.009009009009009009,0.6219288277412899,0.2586319300679732,0.7496956397806519,0.018518518518518517,0.15881326352530542,3.0,"{'method': 'SWT', 'image_size': [224, 192], 'norm_type': 'linear', 'clip_pct': 1, 'wavelet': 'sym4', 'level': 3}",0.409816351649731,0.010612914767547542,0.009009009009009009,0.015604061329449347,5.993832111358643,0.1338204695384911,0.02163669214783414,"[{'seed': 42, 'Macro_F1': 0.3982164658673062, 'Rare_Macro_SF': 0.11060948081264109, 'Min_Rare_F1': 0.0, 'F1_N': 0.6401551891367604, 'F1_S': 0.22121896162528218, 'F1_V': 0.7314917127071823, 'F1_F': 0.0, 'Recall_S': 0.12827225130890052, 'Recall_F': 0.0, 'best_epoch': 3}, {'seed': 43, 'Macro_F1': 0.41219343795042535, 'Rare_Macro_SF': 0.15343120898676454, 'Min_Rare_F1': 0.02702702702702703, 'F1_N': 0.5802047781569966, 'F1_S': 0.27983539094650206, 'F1_V': 0.7617065556711758, 'F1_F': 0.02702702702702703, 'Recall_S': 0.17801047120418848, 'Recall_F': 0.05555555555555555, 'best_epoch': 3}, {'seed': 44, 'Macro_F1': 0.41903915113146145, 'Rare_Macro_SF': 0.13742071881606766, 'Min_Rare_F1': 0.0, 'F1_N': 0.645426515930113, 'F1_S': 0.2748414376321353, 'F1_V': 0.7558886509635975, 'F1_F': 0.0, 'Recall_S': 0.17015706806282724, 'Recall_F': 0.0, 'best_epoch': 2}]",97.42647218704224,91.25792717933655,3,COMPLETE
3,0.13360240347315075,0.4128541646215807,2026-08-10 15:07:26.217144,2026-08-10 15:10:26.169707,0 days 00:02:59.952563,4,224x256,linear,2,db6,0.0,0.6308597809820684,0.2672048069463015,0.7533520705579528,0.0,0.17190226876090753,6.0,"{'method': 'SWT', 'image_size': [224, 256], 'norm_type': 'linear', 'clip_pct': 4, 'wavelet': 'db6', 'level': 2}",0.4128541646215807,0.035555631670822346,0.0,0.0,5.262142896652222,0.13360240347315075,0.05445240812538485,"[{'seed': 42, 'Macro_F1': 0.43608083146490706, 'Rare_Macro_SF': 0.16666666666666666, 'Min_Rare_F1': 0.0, 'F1_N': 0.6420824295010846, 'F1_S': 0.3333333333333333, 'F1_V': 0.7689075630252101, 'F1_F': 0.0, 'Recall_S': 0.2198952879581152, 'Recall_F': 0.0, 'best_epoch': 8}, {'seed': 43, 'Macro_F1': 0.3719219907722501, 'Rare_Macro_SF': 0.07075471698113207, 'Min_Rare_F1': 0.0, 'F1_N': 0.6175298804780877, 'F1_S': 0.14150943396226415, 'F1_V': 0.7286486486486486, 'F1_F': 0.0, 'Recall_S': 0.07853403141361257, 'Recall_F': 0.0, 'best_epoch': 3}, {'seed': 44, 'Macro_F1': 0.430559671627585, 'Rare_Macro_SF': 0.16338582677165353, 'Min_Rare_F1': 0.0, 'F1_N': 0.6329670329670329, 'F1_S': 0.32677165354330706, 'F1_V': 0.7625, 'F1_F': 0.0, 'Recall_S': 0.21727748691099477, 'Recall_F': 0.0, 'best_epoch': 6}]",179.62739658355713,174.2168529033661,0,COMPLETE
5,0.13179281423761677,0.37128523360812743,2026-08-10 15:13:29.858178,2026-08-10 15:15:42.022620,0 days 00:02:12.164442,3,192x224,log1p,2,sym5,0.024691358024691357,0.5648016547346343,0.23889427045054215,0.6567536512226418,0.018518518518518517,0.15357766143106458,7.0,"{'method': 'SWT', 'image_size': [192, 224], 'norm_type': 'log1p', 'clip_pct': 3, 'wavelet': 'sym5', 'level': 2}",0.37128523360812743,0.011775372361768031,0.024691358024691357,0.042766686606638946,4.4759202003479,0.13179281423761677,0.03447373781059533,"[{'seed': 42, 'Macro_F1': 0.36287923495646357, 'Rare_Macro_SF': 0.13524590163934427, 'Min_Rare_F1': 0.0, 'F1_N': 0.5440180586907449, 'F1_S': 0.27049180327868855, 'F1_V': 0.6370070778564206, 'F1_F': 0.0, 'Recall_S': 0.17277486910994763, 'Recall_F': 0.0, 'best_epoch': 7}, {'seed': 43, 'Macro_F1': 0.3847437061395529, 'Rare_Macro_SF': 0.1644100580270793, 'Min_Rare_F1': 0.0, 'F1_N': 0.5495376486129459, 'F1_S': 0.3288201160541586, 'F1_V': 0.6606170598911071, 'F1_F': 0.0, 'Recall_S': 0.22251308900523561, 'Recall_F': 0.0, 'best_epoch': 7}, {'seed': 44, 'Macro_F1': 0.3662327597283659, 'Rare_Macro_SF': 0.0957224830464267, 'Min_Rare_F1': 0.07407407407407407, 'F1_N': 0.6008492569002123, 'F1_S': 0.11737089201877934, 'F1_V': 0.672636815920398, 'F1_F': 0.07407407407407407, 'Recall_S': 0.06544502617801047, 'Recall_F': 0.05555555555555555, 'best_epoch': 2}]",131.83244729042053,127.20764636993408,0,COMPLETE
29,0.12773898163815145,0.4197074660306474,2026-08-10 15:56:34.790881,2026-08-10 15:58:12.168425,0 days 00:01:37.377544,5,192x224,linear,4,sym4,0.1237458193979933,0.6550044645449938,0.1317321438783096,0.7683474363012929,0.12962962962962962,0.07242582897033159,3.0,"{'method': 'SWT', 'image_size': [192, 224], 'norm_type': 'linear', 'clip_pct': 5, 'wavelet': 'sym4', 'level': 4}",0.4197074660306474,0.019412447794173407,0.10065613959189561,0.025816488524385766,5.855666399002075,0.12773898163815145,0.0419163831074204,"[{'seed': 42, 'Macro_F1': 0.40383587081336325, 'Rare_Macro_SF': 0.09074194246160502, 'Min_Rare_F1': 0.08695652173913043, 'F1_N': 0.6581782566111655, 'F1_S': 0.0945273631840796, 'F1_V': 0.7756813417190775, 'F1_F': 0.08695652173913043, 'Recall_S': 0.049738219895287955, 'Recall_F': 0.05555555555555555, 'best_epoch': 3}, {'seed': 43, 'Macro_F1': 0.4413513808807461, 'Rare_Macro_SF': 0.17326336831584208, 'Min_Rare_F1': 0.13043478260869565, 'F1_N': 0.6561844863731656, 'F1_S': 0.2160919540229885, 'F1_V': 0.7626943005181347, 'F1_F': 0.13043478260869565, 'Recall_S': 0.12303664921465969, 'Recall_F': 0.16666666666666666, 'best_epoch': 3}, {'seed': 44, 'Macro_F1': 0.4139351463978329, 'Rare_Macro_SF': 0.11921163413700728, 'Min_Rare_F1': 0.0845771144278607, 'F1_N': 0.6506506506506506, 'F1_S': 0.0845771144278607, 'F1_V': 0.7666666666666667, 'F1_F': 0.15384615384615385, 'Recall_S': 0.04450261780104712, 'Recall_F': 0.16666666666666666, 'best_epoch': 2}]",97.0347409248352,91.02298092842102,3,COMPLETE
34,0.12773898163815145,0.4197074660306474,2026-08-10 16:04:24.602132,2026-08-10 16:06:02.017948,0 days 00:01:37.415816,5,192x224,linear,4,sym4,0.1237458193979933,0.6550044645449938,0.1317321438783096,0.7683474363012929,0.12962962962962962,0.07242582897033159,3.0,"{'method': 'SWT', 'image_size': [192, 224], 'norm_type': 'linear', 'clip_pct': 5, 'wavelet': 'sym4', 'level': 4}",0.4197074660306474,0.019412447794173407,0.10065613959189561,0.025816488524385766,5.873802423477173,0.12773898163815145,0.0419163831074204,"[{'seed': 42, 'Macro_F1': 0.40383587081336325, 'Rare_Macro_SF': 0.09074194246160502, 'Min_Rare_F1': 0.08695652173913043, 'F1_N': 0.6581782566111655, 'F1_S': 0.0945273631840796, 'F1_V': 0.7756813417190775, 'F1_F': 0.08695652173913043, 'Recall_S': 0.049738219895287955, 'Recall_F': 0.05555555555555555, 'best_epoch': 3}, {'seed': 43, 'Macro_F1': 0.4413513808807461, 'Rare_Macro_SF': 0.17326336831584208, 'Min_Rare_F1': 0.13043478260869565, 'F1_N': 0.6561844863731656, 'F1_S': 0.2160919540229885, 'F1_V': 0.7626943005181347, 'F1_F': 0.13043478260869565, 'Recall_S': 0.12303664921465969, 'Recall_F': 0.16666666666666666, 'best_epoch': 3}, {'seed': 44, 'Macro_F1': 0.4139351463978329, 'Rare_Macro_SF': 0.11921163413700728, 'Min_Rare_F1': 0.0845771144278607, 'F1_N': 0.6506506506506506, 'F1_S': 0.0845771144278607, 'F1_V': 0.7666666666666667, 'F1_F': 0.15384615384615385, 'Recall_S': 0.04450261780104712, 'Recall_F': 0.16666666666666666, 'best_epoch': 2}]",97.08363342285156,91.05677700042725,4,COMPLETE
2,0.12758979299308718,0.38570540706992773,2026-08-10 15:06:39.810421,2026-08-10 15:07:25.970967,0 days 00:00:46.160546,5,96x128,sqrt,3,db6,0.011494252873563218,0.5393380810329188,0.24368533311261112,0.7483039612606176,0.018518518518518517,0.150087260034904,3.0,"{'method': 'SWT', 'image_size': [96, 128], 'norm_type': 'sqrt', 'clip_pct': 5, 'wavelet': 'db6', 'level': 3}",0.38570540706992773,0.018242357675121695,0.011494252873563218,0.01990862997205606,3.2512803077697754,0.12758979299308718,0.017845395465027822,"[{'seed': 42, 'Macro_F1': 0.3693876533578213, 'Rare_Macro_SF': 0.1320754716981132, 'Min_Rare_F1': 0.0, 'F1_N': 0.4691689008042895, 'F1_S': 0.2641509433962264, 'F1_V': 0.7442307692307693, 'F1_F': 0.0, 'Recall_S': 0.1649214659685864, 'Recall_F': 0.0, 'best_epoch': 4}, {'seed': 43, 'Macro_F1': 0.3823281754447664, 'Rare_Macro_SF': 0.10792951541850221, 'Min_Rare_F1': 0.0, 'F1_N': 0.5580357142857143, 'F1_S': 0.21585903083700442, 'F1_V': 0.7554179566563467, 'F1_F': 0.0, 'Recall_S': 0.12827225130890052, 'Recall_F': 0.0, 'best_epoch': 3}, {'seed': 44, 'Macro_F1': 0.40540039240719544, 'Rare_Macro_SF': 0.14276439186264608, 'Min_Rare_F1': 0.034482758620689655, 'F1_N': 0.5908096280087527, 'F1_S': 0.2510460251046025, 'F1_V': 0.7452631578947368, 'F1_F': 0.034482758620689655, 'Recall_S': 0.15706806282722513, 'Recall_F': 0.05555555555555555, 'best_epoch': 2}]",45.830159187316895,42.425105571746826,0,COMPLETE
22,0.12288294920946834,0.3733438184655284,2026-08-10 15:44:37.930807,2026-08-10 15:46:55.208982,0 days 00:02:17.278175,3,224x192,log1p,2,sym4,0.0,0.5767313437579457,0.24576589841893667,0.6708780316852311,0.0,0.15183246073298431,7.0,"{'method': 'SWT', 'image_size': [224, 192], 'norm_type': 'log1p', 'clip_pct': 3, 'wavelet': 'sym4', 'level': 2}",0.3733438184655284,0.02219032301301856,0.0,0.0,4.631243705749512,0.12288294920946834,0.027531956093268445,"[{'seed': 42, 'Macro_F1': 0.35457951778100694, 'Rare_Macro_SF': 0.12311015118790497, 'Min_Rare_F1': 0.0, 'F1_N': 0.5513392857142857, 'F1_S': 0.24622030237580994, 'F1_V': 0.6207584830339321, 'F1_F': 0.0, 'Recall_S': 0.14921465968586387, 'Recall_F': 0.0, 'best_epoch': 12}, {'seed': 43, 'Macro_F1': 0.3978367662813757, 'Rare_Macro_SF': 0.15030060120240482, 'Min_Rare_F1': 0.0, 'F1_N': 0.5976190476190476, 'F1_S': 0.30060120240480964, 'F1_V': 0.6931268151016456, 'F1_F': 0.0, 'Recall_S': 0.19633507853403143, 'Recall_F': 0.0, 'best_epoch': 7}, {'seed': 44, 'Macro_F1': 0.36761517133420235, 'Rare_Macro_SF': 0.09523809523809523, 'Min_Rare_F1': 0.0, 'F1_N': 0.5812356979405034, 'F1_S': 0.19047619047619047, 'F1_V': 0.6987487969201155, 'F1_F': 0.0, 'Recall_S': 0.1099476439790576, 'Recall_F': 0.0, 'best_epoch': 2}]",136.9354498386383,132.15453386306763,2,COMPLETE
31,0.10542666916729182,0.3859543345941692,2026-08-10 16:01:02.400906,2026-08-10 16:02:31.156526,0 days 00:01:28.755620,5,192x224,log1p,4,sym4,0.1953494623655914,0.6155718044296056,0.015503875968992248,0.7173921956124878,0.1851851851851852,0.007853403141361256,2.0,"{'method': 'SWT', 'image_size': [192, 224], 'norm_type': 'log1p', 'clip_pct': 5, 'wavelet': 'sym4', 'level': 4}",0.3859543345941692,0.01803681655327169,0.015503875968992248,0.013673133390514678,5.920637607574463,0.10542666916729182,0.05308583982107518,"[{'seed': 42, 'Macro_F1': 0.3819843631759706, 'Rare_Macro_SF': 0.15625, 'Min_Rare_F1': 0.0, 'F1_N': 0.5853658536585366, 'F1_S': 0.0, 'F1_V': 0.630071599045346, 'F1_F': 0.3125, 'Recall_S': 0.0, 'Recall_F': 0.2777777777777778, 'best_epoch': 2}, {'seed': 43, 'Macro_F1': 0.40564542790997843, 'Rare_Macro_SF': 0.10969409018921397, 'Min_Rare_F1': 0.025839793281653745, 'F1_N': 0.6372360844529751, 'F1_S': 0.025839793281653745, 'F1_V': 0.7659574468085106, 'F1_F': 0.1935483870967742, 'Recall_S': 0.013089005235602094, 'Recall_F': 0.16666666666666666, 'best_epoch': 2}, {'seed': 44, 'Macro_F1': 0.3702332126965586, 'Rare_Macro_SF': 0.0503359173126615, 'Min_Rare_F1': 0.020671834625323, 'F1_N': 0.624113475177305, 'F1_S': 0.020671834625323, 'F1_V': 0.7561475409836066, 'F1_F': 0.08, 'Recall_S': 0.010471204188481676, 'Recall_F': 0.1111111111111111, 'best_epoch': 2}]",88.41984915733337,82.33906316757202,3,COMPLETE
38,0.09140666543003773,0.3764033786625454,2026-08-10 16:10:54.872012,2026-08-10 16:12:56.491322,0 days 00:02:01.619310,2,224x256,linear,3,sym4,0.0,0.5887168377318689,0.18281333086007545,0.7340833460582376,0.0,0.13350785340314136,2.0,"{'method': 'SWT', 'image_size': [224, 256], 'norm_type': 'linear', 'clip_pct': 2, 'wavelet': 'sym4', 'level': 3}",0.3764033786625454,0.027793700263137107,0.0,0.0,7.0507285594940186,0.09140666543003773,0.10027628466533509,"[{'seed': 42, 'Macro_F1': 0.4070929220087336, 'Rare_Macro_SF': 0.1986644407345576, 'Min_Rare_F1': 0.0, 'F1_N': 0.5271966527196653, 'F1_S': 0.3973288814691152, 'F1_V': 0.7038461538461539, 'F1_F': 0.0, 'Recall_S': 0.31151832460732987, 'Recall_F': 0.0, 'best_epoch': 4}, {'seed': 43, 'Macro_F1': 0.35292818749111454, 'Rare_Macro_SF': 0.0, 'Min_Rare_F1': 0.0, 'F1_N': 0.6369930761622157, 'F1_S': 0.0, 'F1_V': 0.7747196738022426, 'F1_F': 0.0, 'Recall_S': 0.0, 'Recall_F': 0.0, 'best_epoch': 1}, {'seed': 44, 'Macro_F1': 0.36918902648778806, 'Rare_Macro_SF': 0.07555555555555556, 'Min_Rare_F1': 0.0, 'F1_N': 0.6019607843137255, 'F1_S': 0.1511111111111111, 'F1_V': 0.7236842105263158, 'F1_F': 0.0, 'Recall_S': 0.08900523560209424, 'Recall_F': 0.0, 'best_epoch': 2}]",121.28177165985107,114.08148789405823,4,COMPLETE
36,0.08535456511360125,0.3753929729816468,2026-08-10 16:08:40.021434,2026-08-10 16:09:59.758683,0 days 00:01:19.737249,4,160x224,linear,3,sym4,0.01914529914529915,0.5951645800177795,0.15156383108190338,0.7356981816816051,0.037037037037037035,0.09511343804537521,2.0,"{'method': 'SWT', 'image_size': [160, 224], 'norm_type': 'linear', 'clip_pct': 4, 'wavelet': 'sym4', 'level': 3}",0.3753929729816468,0.03184458761816899,0.008888888888888889,0.015396007178390023,5.387152671813965,0.08535456511360125,0.06961961440087934,"[{'seed': 42, 'Macro_F1': 0.4066986528649572, 'Rare_Macro_SF': 0.15461847389558234, 'Min_Rare_F1': 0.0, 'F1_N': 0.6072772898368883, 'F1_S': 0.3092369477911647, 'F1_V': 0.7102803738317757, 'F1_F': 0.0, 'Recall_S': 0.20157068062827224, 'Recall_F': 0.0, 'best_epoch': 4}, {'seed': 43, 'Macro_F1': 0.34303553589267877, 'Rare_Macro_SF': 0.015384615384615385, 'Min_Rare_F1': 0.0, 'F1_N': 0.5930735930735931, 'F1_S': 0.0, 'F1_V': 0.7482993197278912, 'F1_F': 0.03076923076923077, 'Recall_S': 0.0, 'Recall_F': 0.05555555555555555, 'best_epoch': 1}, {'seed': 44, 'Macro_F1': 0.37644473018730445, 'Rare_Macro_SF': 0.08606060606060606, 'Min_Rare_F1': 0.02666666666666667, 'F1_N': 0.5851428571428572, 'F1_S': 0.14545454545454545, 'F1_V': 0.7485148514851485, 'F1_F': 0.02666666666666667, 'Recall_S': 0.08376963350785341, 'Recall_F': 0.05555555555555555, 'best_epoch': 2}]",79.39257550239563,73.85912370681763,4,COMPLETE
6,0.08003977702189176,0.3796303559827356,2026-08-10 15:15:42.270328,2026-08-10 15:16:54.824439,0 days 00:01:12.554111,1,160x192,sqrt,4,sym4,0.042144404193740055,0.6056341174163026,0.11793514985004346,0.7528077524708562,0.0925925925925926,0.0636998254799302,3.0,"{'method': 'SWT', 'image_size': [160, 192], 'norm_type': 'sqrt', 'clip_pct': 1, 'wavelet': 'sym4', 'level': 4}",0.3796303559827356,0.010485897122329054,0.042144404193740055,0.005399970084462983,4.831648349761963,0.08003977702189176,0.02788218598968063,"[{'seed': 42, 'Macro_F1': 0.385186316332137, 'Rare_Macro_SF': 0.08249747073276485, 'Min_Rare_F1': 0.047058823529411764, 'F1_N': 0.6102403343782654, 'F1_S': 0.11793611793611794, 'F1_V': 0.7655099894847529, 'F1_F': 0.047058823529411764, 'Recall_S': 0.06282722513089005, 'Recall_F': 0.1111111111111111, 'best_epoch': 3}, {'seed': 43, 'Macro_F1': 0.38616916264186213, 'Rare_Macro_SF': 0.10661175932280942, 'Min_Rare_F1': 0.043010752688172046, 'F1_N': 0.5914315569487983, 'F1_S': 0.1702127659574468, 'F1_V': 0.7400215749730313, 'F1_F': 0.043010752688172046, 'Recall_S': 0.09424083769633508, 'Recall_F': 0.1111111111111111, 'best_epoch': 3}, {'seed': 44, 'Macro_F1': 0.3675355889742075, 'Rare_Macro_SF': 0.05101010101010101, 'Min_Rare_F1': 0.03636363636363636, 'F1_N': 0.6152304609218436, 'F1_S': 0.06565656565656566, 'F1_V': 0.7528916929547844, 'F1_F': 0.03636363636363636, 'Recall_S': 0.034031413612565446, 'Recall_F': 0.05555555555555555, 'best_epoch': 2}]",72.22046422958374,67.22655391693115,0,COMPLETE
11,0.06814480351864585,0.3634773293677796,2026-08-10 15:24:27.504609,2026-08-10 15:25:07.628388,0 days 00:00:40.123779,5,96x128,linear,3,sym5,0.025641025641025644,0.5851650737873201,0.11064858139626606,0.7324546366465067,0.018518518518518517,0.0663176265270506,1.0,"{'method': 'SWT', 'image_size': [96, 128], 'norm_type': 'linear', 'clip_pct': 5, 'wavelet': 'sym5', 'level': 3}",0.3634773293677796,0.014582838705130196,0.0,0.0,3.257172107696533,0.06814480351864585,0.06798383173324332,"[{'seed': 42, 'Macro_F1': 0.34715522375805946, 'Rare_Macro_SF': 0.1459227467811159, 'Min_Rare_F1': 0.0, 'F1_N': 0.4602649006622517, 'F1_S': 0.2918454935622318, 'F1_V': 0.6365105008077544, 'F1_F': 0.0, 'Recall_S': 0.17801047120418848, 'Recall_F': 0.0, 'best_epoch': 4}, {'seed': 43, 'Macro_F1': 0.37522318845034847, 'Rare_Macro_SF': 0.038461538461538464, 'Min_Rare_F1': 0.0, 'F1_N': 0.6472303206997084, 'F1_S': 0.0, 'F1_V': 0.7767393561786086, 'F1_F': 0.07692307692307693, 'Recall_S': 0.0, 'Recall_F': 0.05555555555555555, 'best_epoch': 1}, {'seed': 44, 'Macro_F1': 0.3680535758949308, 'Rare_Macro_SF': 0.020050125313283207, 'Min_Rare_F1': 0.0, 'F1_N': 0.648, 'F1_S': 0.040100250626566414, 'F1_V': 0.7841140529531568, 'F1_F': 0.0, 'Recall_S': 0.020942408376963352, 'Recall_F': 0.0, 'best_epoch': 1}]",39.77987217903137,36.37565565109253,1,COMPLETE
12,0.04946759785691579,0.3747714359985315,2026-08-10 15:25:07.879269,2026-08-10 15:26:23.590594,0 days 00:01:15.711325,5,160x192,sqrt,4,sym4,0.08862557138419207,0.6356010248933481,0.0103096243296395,0.7645495233869465,0.07407407407407407,0.005235602094240837,2.0,"{'method': 'SWT', 'image_size': [160, 192], 'norm_type': 'sqrt', 'clip_pct': 5, 'wavelet': 'sym4', 'level': 4}",0.3747714359985315,0.011095478525466072,0.0103096243296395,0.013587684178305358,4.8525004386901855,0.04946759785691579,0.021450385987372197,"[{'seed': 42, 'Macro_F1': 0.3715499448418206, 'Rare_Macro_SF': 0.034482758620689655, 'Min_Rare_F1': 0.0, 'F1_N': 0.6411764705882353, 'F1_S': 0.0, 'F1_V': 0.7760577915376677, 'F1_F': 0.06896551724137931, 'Recall_S': 0.0, 'Recall_F': 0.05555555555555555, 'best_epoch': 2}, {'seed': 43, 'Macro_F1': 0.387121182450083, 'Rare_Macro_SF': 0.07403953748601268, 'Min_Rare_F1': 0.005221932114882507, 'F1_N': 0.6387035271687321, 'F1_S': 0.005221932114882507, 'F1_V': 0.7617021276595745, 'F1_F': 0.14285714285714285, 'Recall_S': 0.002617801047120419, 'Recall_F': 0.1111111111111111, 'best_epoch': 2}, {'seed': 44, 'Macro_F1': 0.36564318070369106, 'Rare_Macro_SF': 0.039880497464045025, 'Min_Rare_F1': 0.02570694087403599, 'F1_N': 0.6269230769230769, 'F1_S': 0.02570694087403599, 'F1_V': 0.7558886509635975, 'F1_F': 0.05405405405405406, 'Recall_S': 0.013089005235602094, 'Recall_F': 0.05555555555555555, 'best_epoch': 5}]",75.38056588172913,70.3860092163086,1,COMPLETE
21,0.04806955496610669,0.37312870544071824,2026-08-10 15:42:17.084416,2026-08-10 15:44:37.672949,0 days 00:02:20.588533,3,224x256,log1p,3,sym5,0.025641025641025644,0.6358881354526567,0.07049808429118774,0.7604875763780031,0.018518518518518517,0.04013961605584642,1.0,"{'method': 'SWT', 'image_size': [224, 256], 'norm_type': 'log1p', 'clip_pct': 3, 'wavelet': 'sym5', 'level': 3}",0.37312870544071824,0.016499391802134736,0.0,0.0,7.428030252456665,0.04806955496610669,0.05352428582683949,"[{'seed': 42, 'Macro_F1': 0.38984659556736695, 'Rare_Macro_SF': 0.10574712643678161, 'Min_Rare_F1': 0.0, 'F1_N': 0.6189944134078212, 'F1_S': 0.21149425287356322, 'F1_V': 0.7288977159880834, 'F1_F': 0.0, 'Recall_S': 0.12041884816753927, 'Recall_F': 0.0, 'best_epoch': 8}, {'seed': 43, 'Macro_F1': 0.37268266389793103, 'Rare_Macro_SF': 0.038461538461538464, 'Min_Rare_F1': 0.0, 'F1_N': 0.642023346303502, 'F1_S': 0.0, 'F1_V': 0.7717842323651453, 'F1_F': 0.07692307692307693, 'Recall_S': 0.0, 'Recall_F': 0.05555555555555555, 'best_epoch': 1}, {'seed': 44, 'Macro_F1': 0.35685685685685686, 'Rare_Macro_SF': 0.0, 'Min_Rare_F1': 0.0, 'F1_N': 0.6466466466466466, 'F1_S': 0.0, 'F1_V': 0.7807807807807807, 'F1_F': 0.0, 'Recall_S': 0.0, 'Recall_F': 0.0, 'best_epoch': 1}]",140.2421429157257,132.65656447410583,2,COMPLETE
33,0.04422832060970381,0.35047864011255053,2026-08-10 16:03:36.696657,2026-08-10 16:04:24.352265,0 days 00:00:47.655608,3,128x128,log1p,3,sym4,0.015503875968992248,0.5935335386523009,0.07295276525041537,0.7199243805784935,0.018518518518518517,0.0418848167539267,1.0,"{'method': 'SWT', 'image_size': [128, 128], 'norm_type': 'log1p', 'clip_pct': 3, 'wavelet': 'sym4', 'level': 3}",0.35047864011255053,0.0017112081040514175,0.0,0.0,3.5800704956054688,0.04422832060970381,0.05517853278889477,"[{'seed': 42, 'Macro_F1': 0.35194577582218034, 'Rare_Macro_SF': 0.10681818181818181, 'Min_Rare_F1': 0.0, 'F1_N': 0.5308988764044944, 'F1_S': 0.21363636363636362, 'F1_V': 0.6632478632478632, 'F1_F': 0.0, 'Recall_S': 0.12303664921465969, 'Recall_F': 0.0, 'best_epoch': 4}, {'seed': 43, 'Macro_F1': 0.35089131297526316, 'Rare_Macro_SF': 0.023255813953488372, 'Min_Rare_F1': 0.0, 'F1_N': 0.6078028747433265, 'F1_S': 0.0, 'F1_V': 0.7492507492507493, 'F1_F': 0.046511627906976744, 'Recall_S': 0.0, 'Recall_F': 0.05555555555555555, 'best_epoch': 1}, {'seed': 44, 'Macro_F1': 0.3485988315402081, 'Rare_Macro_SF': 0.0026109660574412533, 'Min_Rare_F1': 0.0, 'F1_N': 0.6418988648090815, 'F1_S': 0.005221932114882507, 'F1_V': 0.7472745292368682, 'F1_F': 0.0, 'Recall_S': 0.002617801047120419, 'Recall_F': 0.0, 'best_epoch': 1}]",47.3037633895874,43.57537651062012,4,COMPLETE
