representation_id,method,source_trial,role,seed,train_subset_seed,n_train,n_val,Macro_F1,Rare_Macro_SF,Min_Rare_F1,F1_N,F1_S,F1_V,F1_F,Precision_N,Precision_S,Precision_V,Precision_F,Recall_N,Recall_S,Recall_V,Recall_F,best_epoch,time_s,n_parameters,cm_json,config_json
RAW_1D_65x110,RAW_1D,,raw_window_winner,2000,20260810,4958,13142,0.3172905725553625,0.09082834125180747,0.05825242718446602,0.8275763084872261,0.12340425531914893,0.25992929923060926,0.05825242718446602,0.9715794203549765,0.32954545454545453,0.15367592820260634,0.03529411764705882,0.72075,0.07591623036649214,0.8423180592991913,0.16666666666666666,26,43.54795026779175,76004,"[[8649,36,3235,80],[154,29,199,0],[92,23,625,2],[7,0,8,3]]","{""method"": ""RAW_1D"", ""window_before"": 65, ""window_after"": 110, ""segment_length"": 175}"
RAW_1D_65x110,RAW_1D,,raw_window_winner,2001,20260810,4958,13142,0.3078583758830999,0.07847157502329916,0.014414414414414415,0.8020030438411311,0.1425287356321839,0.27248730964467005,0.014414414414414415,0.9759827936432071,0.5849056603773585,0.16041118814248148,0.0074487895716946,0.6806666666666666,0.08115183246073299,0.9043126684636119,0.2222222222222222,21,33.56195688247681,76004,"[[8168,4,3303,525],[150,31,200,1],[46,18,671,7],[5,0,9,4]]","{""method"": ""RAW_1D"", ""window_before"": 65, ""window_after"": 110, ""segment_length"": 175}"
RAW_1D_65x110,RAW_1D,,raw_window_winner,2002,20260810,4958,13142,0.26974346816198946,0.015384615384615385,0.0,0.7750669443617971,0.03076923076923077,0.27313769751693,0.0,0.9570168993387216,0.75,0.16404555314533623,0.0,0.65125,0.015706806282722512,0.8153638814016172,0.0,2,11.645670175552368,76004,"[[7815,1,2910,1274],[215,6,156,5],[135,1,605,1],[1,0,17,0]]","{""method"": ""RAW_1D"", ""window_before"": 65, ""window_after"": 110, ""segment_length"": 175}"
RAW_1D_65x110,RAW_1D,,raw_window_winner,2003,20260810,4958,13142,0.3284196285091321,0.02735072598804255,0.009433962264150943,0.8944808816311962,0.04526748971193416,0.364496180429247,0.009433962264150943,0.9626428502832998,0.10576923076923077,0.24962630792227206,0.0048543689320388345,0.8353333333333334,0.028795811518324606,0.6752021563342318,0.16666666666666666,11,22.03583598136902,76004,"[[10024,6,1368,602],[232,11,137,2],[143,87,501,11],[14,0,1,3]]","{""method"": ""RAW_1D"", ""window_before"": 65, ""window_after"": 110, ""segment_length"": 175}"
RAW_1D_65x110,RAW_1D,,raw_window_winner,2004,20260810,4958,13142,0.26900548489103526,0.07347522054439687,0.0046146746654360865,0.6888877056599755,0.14233576642335766,0.24018379281537175,0.0046146746654360865,0.9539890871552869,0.23493975903614459,0.1421156697973307,0.002326663564448581,0.5390833333333334,0.10209424083769633,0.7749326145552561,0.2777777777777778,5,15.107227563858032,76004,"[[6469,120,3284,2127],[154,39,175,14],[157,7,575,3],[1,0,12,5]]","{""method"": ""RAW_1D"", ""window_before"": 65, ""window_after"": 110, ""segment_length"": 175}"
RAW_1D_65x110,RAW_1D,,raw_window_winner,2005,20260810,4958,13142,0.28527279661223826,0.021017353449818116,0.007804878048780488,0.8024324981756263,0.034229828850855744,0.29662398137369034,0.007804878048780488,0.9639976621858563,0.25925925925925924,0.17928511117365606,0.003972194637537239,0.68725,0.01832460732984293,0.8584905660377359,0.2222222222222222,10,20.725632905960083,76004,"[[8247,4,2758,991],[216,7,154,5],[82,16,637,7],[10,0,4,4]]","{""method"": ""RAW_1D"", ""window_before"": 65, ""window_after"": 110, ""segment_length"": 175}"
RAW_1D_65x110,RAW_1D,,raw_window_winner,2006,20260810,4958,13142,0.2941681449785861,0.10239651416122005,0.0,0.7347952006619777,0.2047930283224401,0.23708435092992675,0.0,0.9683751363140676,0.6103896103896104,0.13774285090591573,0.0,0.592,0.12303664921465969,0.8504043126684636,0.0,1,10.534705877304077,76004,"[[7104,26,3728,1142],[126,47,204,5],[106,4,631,1],[0,0,18,0]]","{""method"": ""RAW_1D"", ""window_before"": 65, ""window_after"": 110, ""segment_length"": 175}"
RAW_1D_65x110,RAW_1D,,raw_window_winner,2007,20260810,4958,13142,0.3019734362457089,0.15173794875029387,0.007855459544383346,0.6543696872048447,0.2956204379562044,0.2500481602774032,0.007855459544383346,0.981663610601767,0.4879518072289157,0.1458754776354237,0.003955696202531646,0.49075,0.21204188481675393,0.8746630727762803,0.5555555555555556,22,34.66154408454895,76004,"[[5889,30,3587,2494],[83,81,207,11],[25,55,649,13],[2,0,6,10]]","{""method"": ""RAW_1D"", ""window_before"": 65, ""window_after"": 110, ""segment_length"": 175}"
RAW_1D_65x110,RAW_1D,,raw_window_winner,2008,20260810,4958,13142,0.3095922320855056,0.06495726495726496,0.0,0.8447636483124442,0.12991452991452992,0.26369075011504833,0.0,0.9672148769214232,0.18719211822660098,0.15899001109877914,0.0,0.7498333333333334,0.09947643979057591,0.7722371967654986,0.0,12,22.97544264793396,76004,"[[8998,131,2841,30],[166,38,176,2],[135,34,573,0],[4,0,14,0]]","{""method"": ""RAW_1D"", ""window_before"": 65, ""window_after"": 110, ""segment_length"": 175}"
RAW_1D_65x110,RAW_1D,,raw_window_winner,2009,20260810,4958,13142,0.3040543504637459,0.06109441179264645,0.0054453520031116295,0.7520146893808018,0.11674347158218126,0.3420138888888889,0.0054453520031116295,0.9692348146200368,0.1412639405204461,0.21775976418570375,0.0027418723070896985,0.6143333333333333,0.09947643979057591,0.7964959568733153,0.3888888888888889,13,24.18870258331299,76004,"[[7372,194,1932,2502],[142,38,183,19],[89,37,591,25],[3,0,8,7]]","{""method"": ""RAW_1D"", ""window_before"": 65, ""window_after"": 110, ""segment_length"": 175}"
STFT_T29,STFT,29,confirmed_method_winner,2000,20260810,4958,13142,0.4419252654369751,0.21614532100465605,0.02564102564102564,0.9083750894774517,0.40664961636828645,0.4270353302611367,0.02564102564102564,0.9806800618238022,0.3975,0.29860365198711064,0.013257575757575758,0.846,0.4162303664921466,0.7493261455525606,0.3888888888888889,28,137.31037878990173,90372,"[[10152,222,1134,492],[50,159,169,4],[142,19,556,25],[8,0,3,7]]","{""method"": ""STFT"", ""image_size"": [128, 128], ""norm_type"": ""sqrt"", ""clip_pct"": 5, ""nperseg"": 64, ""window"": ""hamming"", ""noverlap_pct"": 0.25, ""nfft"": 64}"
STFT_T29,STFT,29,confirmed_method_winner,2001,20260810,4958,13142,0.3623438583929831,0.1392627464355756,0.01160092807424594,0.8499039947548354,0.26692456479690524,0.32094594594594594,0.01160092807424594,0.9701699989308243,0.5111111111111111,0.20284697508896798,0.005924170616113744,0.7561666666666667,0.1806282722513089,0.7681940700808625,0.2777777777777778,11,87.21722054481506,90372,"[[9074,63,2039,824],[104,69,199,10],[164,3,570,5],[11,0,2,5]]","{""method"": ""STFT"", ""image_size"": [128, 128], ""norm_type"": ""sqrt"", ""clip_pct"": 5, ""nperseg"": 64, ""window"": ""hamming"", ""noverlap_pct"": 0.25, ""nfft"": 64}"
STFT_T29,STFT,29,confirmed_method_winner,2002,20260810,4958,13142,0.4204889276302501,0.17983193277310924,0.05714285714285714,0.9287386215864759,0.3025210084033613,0.39355322338830584,0.05714285714285714,0.967750677506775,0.7659574468085106,0.27258566978193144,0.038461538461538464,0.89275,0.18848167539267016,0.7075471698113207,0.1111111111111111,9,77.954585313797,90372,"[[10713,14,1227,46],[135,72,174,1],[207,7,525,3],[15,1,0,2]]","{""method"": ""STFT"", ""image_size"": [128, 128], ""norm_type"": ""sqrt"", ""clip_pct"": 5, ""nperseg"": 64, ""window"": ""hamming"", ""noverlap_pct"": 0.25, ""nfft"": 64}"
STFT_T29,STFT,29,confirmed_method_winner,2003,20260810,4958,13142,0.3572423166620584,0.10388829861446494,0.021164021164021163,0.8813651382790929,0.18661257606490872,0.3398275311402108,0.021164021164021163,0.9646289507579511,0.4144144144144144,0.22268731686898283,0.01092896174863388,0.8113333333333334,0.12041884816753927,0.7169811320754716,0.3333333333333333,11,87.25147485733032,90372,"[[9736,49,1687,528],[158,46,168,10],[189,16,532,5],[10,0,2,6]]","{""method"": ""STFT"", ""image_size"": [128, 128], ""norm_type"": ""sqrt"", ""clip_pct"": 5, ""nperseg"": 64, ""window"": ""hamming"", ""noverlap_pct"": 0.25, ""nfft"": 64}"
STFT_T29,STFT,29,confirmed_method_winner,2004,20260810,4958,13142,0.37685967423916733,0.14624716704439408,0.1386481802426343,0.8875259312708578,0.1386481802426343,0.3274184315970235,0.15384615384615385,0.9671712207587969,0.20512820512820512,0.20784883720930233,0.14285714285714285,0.82,0.10471204188481675,0.77088948787062,0.16666666666666666,11,87.24329376220703,90372,"[[9840,155,1994,11],[159,40,183,0],[163,0,572,7],[12,0,3,3]]","{""method"": ""STFT"", ""image_size"": [128, 128], ""norm_type"": ""sqrt"", ""clip_pct"": 5, ""nperseg"": 64, ""window"": ""hamming"", ""noverlap_pct"": 0.25, ""nfft"": 64}"
STFT_T29,STFT,29,confirmed_method_winner,2005,20260810,4958,13142,0.4541618420111299,0.25259764884338265,0.044444444444444446,0.9238288129623107,0.46075085324232085,0.38762325739544373,0.044444444444444446,0.9793689320388349,0.6617647058823529,0.2592087312414734,0.037037037037037035,0.87425,0.35340314136125656,0.7681940700808625,0.05555555555555555,26,137.3984818458557,90372,"[[10491,46,1438,25],[58,135,189,0],[149,22,570,1],[14,1,2,1]]","{""method"": ""STFT"", ""image_size"": [128, 128], ""norm_type"": ""sqrt"", ""clip_pct"": 5, ""nperseg"": 64, ""window"": ""hamming"", ""noverlap_pct"": 0.25, ""nfft"": 64}"
STFT_T29,STFT,29,confirmed_method_winner,2006,20260810,4958,13142,0.41091857539316784,0.22171945701357468,0.058823529411764705,0.8835510092245867,0.38461538461538464,0.31668437832093516,0.058823529411764705,0.9773691654879774,0.7246376811594203,0.1972203838517538,0.03571428571428571,0.8061666666666667,0.2617801047120419,0.8032345013477089,0.16666666666666666,19,123.80607676506042,90372,"[[9674,34,2214,78],[76,100,206,0],[139,4,596,3],[9,0,6,3]]","{""method"": ""STFT"", ""image_size"": [128, 128], ""norm_type"": ""sqrt"", ""clip_pct"": 5, ""nperseg"": 64, ""window"": ""hamming"", ""noverlap_pct"": 0.25, ""nfft"": 64}"
STFT_T29,STFT,29,confirmed_method_winner,2007,20260810,4958,13142,0.4146454333753745,0.22728023452661134,0.12345679012345678,0.8853549621798961,0.3311036789297659,0.31866630226837933,0.12345679012345678,0.9767745827468329,0.4583333333333333,0.1998628728145355,0.07936507936507936,0.8095833333333333,0.2591623036649215,0.7857142857142857,0.2777777777777778,14,100.7724883556366,90372,"[[9715,107,2133,45],[86,99,196,1],[137,10,583,12],[8,0,5,5]]","{""method"": ""STFT"", ""image_size"": [128, 128], ""norm_type"": ""sqrt"", ""clip_pct"": 5, ""nperseg"": 64, ""window"": ""hamming"", ""noverlap_pct"": 0.25, ""nfft"": 64}"
STFT_T29,STFT,29,confirmed_method_winner,2008,20260810,4958,13142,0.4015070655566813,0.20592010579952547,0.0425531914893617,0.8836784964875467,0.3692870201096892,0.3105095541401274,0.0425531914893617,0.9762144728885306,0.6121212121212121,0.19332452081956378,0.034482758620689655,0.8071666666666667,0.2643979057591623,0.7884097035040432,0.05555555555555555,13,96.27922248840332,90372,"[[9686,52,2234,28],[76,101,205,0],[146,11,585,0],[14,1,2,1]]","{""method"": ""STFT"", ""image_size"": [128, 128], ""norm_type"": ""sqrt"", ""clip_pct"": 5, ""nperseg"": 64, ""window"": ""hamming"", ""noverlap_pct"": 0.25, ""nfft"": 64}"
STFT_T29,STFT,29,confirmed_method_winner,2009,20260810,4958,13142,0.3929241007046669,0.19057214386029186,0.025157232704402517,0.8790544255085212,0.3559870550161812,0.31149768958956237,0.025157232704402517,0.9761904761904762,0.4661016949152542,0.195097037793667,0.014184397163120567,0.7995,0.2879581151832461,0.7722371967654986,0.1111111111111111,15,105.52952098846436,90372,"[[9594,114,2156,136],[66,110,205,1],[155,12,573,2],[13,0,3,2]]","{""method"": ""STFT"", ""image_size"": [128, 128], ""norm_type"": ""sqrt"", ""clip_pct"": 5, ""nperseg"": 64, ""window"": ""hamming"", ""noverlap_pct"": 0.25, ""nfft"": 64}"
CWT_T39,CWT,39,confirmed_method_winner,2000,20260810,4958,13142,0.3768562052283773,0.10569105691056911,0.0,0.9155889549108703,0.21138211382113822,0.38045375218150085,0.0,0.9623438648052902,0.4727272727272727,0.2567121997173811,0.0,0.8731666666666666,0.13612565445026178,0.7345013477088949,0.0,4,43.424741983413696,90372,"[[10478,51,1453,18],[220,52,108,2],[189,7,545,1],[1,0,17,0]]","{""method"": ""CWT"", ""image_size"": [128, 160], ""norm_type"": ""linear"", ""clip_pct"": 2, ""wavelet"": ""gaus8"", ""scale_min"": 2.0, ""scale_max"": 130.0, ""scale_type"": ""logarithmic"", ""num_scales"": 80}"
CWT_T39,CWT,39,confirmed_method_winner,2001,20260810,4958,13142,0.3443800879239309,0.08979591836734693,0.0,0.796858996244452,0.17959183673469387,0.40106951871657753,0.0,0.9607197459720099,0.4074074074074074,0.26666666666666666,0.0,0.68075,0.11518324607329843,0.8086253369272237,0.0,6,49.814483880996704,90372,"[[8169,62,1521,2248],[195,44,111,32],[139,2,600,1],[0,0,18,0]]","{""method"": ""CWT"", ""image_size"": [128, 160], ""norm_type"": ""linear"", ""clip_pct"": 2, ""wavelet"": ""gaus8"", ""scale_min"": 2.0, ""scale_max"": 130.0, ""scale_type"": ""logarithmic"", ""num_scales"": 80}"
CWT_T39,CWT,39,confirmed_method_winner,2002,20260810,4958,13142,0.3831634497200409,0.1016501739518891,0.03468208092485549,0.9130855083926531,0.1686182669789227,0.41626794258373206,0.03468208092485549,0.9657928983082358,0.8,0.27884615384615385,0.01935483870967742,0.8658333333333333,0.09424083769633508,0.8207547169811321,0.16666666666666666,3,39.262460470199585,90372,"[[10390,9,1454,147],[235,36,108,3],[131,0,609,2],[2,0,13,3]]","{""method"": ""CWT"", ""image_size"": [128, 160], ""norm_type"": ""linear"", ""clip_pct"": 2, ""wavelet"": ""gaus8"", ""scale_min"": 2.0, ""scale_max"": 130.0, ""scale_type"": ""logarithmic"", ""num_scales"": 80}"
CWT_T39,CWT,39,confirmed_method_winner,2003,20260810,4958,13142,0.3530526692464877,0.06490384615384616,0.0,0.9154562059667739,0.12980769230769232,0.36694677871148457,0.0,0.9573403674731672,0.7941176470588235,0.2478713339640492,0.0,0.8770833333333333,0.07068062827225131,0.706199460916442,0.0,1,32.07997727394104,90372,"[[10525,7,1468,0],[247,27,108,0],[218,0,524,0],[4,0,14,0]]","{""method"": ""CWT"", ""image_size"": [128, 160], ""norm_type"": ""linear"", ""clip_pct"": 2, ""wavelet"": ""gaus8"", ""scale_min"": 2.0, ""scale_max"": 130.0, ""scale_type"": ""logarithmic"", ""num_scales"": 80}"
CWT_T39,CWT,39,confirmed_method_winner,2004,20260810,4958,13142,0.38707937799829295,0.13803418803418804,0.06666666666666667,0.9139246023098714,0.2094017094017094,0.35832453361492433,0.06666666666666667,0.9579716765646414,0.5697674418604651,0.24249642686993805,0.08333333333333333,0.87375,0.12827225130890052,0.6859838274932615,0.05555555555555555,1,32.28078627586365,90372,"[[10485,37,1467,11],[224,49,109,0],[233,0,509,0],[3,0,14,1]]","{""method"": ""CWT"", ""image_size"": [128, 160], ""norm_type"": ""linear"", ""clip_pct"": 2, ""wavelet"": ""gaus8"", ""scale_min"": 2.0, ""scale_max"": 130.0, ""scale_type"": ""logarithmic"", ""num_scales"": 80}"
CWT_T39,CWT,39,confirmed_method_winner,2005,20260810,4958,13142,0.3795514048696473,0.10869565217391304,0.0,0.8840119706175751,0.21739130434782608,0.4168023445131879,0.0,0.9695643524965188,0.4435483870967742,0.274796049806784,0.0,0.8123333333333334,0.14397905759162305,0.862533692722372,0.0,3,39.24303317070007,90372,"[[9748,69,1560,623],[205,55,111,11],[101,0,640,1],[0,0,18,0]]","{""method"": ""CWT"", ""image_size"": [128, 160], ""norm_type"": ""linear"", ""clip_pct"": 2, ""wavelet"": ""gaus8"", ""scale_min"": 2.0, ""scale_max"": 130.0, ""scale_type"": ""logarithmic"", ""num_scales"": 80}"
CWT_T39,CWT,39,confirmed_method_winner,2006,20260810,4958,13142,0.3826537101622829,0.11157894736842106,0.0,0.915900936378752,0.2231578947368421,0.39155600953353764,0.0,0.9642528100239544,0.5698924731182796,0.2619589977220957,0.0,0.8721666666666666,0.1387434554973822,0.7749326145552561,0.0,1,32.18021774291992,90372,"[[10466,40,1494,0],[219,53,110,0],[167,0,575,0],[2,0,16,0]]","{""method"": ""CWT"", ""image_size"": [128, 160], ""norm_type"": ""linear"", ""clip_pct"": 2, ""wavelet"": ""gaus8"", ""scale_min"": 2.0, ""scale_max"": 130.0, ""scale_type"": ""logarithmic"", ""num_scales"": 80}"
CWT_T39,CWT,39,confirmed_method_winner,2007,20260810,4958,13142,0.3942389695925592,0.15801274486665093,0.10526315789473684,0.9146532244046585,0.21076233183856502,0.34627716423227645,0.10526315789473684,0.9556847075917181,0.734375,0.23535108958837772,1.0,0.877,0.12303664921465969,0.6549865229110512,0.05555555555555555,1,32.21429133415222,90372,"[[10524,17,1459,0],[227,47,108,0],[256,0,486,0],[5,0,12,1]]","{""method"": ""CWT"", ""image_size"": [128, 160], ""norm_type"": ""linear"", ""clip_pct"": 2, ""wavelet"": ""gaus8"", ""scale_min"": 2.0, ""scale_max"": 130.0, ""scale_type"": ""logarithmic"", ""num_scales"": 80}"
CWT_T39,CWT,39,confirmed_method_winner,2008,20260810,4958,13142,0.3803032174987342,0.11791383219954649,0.0,0.910739313244569,0.23582766439909297,0.37464589235127477,0.0,0.9598412112259971,0.8813559322033898,0.2540826128722382,0.0,0.8664166666666666,0.13612565445026178,0.7129380053908356,0.0,5,46.243257999420166,90372,"[[10397,5,1438,160],[214,52,108,8],[210,2,529,1],[11,0,7,0]]","{""method"": ""CWT"", ""image_size"": [128, 160], ""norm_type"": ""linear"", ""clip_pct"": 2, ""wavelet"": ""gaus8"", ""scale_min"": 2.0, ""scale_max"": 130.0, ""scale_type"": ""logarithmic"", ""num_scales"": 80}"
CWT_T39,CWT,39,confirmed_method_winner,2009,20260810,4958,13142,0.379845038935511,0.09828605200945625,0.05,0.9182516140289653,0.14657210401891252,0.4045564376941664,0.05,0.9634749176125961,0.7560975609756098,0.2719257540603248,0.045454545454545456,0.8770833333333333,0.08115183246073299,0.7897574123989218,0.05555555555555555,2,35.75158882141113,90372,"[[10525,9,1449,17],[242,31,108,1],[152,1,586,3],[5,0,12,1]]","{""method"": ""CWT"", ""image_size"": [128, 160], ""norm_type"": ""linear"", ""clip_pct"": 2, ""wavelet"": ""gaus8"", ""scale_min"": 2.0, ""scale_max"": 130.0, ""scale_type"": ""logarithmic"", ""num_scales"": 80}"
DWT_T7,DWT,7,method_winner_by_primary_objective,2000,20260810,4958,13142,0.36904179115878677,0.061955469506292354,0.0,0.8955895589558955,0.12391093901258471,0.45666666666666667,0.0,0.9735812133072407,0.09831029185867896,0.30336581045172717,0.0,0.8291666666666667,0.16753926701570682,0.9231805929919138,0.0,6,85.64384007453918,90372,"[[9950,585,1455,10],[208,64,109,1],[53,2,685,2],[9,0,9,0]]","{""method"": ""DWT"", ""image_size"": [224, 160], ""norm_type"": ""linear"", ""clip_pct"": 5, ""wavelet"": ""bior3.5"", ""level"": 3}"
DWT_T7,DWT,7,method_winner_by_primary_objective,2001,20260810,4958,13142,0.3435988552742065,0.055164954029204974,0.0,0.846704401927305,0.11032990805840995,0.4173611111111111,0.0,0.9651274394795777,0.06952965235173825,0.28110383536014966,0.0,0.7541666666666667,0.2670157068062827,0.8099730458221024,0.0,5,79.25264930725098,90372,"[[9050,1363,1428,159],[173,102,107,0],[138,2,601,1],[16,0,2,0]]","{""method"": ""DWT"", ""image_size"": [224, 160], ""norm_type"": ""linear"", ""clip_pct"": 5, ""wavelet"": ""bior3.5"", ""level"": 3}"
DWT_T7,DWT,7,method_winner_by_primary_objective,2002,20260810,4958,13142,0.35315302558883166,0.0536150790040336,0.0034482758620689655,0.8565953070954473,0.10378188214599825,0.44878663725181217,0.0034482758620689655,0.9754098360655737,0.0781456953642384,0.29288358700123407,0.0017793594306049821,0.7635833333333333,0.1544502617801047,0.9595687331536388,0.05555555555555555,1,54.96515965461731,90372,"[[9163,695,1588,554],[204,59,115,4],[26,1,712,3],[1,0,16,1]]","{""method"": ""DWT"", ""image_size"": [224, 160], ""norm_type"": ""linear"", ""clip_pct"": 5, ""wavelet"": ""bior3.5"", ""level"": 3}"
DWT_T7,DWT,7,method_winner_by_primary_objective,2003,20260810,4958,13142,0.3541914536158043,0.048864418444597386,0.0,0.8699613473219215,0.09772883688919477,0.44907563025210084,0.0,0.9713316892725031,0.06629318394024276,0.2991491267353336,0.0,0.78775,0.18586387434554974,0.9002695417789758,0.0,5,79.11986541748047,90372,"[[9453,995,1446,106],[203,71,108,0],[69,5,668,0],[7,0,11,0]]","{""method"": ""DWT"", ""image_size"": [224, 160], ""norm_type"": ""linear"", ""clip_pct"": 5, ""wavelet"": ""bior3.5"", ""level"": 3}"
DWT_T7,DWT,7,method_winner_by_primary_objective,2004,20260810,4958,13142,0.36148025895628283,0.07323452484742807,0.0,0.8888188976377953,0.14646904969485613,0.41063308849247987,0.0,0.9659657701711492,0.10980392156862745,0.27727916863486063,0.0,0.8230833333333333,0.2198952879581152,0.7911051212938005,0.0,18,158.59512400627136,90372,"[[9877,674,1418,31],[190,84,108,0],[144,7,587,4],[14,0,4,0]]","{""method"": ""DWT"", ""image_size"": [224, 160], ""norm_type"": ""linear"", ""clip_pct"": 5, ""wavelet"": ""bior3.5"", ""level"": 3}"
DWT_T7,DWT,7,method_winner_by_primary_objective,2005,20260810,4958,13142,0.37089270352343773,0.09090909090909091,0.0,0.8508582684551168,0.18181818181818182,0.4508943638204522,0.0,0.9730744475434456,0.14002828854314003,0.30076542098153985,0.0,0.7559166666666667,0.2591623036649215,0.9002695417789758,0.0,8,97.48829865455627,90372,"[[9071,605,1436,888],[172,99,107,4],[71,3,668,0],[8,0,10,0]]","{""method"": ""DWT"", ""image_size"": [224, 160], ""norm_type"": ""linear"", ""clip_pct"": 5, ""wavelet"": ""bior3.5"", ""level"": 3}"
DWT_T7,DWT,7,method_winner_by_primary_objective,2006,20260810,4958,13142,0.3609446896738706,0.03762662807525326,0.0,0.9084532054697212,0.07525325615050651,0.4600722970752547,0.0,0.9721588749524895,0.08414239482200647,0.3042155584528466,0.0,0.8525833333333334,0.06806282722513089,0.9433962264150944,0.0,2,60.96068096160889,90372,"[[10231,283,1478,8],[245,26,111,0],[42,0,700,0],[6,0,12,0]]","{""method"": ""DWT"", ""image_size"": [224, 160], ""norm_type"": ""linear"", ""clip_pct"": 5, ""wavelet"": ""bior3.5"", ""level"": 3}"
DWT_T7,DWT,7,method_winner_by_primary_objective,2007,20260810,4958,13142,0.3661447562923474,0.05682859761686526,0.0,0.8907220232969224,0.11365719523373052,0.4601998066387367,0.0,0.9764483752360131,0.08744710860366714,0.30241423125794153,0.0,0.8188333333333333,0.16230366492146597,0.9622641509433962,0.0,3,67.06977486610413,90372,"[[9826,646,1520,8],[209,62,110,1],[27,1,714,0],[1,0,17,0]]","{""method"": ""DWT"", ""image_size"": [224, 160], ""norm_type"": ""linear"", ""clip_pct"": 5, ""wavelet"": ""bior3.5"", ""level"": 3}"
DWT_T7,DWT,7,method_winner_by_primary_objective,2008,20260810,4958,13142,0.39598288771282386,0.11460957178841309,0.0,0.8927649164137181,0.22921914357682618,0.4619474908607511,0.0,0.9781594361163506,0.220873786407767,0.3065725628584032,0.0,0.8210833333333334,0.23821989528795812,0.9366576819407008,0.0,9,103.68376898765564,90372,"[[9853,320,1452,375],[168,91,108,15],[46,1,695,0],[6,0,12,0]]","{""method"": ""DWT"", ""image_size"": [224, 160], ""norm_type"": ""linear"", ""clip_pct"": 5, ""wavelet"": ""bior3.5"", ""level"": 3}"
DWT_T7,DWT,7,method_winner_by_primary_objective,2009,20260810,4958,13142,0.37406756987590617,0.08788449466415568,0.0,0.862154450629122,0.17576898932831136,0.45834683954619126,0.0,0.9826207484806483,0.11560693641618497,0.30174989329918905,0.0,0.768,0.36649214659685864,0.9528301886792453,0.0,12,121.83020687103271,90372,"[[9216,1065,1510,209],[129,140,113,0],[29,6,707,0],[5,0,13,0]]","{""method"": ""DWT"", ""image_size"": [224, 160], ""norm_type"": ""linear"", ""clip_pct"": 5, ""wavelet"": ""bior3.5"", ""level"": 3}"
SWT_T0,SWT,0,confirmed_method_winner,2000,20260810,4958,13142,0.3829779655196626,0.18603561387066542,0.09934395501405811,0.834016588807322,0.09934395501405811,0.3258240455299976,0.2727272727272727,0.974381822232123,0.07737226277372262,0.1976978417266187,0.75,0.729,0.1387434554973822,0.9258760107816711,0.16666666666666666,2,72.92069864273071,90372,"[[8748,632,2620,0],[175,53,154,0],[54,0,687,1],[1,0,14,3]]","{""method"": ""SWT"", ""image_size"": [224, 192], ""norm_type"": ""linear"", ""clip_pct"": 3, ""wavelet"": ""sym4"", ""level"": 4}"
SWT_T0,SWT,0,confirmed_method_winner,2001,20260810,4958,13142,0.37050859951908205,0.14674046740467406,0.09348093480934809,0.8556354468204315,0.09348093480934809,0.3329180164465487,0.2,0.9729241877256317,0.08816705336426914,0.20421889330479975,0.18181818181818182,0.7635833333333333,0.09947643979057591,0.9002695417789758,0.2222222222222222,4,86.81868529319763,90372,"[[9163,391,2434,12],[183,38,160,1],[67,2,668,5],[5,0,9,4]]","{""method"": ""SWT"", ""image_size"": [224, 192], ""norm_type"": ""linear"", ""clip_pct"": 3, ""wavelet"": ""sym4"", ""level"": 4}"
SWT_T0,SWT,0,confirmed_method_winner,2002,20260810,4958,13142,0.369273051923413,0.06637806637806638,0.0,0.9126119370064846,0.13275613275613277,0.4317241379310345,0.0,0.9695379135814041,0.14790996784565916,0.29008341056533826,0.0,0.862,0.12041884816753927,0.8436657681940701,0.0,7,108.44492173194885,90372,"[[10344,262,1393,1],[198,46,137,1],[111,3,626,2],[16,0,2,0]]","{""method"": ""SWT"", ""image_size"": [224, 192], ""norm_type"": ""linear"", ""clip_pct"": 3, ""wavelet"": ""sym4"", ""level"": 4}"
SWT_T0,SWT,0,confirmed_method_winner,2003,20260810,4958,13142,0.3428908270585116,0.08215593929879644,0.06907378335949764,0.8673887992625029,0.06907378335949764,0.33986263037395065,0.09523809523809523,0.9705002578648788,0.08627450980392157,0.2094700533082471,0.3333333333333333,0.7840833333333334,0.05759162303664921,0.9002695417789758,0.05555555555555555,2,72.46255898475647,90372,"[[9409,233,2358,0],[210,22,150,0],[72,0,668,2],[4,0,13,1]]","{""method"": ""SWT"", ""image_size"": [224, 192], ""norm_type"": ""linear"", ""clip_pct"": 3, ""wavelet"": ""sym4"", ""level"": 4}"
SWT_T0,SWT,0,confirmed_method_winner,2004,20260810,4958,13142,0.3545734616647832,0.052581261950286805,0.0,0.8838119510308106,0.10516252390057361,0.4293193717277487,0.0,0.9736287977539356,0.08283132530120482,0.2782435129740519,0.0,0.8091666666666667,0.14397905759162305,0.9393530997304582,0.0,1,65.47086763381958,90372,"[[9710,609,1681,0],[216,55,111,0],[45,0,697,0],[2,0,16,0]]","{""method"": ""SWT"", ""image_size"": [224, 192], ""norm_type"": ""linear"", ""clip_pct"": 3, ""wavelet"": ""sym4"", ""level"": 4}"
SWT_T0,SWT,0,confirmed_method_winner,2005,20260810,4958,13142,0.32398190572352215,0.11531986531986532,0.06397306397306397,0.790608007909046,0.06397306397306397,0.2746798843453119,0.16666666666666666,0.971688942891859,0.04714640198511166,0.16219512195121952,0.3333333333333333,0.6664166666666667,0.09947643979057591,0.8962264150943396,0.1111111111111111,2,72.60562324523926,90372,"[[7997,767,3236,0],[156,38,188,0],[72,1,665,4],[5,0,11,2]]","{""method"": ""SWT"", ""image_size"": [224, 192], ""norm_type"": ""linear"", ""clip_pct"": 3, ""wavelet"": ""sym4"", ""level"": 4}"
SWT_T0,SWT,0,confirmed_method_winner,2006,20260810,4958,13142,0.3801515637810645,0.14111039728099806,0.136986301369863,0.8816586921850079,0.14523449319213314,0.3567267683772538,0.136986301369863,0.9727501256913021,0.17204301075268819,0.2245895913377576,0.09090909090909091,0.8061666666666667,0.1256544502617801,0.866576819407008,0.2777777777777778,6,101.49807119369507,90372,"[[9674,230,2059,37],[177,48,156,1],[86,1,643,12],[8,0,5,5]]","{""method"": ""SWT"", ""image_size"": [224, 192], ""norm_type"": ""linear"", ""clip_pct"": 3, ""wavelet"": ""sym4"", ""level"": 4}"
SWT_T0,SWT,0,confirmed_method_winner,2007,20260810,4958,13142,0.3466924094144813,0.04906542056074766,0.0,0.8885171790235081,0.09813084112149532,0.40012161751292186,0.0,0.9710474308300395,0.08860759493670886,0.25834314880251275,0.0,0.8189166666666666,0.1099476439790576,0.8867924528301887,0.0,2,72.62792992591858,90372,"[[9827,430,1743,0],[204,42,136,0],[81,2,658,1],[8,0,10,0]]","{""method"": ""SWT"", ""image_size"": [224, 192], ""norm_type"": ""linear"", ""clip_pct"": 3, ""wavelet"": ""sym4"", ""level"": 4}"
SWT_T0,SWT,0,confirmed_method_winner,2008,20260810,4958,13142,0.4041705997535465,0.12095088819226751,0.1206896551724138,0.9200843066654958,0.1206896551724138,0.45469631596415533,0.12121212121212122,0.9724336365323928,0.34146341463414637,0.301629238221048,0.13333333333333333,0.8730833333333333,0.07329842931937172,0.9231805929919138,0.1111111111111111,2,72.45225048065186,90372,"[[10477,54,1460,9],[241,28,111,2],[55,0,685,2],[1,0,15,2]]","{""method"": ""SWT"", ""image_size"": [224, 192], ""norm_type"": ""linear"", ""clip_pct"": 3, ""wavelet"": ""sym4"", ""level"": 4}"
SWT_T0,SWT,0,confirmed_method_winner,2009,20260810,4958,13142,0.34349178552952303,0.0,0.0,0.9201034316518385,0.0,0.4538637104662537,0.0,0.970416936303966,0.0,0.29935483870967744,0.0,0.87475,0.0,0.9380053908355795,0.0,1,65.2735207080841,90372,"[[10497,0,1503,0],[274,0,108,0],[46,0,696,0],[0,0,18,0]]","{""method"": ""SWT"", ""image_size"": [224, 192], ""norm_type"": ""linear"", ""clip_pct"": 3, ""wavelet"": ""sym4"", ""level"": 4}"
