domain,metric,candidate_a,model_a,candidate_b,model_b,n_paired_seeds,mean_a,mean_b,mean_difference_a_minus_b,median_difference_a_minus_b,wins_a,ties,wins_b,wilcoxon_p_raw,wilcoxon_p_holm,significant_holm_0_05
RAW_1D,Rare_Macro_SF,CNN1D_T20_RARE,CNN1D,CNN1D_T33_BALANCED,CNN1D,10,0.09183055342461059,0.10805268825866905,-0.016222134834058453,-0.019200991185679184,4,0,6,0.76953125,1.0,False
RAW_1D,Min_Rare_F1,CNN1D_T20_RARE,CNN1D,CNN1D_T33_BALANCED,CNN1D,10,0.012917675249465943,0.04172123858995948,-0.028803563340493537,-0.017878420654114578,3,1,6,0.30078125,1.0,False
RAW_1D,Macro_F1,CNN1D_T20_RARE,CNN1D,CNN1D_T33_BALANCED,CNN1D,10,0.3715634634367614,0.3390574927196062,0.03250597071715518,0.023721179335970982,7,0,3,0.10546875,0.421875,False
RAW_1D,Rare_Macro_SF,CNN1D_T20_RARE,CNN1D,BILSTM1D_T24_BOTH,BILSTM1D,10,0.09183055342461059,0.16573410108146322,-0.07390354765685264,-0.07762644702731032,1,0,9,0.009765625,0.087890625,False
RAW_1D,Min_Rare_F1,CNN1D_T20_RARE,CNN1D,BILSTM1D_T24_BOTH,BILSTM1D,10,0.012917675249465943,0.07848443904262613,-0.06556676379316019,-0.060849720046922046,1,0,9,0.009765625,0.1171875,False
RAW_1D,Macro_F1,CNN1D_T20_RARE,CNN1D,BILSTM1D_T24_BOTH,BILSTM1D,10,0.3715634634367614,0.49877819539867324,-0.12721473196191177,-0.12821617542885033,0,0,10,0.001953125,0.029296875,True
RAW_1D,Rare_Macro_SF,CNN1D_T20_RARE,CNN1D,TRANSFORMER1D_T30_BALANCED,TRANSFORMER1D,10,0.09183055342461059,0.242186692874456,-0.15035613944984544,-0.162583377211238,0,0,10,0.001953125,0.029296875,True
RAW_1D,Min_Rare_F1,CNN1D_T20_RARE,CNN1D,TRANSFORMER1D_T30_BALANCED,TRANSFORMER1D,10,0.012917675249465943,0.011244919782546886,0.0016727554669190591,-0.002523659305993691,4,1,5,1.0,1.0,False
RAW_1D,Macro_F1,CNN1D_T20_RARE,CNN1D,TRANSFORMER1D_T30_BALANCED,TRANSFORMER1D,10,0.3715634634367614,0.44451267040863945,-0.0729492069718781,-0.08836913771491361,1,0,9,0.009765625,0.087890625,False
RAW_1D,Rare_Macro_SF,CNN1D_T20_RARE,CNN1D,TRANSFORMER1D_T31_RARE,TRANSFORMER1D,10,0.09183055342461059,0.19741509912530691,-0.10558454570069635,-0.10095192371204015,1,0,9,0.00390625,0.05078125,False
RAW_1D,Min_Rare_F1,CNN1D_T20_RARE,CNN1D,TRANSFORMER1D_T31_RARE,TRANSFORMER1D,10,0.012917675249465943,0.004296254687782238,0.008621420561683708,0.0,4,2,4,0.640625,1.0,False
RAW_1D,Macro_F1,CNN1D_T20_RARE,CNN1D,TRANSFORMER1D_T31_RARE,TRANSFORMER1D,10,0.3715634634367614,0.43894740541248956,-0.06738394197572817,-0.05522823412237107,2,0,8,0.013671875,0.095703125,False
RAW_1D,Rare_Macro_SF,CNN1D_T20_RARE,CNN1D,CNN_BILSTM1D_T16_BOTH,CNN_BILSTM1D,10,0.09183055342461059,0.11598335220639311,-0.02415279878178251,-0.03231404496981226,3,0,7,0.375,1.0,False
RAW_1D,Min_Rare_F1,CNN1D_T20_RARE,CNN1D,CNN_BILSTM1D_T16_BOTH,CNN_BILSTM1D,10,0.012917675249465943,0.01121656459232633,0.0017011106571396136,-3.3027825943358555e-06,4,1,5,0.91015625,1.0,False
RAW_1D,Macro_F1,CNN1D_T20_RARE,CNN1D,CNN_BILSTM1D_T16_BOTH,CNN_BILSTM1D,10,0.3715634634367614,0.4309318757328972,-0.059368412296135764,-0.06744956092226614,2,0,8,0.01953125,0.1171875,False
RAW_1D,Rare_Macro_SF,CNN1D_T33_BALANCED,CNN1D,BILSTM1D_T24_BOTH,BILSTM1D,10,0.10805268825866905,0.16573410108146322,-0.05768141282279419,-0.04429553007009451,2,0,8,0.10546875,0.6328125,False
RAW_1D,Min_Rare_F1,CNN1D_T33_BALANCED,CNN1D,BILSTM1D_T24_BOTH,BILSTM1D,10,0.04172123858995948,0.07848443904262613,-0.03676320045266665,-0.031132797550707997,3,0,7,0.064453125,0.64453125,False
RAW_1D,Macro_F1,CNN1D_T33_BALANCED,CNN1D,BILSTM1D_T24_BOTH,BILSTM1D,10,0.3390574927196062,0.49877819539867324,-0.15972070267906696,-0.15678456197782978,0,0,10,0.001953125,0.029296875,True
RAW_1D,Rare_Macro_SF,CNN1D_T33_BALANCED,CNN1D,TRANSFORMER1D_T30_BALANCED,TRANSFORMER1D,10,0.10805268825866905,0.242186692874456,-0.134134004615787,-0.12832958999713578,1,0,9,0.00390625,0.05078125,False
RAW_1D,Min_Rare_F1,CNN1D_T33_BALANCED,CNN1D,TRANSFORMER1D_T30_BALANCED,TRANSFORMER1D,10,0.04172123858995948,0.011244919782546886,0.0304763188074126,0.018078674378942478,6,1,3,0.25,1.0,False
RAW_1D,Macro_F1,CNN1D_T33_BALANCED,CNN1D,TRANSFORMER1D_T30_BALANCED,TRANSFORMER1D,10,0.3390574927196062,0.44451267040863945,-0.1054551776890333,-0.09709834995886041,0,0,10,0.001953125,0.029296875,True
RAW_1D,Rare_Macro_SF,CNN1D_T33_BALANCED,CNN1D,TRANSFORMER1D_T31_RARE,TRANSFORMER1D,10,0.10805268825866905,0.19741509912530691,-0.0893624108666379,-0.09614237505342815,1,0,9,0.01953125,0.15625,False
RAW_1D,Min_Rare_F1,CNN1D_T33_BALANCED,CNN1D,TRANSFORMER1D_T31_RARE,TRANSFORMER1D,10,0.04172123858995948,0.004296254687782238,0.03742498390217725,0.021895036716699606,7,1,2,0.02734375,0.30078125,False
RAW_1D,Macro_F1,CNN1D_T33_BALANCED,CNN1D,TRANSFORMER1D_T31_RARE,TRANSFORMER1D,10,0.3390574927196062,0.43894740541248956,-0.09988991269288335,-0.09705663018357444,0,0,10,0.001953125,0.029296875,True
RAW_1D,Rare_Macro_SF,CNN1D_T33_BALANCED,CNN1D,CNN_BILSTM1D_T16_BOTH,CNN_BILSTM1D,10,0.10805268825866905,0.11598335220639311,-0.00793066394772406,-0.006208653408587353,4,0,6,0.845703125,1.0,False
RAW_1D,Min_Rare_F1,CNN1D_T33_BALANCED,CNN1D,CNN_BILSTM1D_T16_BOTH,CNN_BILSTM1D,10,0.04172123858995948,0.01121656459232633,0.03050467399763316,0.006623414552952754,6,0,4,0.232421875,1.0,False
RAW_1D,Macro_F1,CNN1D_T33_BALANCED,CNN1D,CNN_BILSTM1D_T16_BOTH,CNN_BILSTM1D,10,0.3390574927196062,0.4309318757328972,-0.09187438301329096,-0.06300517352062676,0,0,10,0.001953125,0.029296875,True
RAW_1D,Rare_Macro_SF,BILSTM1D_T24_BOTH,BILSTM1D,TRANSFORMER1D_T30_BALANCED,TRANSFORMER1D,10,0.16573410108146322,0.242186692874456,-0.0764525917929928,-0.0628168947810368,1,0,9,0.005859375,0.05859375,False
RAW_1D,Min_Rare_F1,BILSTM1D_T24_BOTH,BILSTM1D,TRANSFORMER1D_T30_BALANCED,TRANSFORMER1D,10,0.07848443904262613,0.011244919782546886,0.06723951926007925,0.050505894909682894,10,0,0,0.001953125,0.029296875,True
RAW_1D,Macro_F1,BILSTM1D_T24_BOTH,BILSTM1D,TRANSFORMER1D_T30_BALANCED,TRANSFORMER1D,10,0.49877819539867324,0.44451267040863945,0.054265524990033655,0.061923867082580186,8,0,2,0.01953125,0.1171875,False
RAW_1D,Rare_Macro_SF,BILSTM1D_T24_BOTH,BILSTM1D,TRANSFORMER1D_T31_RARE,TRANSFORMER1D,10,0.16573410108146322,0.19741509912530691,-0.0316809980438437,-0.020055793266960595,4,0,6,0.16015625,0.640625,False
RAW_1D,Min_Rare_F1,BILSTM1D_T24_BOTH,BILSTM1D,TRANSFORMER1D_T31_RARE,TRANSFORMER1D,10,0.07848443904262613,0.004296254687782238,0.0741881843548439,0.05819347272459072,10,0,0,0.001953125,0.029296875,True
RAW_1D,Macro_F1,BILSTM1D_T24_BOTH,BILSTM1D,TRANSFORMER1D_T31_RARE,TRANSFORMER1D,10,0.49877819539867324,0.43894740541248956,0.05983078998618361,0.06055067043043627,9,0,1,0.005859375,0.05859375,False
RAW_1D,Rare_Macro_SF,BILSTM1D_T24_BOTH,BILSTM1D,CNN_BILSTM1D_T16_BOTH,CNN_BILSTM1D,10,0.16573410108146322,0.11598335220639311,0.04975074887507014,0.03954530148973543,7,0,3,0.10546875,0.6328125,False
RAW_1D,Min_Rare_F1,BILSTM1D_T24_BOTH,BILSTM1D,CNN_BILSTM1D_T16_BOTH,CNN_BILSTM1D,10,0.07848443904262613,0.01121656459232633,0.0672678744502998,0.05417447894269087,9,0,1,0.00390625,0.05078125,False
RAW_1D,Macro_F1,BILSTM1D_T24_BOTH,BILSTM1D,CNN_BILSTM1D_T16_BOTH,CNN_BILSTM1D,10,0.49877819539867324,0.4309318757328972,0.067846319665776,0.07401860399164589,8,0,2,0.009765625,0.087890625,False
RAW_1D,Rare_Macro_SF,TRANSFORMER1D_T30_BALANCED,TRANSFORMER1D,TRANSFORMER1D_T31_RARE,TRANSFORMER1D,10,0.242186692874456,0.19741509912530691,0.04477159374914911,0.055341984764116725,8,0,2,0.064453125,0.451171875,False
RAW_1D,Min_Rare_F1,TRANSFORMER1D_T30_BALANCED,TRANSFORMER1D,TRANSFORMER1D_T31_RARE,TRANSFORMER1D,10,0.011244919782546886,0.004296254687782238,0.006948665094764649,0.004099346491436975,6,2,2,0.4609375,1.0,False
RAW_1D,Macro_F1,TRANSFORMER1D_T30_BALANCED,TRANSFORMER1D,TRANSFORMER1D_T31_RARE,TRANSFORMER1D,10,0.44451267040863945,0.43894740541248956,0.0055652649961499545,-0.016101626036498312,4,0,6,0.845703125,1.0,False
RAW_1D,Rare_Macro_SF,TRANSFORMER1D_T30_BALANCED,TRANSFORMER1D,CNN_BILSTM1D_T16_BOTH,CNN_BILSTM1D,10,0.242186692874456,0.11598335220639311,0.12620334066806294,0.11135629942071579,9,0,1,0.00390625,0.05078125,False
RAW_1D,Min_Rare_F1,TRANSFORMER1D_T30_BALANCED,TRANSFORMER1D,CNN_BILSTM1D_T16_BOTH,CNN_BILSTM1D,10,0.011244919782546886,0.01121656459232633,2.8355190220555326e-05,-5.024250486654162e-06,5,0,5,1.0,1.0,False
RAW_1D,Macro_F1,TRANSFORMER1D_T30_BALANCED,TRANSFORMER1D,CNN_BILSTM1D_T16_BOTH,CNN_BILSTM1D,10,0.44451267040863945,0.4309318757328972,0.013580794675742348,0.01885185126739919,8,0,2,0.322265625,0.966796875,False
RAW_1D,Rare_Macro_SF,TRANSFORMER1D_T31_RARE,TRANSFORMER1D,CNN_BILSTM1D_T16_BOTH,CNN_BILSTM1D,10,0.19741509912530691,0.11598335220639311,0.08143174691891383,0.07039065909738673,10,0,0,0.001953125,0.029296875,True
RAW_1D,Min_Rare_F1,TRANSFORMER1D_T31_RARE,TRANSFORMER1D,CNN_BILSTM1D_T16_BOTH,CNN_BILSTM1D,10,0.004296254687782238,0.01121656459232633,-0.006920309904544094,-0.0036650608564880605,2,1,7,0.359375,1.0,False
RAW_1D,Macro_F1,TRANSFORMER1D_T31_RARE,TRANSFORMER1D,CNN_BILSTM1D_T16_BOTH,CNN_BILSTM1D,10,0.43894740541248956,0.4309318757328972,0.008015529679592393,0.0200283192881692,6,0,4,0.625,1.0,False
STFT_2D,Rare_Macro_SF,CNN2D_T19_BOTH,CNN2D,BILSTM2D_T7_BOTH,BILSTM2D,10,0.10381186937516833,0.25611231365795945,-0.15230044428279108,-0.14031086929658818,0,0,10,0.001953125,0.01953125,True
STFT_2D,Min_Rare_F1,CNN2D_T19_BOTH,CNN2D,BILSTM2D_T7_BOTH,BILSTM2D,10,0.049560978015296964,0.1440689161572469,-0.09450793814194994,-0.09455078932676272,2,0,8,0.009765625,0.078125,False
STFT_2D,Macro_F1,CNN2D_T19_BOTH,CNN2D,BILSTM2D_T7_BOTH,BILSTM2D,10,0.3274590545006987,0.48143803588992656,-0.15397898138922791,-0.14810494984632208,0,0,10,0.001953125,0.01953125,True
STFT_2D,Rare_Macro_SF,CNN2D_T19_BOTH,CNN2D,VIT2D_T16_BOTH,VIT2D,10,0.10381186937516833,0.15430449588841236,-0.05049262651324403,-0.07454387821414268,2,0,8,0.064453125,0.322265625,False
STFT_2D,Min_Rare_F1,CNN2D_T19_BOTH,CNN2D,VIT2D_T16_BOTH,VIT2D,10,0.049560978015296964,0.0690622738320474,-0.019501295816750426,-0.0019280410347573265,5,0,5,0.6953125,0.6953125,False
STFT_2D,Macro_F1,CNN2D_T19_BOTH,CNN2D,VIT2D_T16_BOTH,VIT2D,10,0.3274590545006987,0.3474724635256731,-0.020013409024974525,-0.01805991417535005,3,0,7,0.10546875,0.31640625,False
STFT_2D,Rare_Macro_SF,CNN2D_T19_BOTH,CNN2D,CNN_BILSTM2D_T13_BALANCED,CNN_BILSTM2D,10,0.10381186937516833,0.08112107457072254,0.02269079480444578,0.029418394438009747,7,0,3,0.232421875,0.46484375,False
STFT_2D,Min_Rare_F1,CNN2D_T19_BOTH,CNN2D,CNN_BILSTM2D_T13_BALANCED,CNN_BILSTM2D,10,0.049560978015296964,0.00707035093791564,0.042490627077381334,0.04394120227038512,9,0,1,0.013671875,0.095703125,False
STFT_2D,Macro_F1,CNN2D_T19_BOTH,CNN2D,CNN_BILSTM2D_T13_BALANCED,CNN_BILSTM2D,10,0.3274590545006987,0.3737172618425457,-0.04625820734184706,-0.0559222653485085,1,0,9,0.02734375,0.13671875,False
STFT_2D,Rare_Macro_SF,CNN2D_T19_BOTH,CNN2D,CNN_BILSTM2D_T14_RARE,CNN_BILSTM2D,10,0.10381186937516833,0.1576699040058221,-0.05385803463065377,-0.05726776510614048,3,0,7,0.10546875,0.3359375,False
STFT_2D,Min_Rare_F1,CNN2D_T19_BOTH,CNN2D,CNN_BILSTM2D_T14_RARE,CNN_BILSTM2D,10,0.049560978015296964,0.033380891382190504,0.016180086633106473,0.015075733762492351,7,0,3,0.232421875,0.46484375,False
STFT_2D,Macro_F1,CNN2D_T19_BOTH,CNN2D,CNN_BILSTM2D_T14_RARE,CNN_BILSTM2D,10,0.3274590545006987,0.431233643597302,-0.10377458909660327,-0.09982443070630434,0,0,10,0.001953125,0.01953125,True
STFT_2D,Rare_Macro_SF,BILSTM2D_T7_BOTH,BILSTM2D,VIT2D_T16_BOTH,VIT2D,10,0.25611231365795945,0.15430449588841236,0.10180781776954706,0.12771342666705954,9,0,1,0.009765625,0.078125,False
STFT_2D,Min_Rare_F1,BILSTM2D_T7_BOTH,BILSTM2D,VIT2D_T16_BOTH,VIT2D,10,0.1440689161572469,0.0690622738320474,0.07500664232519952,0.06666981072753568,9,0,1,0.01953125,0.09765625,False
STFT_2D,Macro_F1,BILSTM2D_T7_BOTH,BILSTM2D,VIT2D_T16_BOTH,VIT2D,10,0.48143803588992656,0.3474724635256731,0.13396557236425338,0.1187317846957571,10,0,0,0.001953125,0.01953125,True
STFT_2D,Rare_Macro_SF,BILSTM2D_T7_BOTH,BILSTM2D,CNN_BILSTM2D_T13_BALANCED,CNN_BILSTM2D,10,0.25611231365795945,0.08112107457072254,0.17499123908723688,0.16453165014287247,10,0,0,0.001953125,0.01953125,True
STFT_2D,Min_Rare_F1,BILSTM2D_T7_BOTH,BILSTM2D,CNN_BILSTM2D_T13_BALANCED,CNN_BILSTM2D,10,0.1440689161572469,0.00707035093791564,0.13699856521933126,0.125,10,0,0,0.001953125,0.01953125,True
STFT_2D,Macro_F1,BILSTM2D_T7_BOTH,BILSTM2D,CNN_BILSTM2D_T13_BALANCED,CNN_BILSTM2D,10,0.48143803588992656,0.3737172618425457,0.10772077404738085,0.09512119260828802,10,0,0,0.001953125,0.01953125,True
STFT_2D,Rare_Macro_SF,BILSTM2D_T7_BOTH,BILSTM2D,CNN_BILSTM2D_T14_RARE,CNN_BILSTM2D,10,0.25611231365795945,0.1576699040058221,0.09844240965213732,0.09358408911819664,8,0,2,0.01953125,0.13671875,False
STFT_2D,Min_Rare_F1,BILSTM2D_T7_BOTH,BILSTM2D,CNN_BILSTM2D_T14_RARE,CNN_BILSTM2D,10,0.1440689161572469,0.033380891382190504,0.11068802477505642,0.09479024167806657,9,0,1,0.005859375,0.052734375,False
STFT_2D,Macro_F1,BILSTM2D_T7_BOTH,BILSTM2D,CNN_BILSTM2D_T14_RARE,CNN_BILSTM2D,10,0.48143803588992656,0.431233643597302,0.05020439229262462,0.047004711696940066,7,0,3,0.10546875,0.31640625,False
STFT_2D,Rare_Macro_SF,VIT2D_T16_BOTH,VIT2D,CNN_BILSTM2D_T13_BALANCED,CNN_BILSTM2D,10,0.15430449588841236,0.08112107457072254,0.07318342131768982,0.054168499761513285,9,0,1,0.01953125,0.13671875,False
STFT_2D,Min_Rare_F1,VIT2D_T16_BOTH,VIT2D,CNN_BILSTM2D_T13_BALANCED,CNN_BILSTM2D,10,0.0690622738320474,0.00707035093791564,0.06199192289413176,0.06350806451612903,7,2,1,0.015625,0.095703125,False
STFT_2D,Macro_F1,VIT2D_T16_BOTH,VIT2D,CNN_BILSTM2D_T13_BALANCED,CNN_BILSTM2D,10,0.3474724635256731,0.3737172618425457,-0.02624479831687253,-0.02223977710869926,3,0,7,0.130859375,0.31640625,False
STFT_2D,Rare_Macro_SF,VIT2D_T16_BOTH,VIT2D,CNN_BILSTM2D_T14_RARE,CNN_BILSTM2D,10,0.15430449588841236,0.1576699040058221,-0.0033654081174097406,0.004065735509575633,6,0,4,0.921875,0.921875,False
STFT_2D,Min_Rare_F1,VIT2D_T16_BOTH,VIT2D,CNN_BILSTM2D_T14_RARE,CNN_BILSTM2D,10,0.0690622738320474,0.033380891382190504,0.0356813824498569,0.02524216009903033,7,0,3,0.083984375,0.251953125,False
STFT_2D,Macro_F1,VIT2D_T16_BOTH,VIT2D,CNN_BILSTM2D_T14_RARE,CNN_BILSTM2D,10,0.3474724635256731,0.431233643597302,-0.08376118007162875,-0.0770256715453132,0,0,10,0.001953125,0.01953125,True
STFT_2D,Rare_Macro_SF,CNN_BILSTM2D_T13_BALANCED,CNN_BILSTM2D,CNN_BILSTM2D_T14_RARE,CNN_BILSTM2D,10,0.08112107457072254,0.1576699040058221,-0.07654882943509957,-0.05800883843320537,3,0,7,0.083984375,0.3359375,False
STFT_2D,Min_Rare_F1,CNN_BILSTM2D_T13_BALANCED,CNN_BILSTM2D,CNN_BILSTM2D_T14_RARE,CNN_BILSTM2D,10,0.00707035093791564,0.033380891382190504,-0.02631054044427486,-0.028934236345984573,3,0,7,0.037109375,0.1484375,False
STFT_2D,Macro_F1,CNN_BILSTM2D_T13_BALANCED,CNN_BILSTM2D,CNN_BILSTM2D_T14_RARE,CNN_BILSTM2D,10,0.3737172618425457,0.431233643597302,-0.05751638175475622,-0.041281245347552814,2,0,8,0.02734375,0.13671875,False
