candidate_id,model_id,domain,trial_number,roles,seed,n_parameters,best_epoch,time_s,confusion_json,Macro_F1,Rare_Macro_SF,Min_Rare_F1,F1_N,F1_S,F1_V,F1_F,Precision_S,Precision_F,Recall_S,Recall_F
BILSTM1D_T24_BOTH,BILSTM1D,RAW_1D,24,balanced_minrare_all_unique;rare_priority,4000,328228,7,31.212644577026367,"[[11655, 18, 21, 306], [217, 58, 101, 6], [81, 32, 610, 19], [8, 0, 3, 7]]",0.5187225081523757,0.1380302682870901,0.03932584269662921,0.9728308501314636,0.23673469387755103,0.8259986459038592,0.03932584269662921,0.5370370370370371,0.020710059171597635,0.1518324607329843,0.3888888888888889
BILSTM1D_T24_BOTH,BILSTM1D,RAW_1D,24,balanced_minrare_all_unique;rare_priority,4001,328228,8,32.86815094947815,"[[11178, 87, 702, 33], [156, 84, 140, 2], [48, 6, 682, 6], [2, 0, 10, 6]]",0.510121846586294,0.24257602862254027,0.18461538461538463,0.9560383167978105,0.3005366726296959,0.5992970123022847,0.18461538461538463,0.4745762711864407,0.1276595744680851,0.2198952879581152,0.3333333333333333
BILSTM1D_T24_BOTH,BILSTM1D,RAW_1D,24,balanced_minrare_all_unique;rare_priority,4002,328228,10,37.18039274215698,"[[10960, 9, 1002, 29], [146, 131, 105, 0], [79, 34, 558, 71], [10, 0, 6, 2]]",0.4780206078447286,0.2522781774580336,0.03333333333333333,0.9450312567363656,0.4712230215827338,0.46249481972648154,0.03333333333333333,0.7528735632183908,0.0196078431372549,0.34293193717277487,0.1111111111111111
BILSTM1D_T24_BOTH,BILSTM1D,RAW_1D,24,balanced_minrare_all_unique;rare_priority,4003,328228,7,30.749886751174927,"[[11808, 4, 79, 109], [167, 52, 160, 3], [192, 24, 515, 11], [12, 0, 1, 5]]",0.48958986486254136,0.1468006878965783,0.0684931506849315,0.9767153314860002,0.22510822510822512,0.6880427521710086,0.0684931506849315,0.65,0.0390625,0.13612565445026178,0.2777777777777778
BILSTM1D_T24_BOTH,BILSTM1D,RAW_1D,24,balanced_minrare_all_unique;rare_priority,4004,328228,8,32.896525144577026,"[[11814, 15, 117, 54], [198, 65, 119, 0], [84, 50, 604, 4], [4, 0, 10, 4]]",0.5232787894021456,0.176953125,0.1,0.9804149377593361,0.25390625,0.7587939698492462,0.1,0.5,0.06451612903225806,0.17015706806282724,0.2222222222222222
BILSTM1D_T24_BOTH,BILSTM1D,RAW_1D,24,balanced_minrare_all_unique;rare_priority,4005,328228,9,35.03223204612732,"[[11687, 44, 75, 194], [212, 62, 108, 0], [155, 36, 540, 11], [8, 0, 2, 8]]",0.503377201932042,0.15295264531905753,0.06926406926406926,0.9714071980716482,0.2366412213740458,0.7361963190184049,0.06926406926406926,0.43661971830985913,0.03755868544600939,0.16230366492146597,0.4444444444444444
BILSTM1D_T24_BOTH,BILSTM1D,RAW_1D,24,balanced_minrare_all_unique;rare_priority,4006,328228,8,32.8044867515564,"[[11515, 5, 211, 269], [120, 78, 184, 0], [45, 15, 674, 8], [4, 0, 7, 7]]",0.5213045461303535,0.18567880794701988,0.046357615894039736,0.972386421212633,0.325,0.7414741474147415,0.046357615894039736,0.7959183673469388,0.02464788732394366,0.20418848167539266,0.3888888888888889
BILSTM1D_T24_BOTH,BILSTM1D,RAW_1D,24,balanced_minrare_all_unique;rare_priority,4007,328228,5,26.389084577560425,"[[11701, 24, 232, 43], [225, 45, 111, 1], [179, 3, 544, 16], [6, 0, 5, 7]]",0.4998471938865537,0.1814718839077481,0.16470588235294117,0.9705943345361039,0.19823788546255505,0.6658506731946144,0.16470588235294117,0.625,0.1044776119402985,0.11780104712041885,0.3888888888888889
BILSTM1D_T24_BOTH,BILSTM1D,RAW_1D,24,balanced_minrare_all_unique;rare_priority,4008,328228,8,32.96478295326233,"[[11431, 89, 194, 286], [159, 47, 175, 1], [55, 14, 666, 7], [4, 0, 11, 3]]",0.4768568571506199,0.09786967418546366,0.01904761904761905,0.9667216372785319,0.17669172932330826,0.7449664429530202,0.01904761904761905,0.31333333333333335,0.010101010101010102,0.12303664921465969,0.16666666666666666
BILSTM1D_T24_BOTH,BILSTM1D,RAW_1D,24,balanced_minrare_all_unique;rare_priority,4009,328228,4,24.100868940353394,"[[11477, 414, 76, 33], [256, 45, 78, 3], [191, 10, 530, 11], [14, 0, 2, 2]]",0.4666625380390773,0.0827297121911009,0.05970149253731343,0.9588938090066004,0.10575793184488837,0.742296918767507,0.05970149253731343,0.09594882729211088,0.04081632653061224,0.11780104712041885,0.1111111111111111
BILSTM2D_T7_BOTH,BILSTM2D,STFT_2D,7,balanced_minrare_all_unique;rare_priority,4000,318885,3,25.242021083831787,"[[10615, 14, 1355, 16], [120, 69, 193, 0], [162, 16, 553, 11], [13, 0, 2, 3]]",0.4318310150857363,0.20595114345114346,0.125,0.926669576604103,0.2869022869022869,0.3887521968365554,0.125,0.696969696969697,0.1,0.1806282722513089,0.16666666666666666
BILSTM2D_T7_BOTH,BILSTM2D,STFT_2D,7,balanced_minrare_all_unique;rare_priority,4001,318885,4,27.504381895065308,"[[11496, 11, 488, 5], [139, 62, 181, 0], [187, 17, 533, 5], [16, 0, 1, 1]]",0.46106495164744493,0.16583869082407948,0.06896551724137931,0.9645104455071735,0.2627118644067797,0.5480719794344473,0.06896551724137931,0.6888888888888889,0.09090909090909091,0.16230366492146597,0.05555555555555555
BILSTM2D_T7_BOTH,BILSTM2D,STFT_2D,7,balanced_minrare_all_unique;rare_priority,4002,318885,13,50.42623019218445,"[[11465, 13, 454, 68], [79, 112, 186, 5], [145, 22, 563, 12], [8, 0, 5, 5]]",0.5152754943580097,0.2580165231393965,0.09259259259259259,0.9676330337173482,0.42344045368620037,0.5774358974358974,0.09259259259259259,0.7619047619047619,0.05555555555555555,0.2931937172774869,0.2777777777777778
BILSTM2D_T7_BOTH,BILSTM2D,STFT_2D,7,balanced_minrare_all_unique;rare_priority,4003,318885,15,55.441141843795776,"[[11915, 18, 56, 11], [84, 107, 191, 0], [158, 46, 528, 10], [8, 1, 4, 5]]",0.5734928423949087,0.30677715786019033,0.22727272727272727,0.9861369749637906,0.3862815884476534,0.6942800788954635,0.22727272727272727,0.622093023255814,0.19230769230769232,0.2801047120418848,0.2777777777777778
BILSTM2D_T7_BOTH,BILSTM2D,STFT_2D,7,balanced_minrare_all_unique;rare_priority,4004,318885,6,32.78132748603821,"[[9806, 11, 2159, 24], [84, 88, 207, 3], [107, 23, 609, 3], [6, 0, 7, 5]]",0.4390715659269372,0.26894279724468406,0.18867924528301888,0.8913330000454484,0.3492063492063492,0.32706766917293234,0.18867924528301888,0.7213114754098361,0.14285714285714285,0.23036649214659685,0.2777777777777778
BILSTM2D_T7_BOTH,BILSTM2D,STFT_2D,7,balanced_minrare_all_unique;rare_priority,4005,318885,7,35.29452896118164,"[[11734, 27, 192, 47], [97, 135, 148, 2], [185, 85, 462, 10], [14, 1, 0, 3]]",0.5196573980125386,0.2517857142857143,0.075,0.9766125676238036,0.42857142857142855,0.5984455958549223,0.075,0.5443548387096774,0.04838709677419355,0.35340314136125656,0.16666666666666666
BILSTM2D_T7_BOTH,BILSTM2D,STFT_2D,7,balanced_minrare_all_unique;rare_priority,4006,318885,6,32.807517766952515,"[[9758, 13, 2213, 16], [63, 110, 209, 0], [129, 33, 578, 2], [11, 1, 4, 2]]",0.4276721326966183,0.25671321160042965,0.10526315789473684,0.8886662720276854,0.40816326530612246,0.30859583555792847,0.10526315789473684,0.7006369426751592,0.1,0.2879581151832461,0.1111111111111111
BILSTM2D_T7_BOTH,BILSTM2D,STFT_2D,7,balanced_minrare_all_unique;rare_priority,4007,318885,17,61.10288190841675,"[[9881, 28, 2075, 16], [88, 104, 190, 0], [153, 39, 547, 3], [8, 0, 4, 6]]",0.4639180024133957,0.32759998317843475,0.27906976744186046,0.8929959331224582,0.37613019891500904,0.3074761101742552,0.27906976744186046,0.6081871345029239,0.24,0.27225130890052357,0.3333333333333333
BILSTM2D_T7_BOTH,BILSTM2D,STFT_2D,7,balanced_minrare_all_unique;rare_priority,4008,318885,11,45.146615982055664,"[[9635, 14, 2334, 17], [55, 118, 209, 0], [81, 29, 577, 55], [10, 2, 0, 6]]",0.43538811678765044,0.2790137614678899,0.125,0.8847160369129058,0.43302752293577984,0.2988089073019161,0.125,0.7239263803680982,0.07692307692307693,0.3089005235602094,0.3333333333333333
BILSTM2D_T7_BOTH,BILSTM2D,STFT_2D,7,balanced_minrare_all_unique;rare_priority,4009,318885,3,25.146306037902832,"[[11970, 11, 18, 1], [173, 79, 125, 5], [193, 11, 502, 36], [13, 0, 0, 5]]",0.5470088395760254,0.2404841535276318,0.15384615384615385,0.9832025955891412,0.32712215320910976,0.7238644556596971,0.15384615384615385,0.7821782178217822,0.10638297872340426,0.20680628272251309,0.2777777777777778
CNN1D_T20_RARE,CNN1D,RAW_1D,20,rare_priority,4000,536836,4,26.431320428848267,"[[8288, 25, 3686, 1], [174, 24, 184, 0], [100, 89, 549, 4], [2, 0, 15, 1]]",0.29846070125361795,0.08782051282051281,0.08333333333333333,0.806068858198794,0.09230769230769231,0.21213292117465224,0.08333333333333333,0.17391304347826086,0.16666666666666666,0.06282722513089005,0.05555555555555555
CNN1D_T20_RARE,CNN1D,RAW_1D,20,rare_priority,4001,536836,5,26.405816078186035,"[[11149, 31, 292, 528], [196, 58, 118, 10], [280, 1, 448, 13], [5, 0, 11, 2]]",0.4381438078489025,0.12638398290243108,0.0070052539404553416,0.9436309775708844,0.2457627118644068,0.5561762880198634,0.0070052539404553416,0.6444444444444445,0.003616636528028933,0.1518324607329843,0.1111111111111111
CNN1D_T20_RARE,CNN1D,RAW_1D,20,rare_priority,4002,536836,1,17.76114249229431,"[[9842, 18, 2139, 1], [218, 22, 142, 0], [125, 1, 615, 1], [4, 0, 14, 0]]",0.33198172219963545,0.05200945626477541,0.0,0.8871062238045878,0.10401891252955082,0.3368017524644031,0.0,0.5365853658536586,0.0,0.05759162303664921,0.0
CNN1D_T20_RARE,CNN1D,RAW_1D,20,rare_priority,4003,536836,9,35.63046431541443,"[[7691, 102, 847, 3360], [164, 82, 127, 9], [101, 6, 622, 13], [6, 0, 2, 10]]",0.3986915981782033,0.14628919467629145,0.005865102639296188,0.7705640717362989,0.2867132867132867,0.5316239316239316,0.005865102639296188,0.43157894736842106,0.00294811320754717,0.21465968586387435,0.5555555555555556
CNN1D_T20_RARE,CNN1D,RAW_1D,20,rare_priority,4004,536836,2,20.472816228866577,"[[9673, 1, 2321, 5], [262, 1, 119, 0], [280, 5, 445, 12], [0, 0, 11, 7]]",0.3634919151953934,0.16923736075407025,0.005141388174807198,0.870853027233851,0.005141388174807198,0.24463991203958219,0.3333333333333333,0.14285714285714285,0.2916666666666667,0.002617801047120419,0.3888888888888889
CNN1D_T20_RARE,CNN1D,RAW_1D,20,rare_priority,4005,536836,9,36.643142223358154,"[[9566, 50, 223, 2161], [215, 82, 77, 8], [201, 6, 528, 7], [6, 0, 4, 8]]",0.46591596670339963,0.16132536854607699,0.007266121707538601,0.8701109696197926,0.3153846153846154,0.6709021601016518,0.007266121707538601,0.5942028985507246,0.003663003663003663,0.21465968586387435,0.4444444444444444
CNN1D_T20_RARE,CNN1D,RAW_1D,20,rare_priority,4006,536836,3,22.524645805358887,"[[9705, 0, 2293, 2], [257, 0, 125, 0], [112, 3, 606, 21], [7, 0, 8, 3]]",0.3341361464951216,0.06818181818181818,0.0,0.8790362755309995,0.0,0.32114467408585057,0.13636363636363635,0.0,0.11538461538461539,0.0,0.16666666666666666
CNN1D_T20_RARE,CNN1D,RAW_1D,20,rare_priority,4007,536836,4,24.56161594390869,"[[11495, 2, 489, 14], [347, 4, 30, 1], [312, 1, 423, 6], [12, 0, 3, 3]]",0.40406030118024416,0.08171134777818582,0.02056555269922879,0.9513365885955475,0.02056555269922879,0.5014819205690575,0.14285714285714285,0.5714285714285714,0.125,0.010471204188481676,0.16666666666666666
CNN1D_T20_RARE,CNN1D,RAW_1D,20,rare_priority,4008,536836,1,18.060187339782715,"[[10080, 33, 1887, 0], [235, 10, 137, 0], [145, 0, 597, 0], [2, 0, 16, 0]]",0.32448340248662616,0.023529411764705882,0.0,0.8975158044697712,0.047058823529411764,0.3533589819473217,0.0,0.23255813953488372,0.0,0.02617801047120419,0.0
CNN1D_T20_RARE,CNN1D,RAW_1D,20,rare_priority,4009,536836,1,18.129013299942017,"[[8751, 0, 30, 3219], [244, 0, 89, 49], [359, 0, 373, 10], [7, 0, 5, 6]]",0.3562690728264698,0.0018170805572380376,0.0,0.819343663686157,0.0,0.6020984665052461,0.0036341611144760752,0.0,0.0018270401948842874,0.0,0.3333333333333333
CNN1D_T33_BALANCED,CNN1D,RAW_1D,33,balanced_minrare_all_unique,4000,277684,4,24.486908435821533,"[[8648, 100, 1710, 1542], [191, 55, 119, 17], [205, 26, 461, 50], [0, 0, 7, 11]]",0.3335247866874667,0.10440644810094189,0.013431013431013432,0.821896977760882,0.19538188277087035,0.30338927278710104,0.013431013431013432,0.30386740331491713,0.006790123456790123,0.14397905759162305,0.6111111111111112
CNN1D_T33_BALANCED,CNN1D,RAW_1D,33,balanced_minrare_all_unique,4001,277684,5,26.548043966293335,"[[10699, 6, 1290, 5], [283, 11, 88, 0], [319, 5, 412, 6], [5, 0, 11, 2]]",0.35641177834466076,0.09174385180453529,0.054455445544554455,0.91813266969879,0.054455445544554455,0.3240267400707825,0.12903225806451613,0.5,0.15384615384615385,0.028795811518324606,0.1111111111111111
CNN1D_T33_BALANCED,CNN1D,RAW_1D,33,balanced_minrare_all_unique,4002,277684,1,17.630566358566284,"[[10368, 32, 1598, 2], [234, 33, 115, 0], [312, 0, 430, 0], [13, 0, 5, 0]]",0.337416169853458,0.0738255033557047,0.0,0.9044358180311424,0.1476510067114094,0.2975778546712803,0.0,0.5076923076923077,0.0,0.08638743455497382,0.0
CNN1D_T33_BALANCED,CNN1D,RAW_1D,33,balanced_minrare_all_unique,4003,277684,7,30.91612410545349,"[[9385, 1, 1372, 1242], [219, 47, 110, 6], [283, 0, 442, 17], [8, 0, 3, 7]]",0.35448522637595364,0.11472868217054263,0.010852713178294573,0.8572733500799269,0.2186046511627907,0.33121019108280253,0.010852713178294573,0.9791666666666666,0.00550314465408805,0.12303664921465969,0.3888888888888889
CNN1D_T33_BALANCED,CNN1D,RAW_1D,33,balanced_minrare_all_unique,4004,277684,1,17.519171953201294,"[[9241, 801, 1957, 1], [190, 62, 130, 0], [211, 41, 481, 9], [13, 0, 5, 0]]",0.3100235108969079,0.04821150855365474,0.0,0.8534749480489494,0.09642301710730948,0.2901960784313726,0.0,0.06858407079646017,0.0,0.16230366492146597,0.0
CNN1D_T33_BALANCED,CNN1D,RAW_1D,33,balanced_minrare_all_unique,4005,277684,1,17.916507959365845,"[[9184, 96, 1850, 870], [179, 32, 111, 60], [312, 2, 416, 12], [12, 0, 6, 0]]",0.3095497519251164,0.0625,0.0,0.8469590077004657,0.125,0.26624,0.0,0.24615384615384617,0.0,0.08376963350785341,0.0
CNN1D_T33_BALANCED,CNN1D,RAW_1D,33,balanced_minrare_all_unique,4006,277684,13,44.396605253219604,"[[9868, 52, 2018, 62], [200, 63, 119, 0], [232, 41, 468, 1], [1, 0, 15, 2]]",0.3614454904163272,0.14119675728938058,0.04819277108433735,0.8849827362001704,0.2342007434944238,0.27840571088637717,0.04819277108433735,0.40384615384615385,0.03076923076923077,0.1649214659685864,0.1111111111111111
CNN1D_T33_BALANCED,CNN1D,RAW_1D,33,balanced_minrare_all_unique,4007,277684,4,24.821901559829712,"[[8654, 17, 3316, 13], [141, 62, 179, 0], [55, 106, 575, 6], [1, 0, 11, 6]]",0.39157138734096686,0.24888232640170624,0.21869488536155202,0.8300800920819146,0.21869488536155202,0.23844080447854032,0.27906976744186046,0.33513513513513515,0.24,0.16230366492146597,0.3333333333333333
CNN1D_T33_BALANCED,CNN1D,RAW_1D,33,balanced_minrare_all_unique,4008,277684,3,22.368521451950073,"[[7869, 1280, 2827, 24], [176, 58, 145, 3], [136, 19, 584, 3], [3, 0, 14, 1]]",0.2895299576539615,0.053760664702913935,0.04081632653061224,0.7797265160523187,0.06670500287521564,0.27087198515769945,0.04081632653061224,0.04274134119380987,0.03225806451612903,0.1518324607329843,0.05555555555555555
CNN1D_T33_BALANCED,CNN1D,RAW_1D,33,balanced_minrare_all_unique,4009,277684,12,42.48991537094116,"[[8760, 73, 3137, 30], [120, 71, 191, 0], [58, 38, 630, 16], [3, 0, 14, 1]]",0.3466168677012432,0.1412711402073104,0.03076923076923077,0.8366362637887398,0.25177304964539005,0.26728892660161224,0.03076923076923077,0.3901098901098901,0.02127659574468085,0.18586387434554974,0.05555555555555555
CNN2D_T19_BOTH,CNN2D,STFT_2D,19,balanced_minrare_all_unique;rare_priority,4000,296070,2,32.74201464653015,"[[9552, 2, 2438, 8], [177, 1, 203, 1], [248, 0, 493, 1], [11, 0, 4, 3]]",0.3304261128462764,0.09937159614578969,0.005194805194805195,0.86883754775332,0.005194805194805195,0.25412371134020617,0.1935483870967742,0.3333333333333333,0.23076923076923078,0.002617801047120419,0.16666666666666666
CNN2D_T19_BOTH,CNN2D,STFT_2D,19,balanced_minrare_all_unique;rare_priority,4001,296070,5,43.50927424430847,"[[10752, 912, 336, 0], [208, 58, 116, 0], [281, 180, 278, 3], [13, 3, 1, 1]]",0.3671710543858832,0.0832395617411904,0.0755700325732899,0.9247441300421433,0.0755700325732899,0.3774609640190088,0.09090909090909091,0.05030355594102342,0.25,0.1518324607329843,0.05555555555555555
CNN2D_T19_BOTH,CNN2D,STFT_2D,19,balanced_minrare_all_unique;rare_priority,4002,296070,5,43.633169174194336,"[[8273, 116, 3567, 44], [83, 94, 205, 0], [264, 24, 438, 16], [8, 0, 7, 3]]",0.3395077572679458,0.18963443963443963,0.07407407407407407,0.8021136319565639,0.3051948051948052,0.17664851784633998,0.07407407407407407,0.4017094017094017,0.047619047619047616,0.24607329842931938,0.16666666666666666
CNN2D_T19_BOTH,CNN2D,STFT_2D,19,balanced_minrare_all_unique;rare_priority,4003,296070,9,58.0745415687561,"[[9703, 58, 2142, 97], [187, 26, 165, 4], [376, 23, 326, 17], [11, 0, 2, 5]]",0.31036372739525414,0.08863072705913067,0.07092198581560284,0.871122682587422,0.10633946830265849,0.19307077287533314,0.07092198581560284,0.24299065420560748,0.04065040650406504,0.06806282722513089,0.2777777777777778
CNN2D_T19_BOTH,CNN2D,STFT_2D,19,balanced_minrare_all_unique;rare_priority,4004,296070,2,32.7220618724823,"[[9894, 0, 2097, 9], [196, 1, 184, 1], [437, 0, 300, 5], [13, 0, 1, 4]]",0.319962377120061,0.11071907416554937,0.005221932114882507,0.8779059449866903,0.005221932114882507,0.18050541516245489,0.21621621621621623,1.0,0.21052631578947367,0.002617801047120419,0.2222222222222222
CNN2D_T19_BOTH,CNN2D,STFT_2D,19,balanced_minrare_all_unique;rare_priority,4005,296070,2,32.6825795173645,"[[8784, 5, 3193, 18], [169, 10, 203, 0], [158, 0, 564, 20], [9, 0, 4, 5]]",0.32145611236266186,0.1071561299913284,0.05037783375314862,0.8318181818181818,0.05037783375314862,0.23969400764980875,0.16393442622950818,0.6666666666666666,0.11627906976744186,0.02617801047120419,0.2777777777777778
CNN2D_T19_BOTH,CNN2D,STFT_2D,19,balanced_minrare_all_unique;rare_priority,4006,296070,2,32.74457859992981,"[[9621, 0, 2131, 248], [188, 9, 184, 1], [298, 0, 444, 0], [11, 0, 5, 2]]",0.2960389863562944,0.03045284705121745,0.01486988847583643,0.8699701600506375,0.04603580562659847,0.253280091272105,0.01486988847583643,1.0,0.00796812749003984,0.02356020942408377,0.1111111111111111
CNN2D_T19_BOTH,CNN2D,STFT_2D,19,balanced_minrare_all_unique;rare_priority,4007,296070,5,43.83730340003967,"[[8956, 215, 2085, 744], [178, 35, 163, 6], [274, 41, 412, 15], [8, 2, 2, 6]]",0.29934124906107545,0.05945641458949444,0.015209125475285171,0.8363840119536795,0.1037037037037037,0.24206815511163338,0.015209125475285171,0.11945392491467577,0.007782101167315175,0.09162303664921466,0.3333333333333333
CNN2D_T19_BOTH,CNN2D,STFT_2D,19,balanced_minrare_all_unique;rare_priority,4008,296070,2,32.616421699523926,"[[8249, 218, 3523, 10], [111, 67, 204, 0], [76, 0, 665, 1], [5, 0, 11, 2]]",0.3488846450816323,0.16496590414470186,0.12903225806451613,0.8071033706765813,0.20089955022488756,0.2585034013605442,0.12903225806451613,0.23508771929824562,0.15384615384615385,0.17539267015706805,0.1111111111111111
CNN2D_T19_BOTH,CNN2D,STFT_2D,19,balanced_minrare_all_unique;rare_priority,4009,296070,8,54.62076425552368,"[[9632, 5, 2359, 4], [169, 11, 200, 2], [199, 1, 542, 0], [7, 0, 9, 2]]",0.34143852312990175,0.10449199922884134,0.05513784461152882,0.8753578406870541,0.05513784461152882,0.2814122533748702,0.15384615384615385,0.6470588235294118,0.25,0.028795811518324606,0.1111111111111111
CNN_BILSTM1D_T16_BOTH,CNN_BILSTM1D,RAW_1D,16,balanced_minrare_all_unique;rare_priority,4000,250292,12,41.693278074264526,"[[8934, 9, 1021, 2036], [132, 51, 197, 2], [24, 24, 609, 85], [3, 0, 8, 7]]",0.38628752339967476,0.1127009055234533,0.006517690875232775,0.8471056748684398,0.21888412017167383,0.47264260768335276,0.006517690875232775,0.6071428571428571,0.0032863849765258214,0.13350785340314136,0.3888888888888889
CNN_BILSTM1D_T16_BOTH,CNN_BILSTM1D,RAW_1D,16,balanced_minrare_all_unique;rare_priority,4001,250292,2,19.779237747192383,"[[11972, 0, 17, 11], [303, 2, 55, 22], [331, 14, 332, 65], [15, 0, 0, 3]]",0.4030950497013969,0.03023520966175415,0.010050251256281407,0.9725031477194265,0.010050251256281407,0.5794066317626527,0.05042016806722689,0.125,0.0297029702970297,0.005235602094240838,0.16666666666666666
CNN_BILSTM1D_T16_BOTH,CNN_BILSTM1D,RAW_1D,16,balanced_minrare_all_unique;rare_priority,4002,250292,3,22.071069717407227,"[[7222, 2, 1443, 3333], [77, 84, 200, 21], [55, 20, 666, 1], [0, 0, 14, 4]]",0.3818802369791816,0.17331563081015744,0.0023689665383476457,0.7463056732458406,0.3442622950819672,0.434584013050571,0.0023689665383476457,0.7924528301886793,0.0011908306043465317,0.2198952879581152,0.2222222222222222
CNN_BILSTM1D_T16_BOTH,CNN_BILSTM1D,RAW_1D,16,balanced_minrare_all_unique;rare_priority,4003,250292,7,30.875975131988525,"[[7926, 5, 223, 3846], [140, 52, 176, 14], [101, 7, 538, 96], [4, 0, 5, 9]]",0.41563466308360103,0.11885153156520593,0.0045192066281697215,0.7858807198453225,0.23318385650224216,0.6389548693586699,0.0045192066281697215,0.8125,0.002269861286254729,0.13612565445026178,0.5
CNN_BILSTM1D_T16_BOTH,CNN_BILSTM1D,RAW_1D,16,balanced_minrare_all_unique;rare_priority,4004,250292,6,28.43886685371399,"[[11260, 21, 66, 653], [290, 17, 74, 1], [77, 100, 565, 0], [7, 0, 10, 1]]",0.4491967831977941,0.034178191793347815,0.0029717682020802376,0.9528645172209529,0.06538461538461539,0.7755662319835278,0.0029717682020802376,0.12318840579710146,0.0015267175572519084,0.04450261780104712,0.05555555555555555
CNN_BILSTM1D_T16_BOTH,CNN_BILSTM1D,RAW_1D,16,balanced_minrare_all_unique;rare_priority,4005,250292,9,35.321086168289185,"[[8859, 32, 479, 2630], [104, 86, 177, 15], [50, 15, 600, 77], [1, 0, 7, 10]]",0.44572730867587296,0.17062665489849954,0.007272727272727273,0.8431521842581137,0.3339805825242718,0.5985037406483791,0.007272727272727273,0.6466165413533834,0.0036603221083455345,0.225130890052356,0.5555555555555556
CNN_BILSTM1D_T16_BOTH,CNN_BILSTM1D,RAW_1D,16,balanced_minrare_all_unique;rare_priority,4006,250292,15,48.47573161125183,"[[10061, 4, 864, 1071], [185, 49, 145, 3], [57, 18, 667, 0], [4, 1, 13, 0]]",0.41666327184532503,0.10792951541850221,0.0,0.9020486842695118,0.21585903083700442,0.548745372274784,0.0,0.6805555555555556,0.0,0.12827225130890052,0.0
CNN_BILSTM1D_T16_BOTH,CNN_BILSTM1D,RAW_1D,16,balanced_minrare_all_unique;rare_priority,4007,250292,6,28.426278591156006,"[[7849, 10, 98, 4043], [287, 61, 25, 9], [100, 23, 568, 51], [3, 0, 6, 9]]",0.456432297674573,0.1303304372596496,0.0043583535108958835,0.7756312070754484,0.25630252100840334,0.7894371091035441,0.0043583535108958835,0.648936170212766,0.002188715953307393,0.15968586387434555,0.5
CNN_BILSTM1D_T16_BOTH,CNN_BILSTM1D,RAW_1D,16,balanced_minrare_all_unique;rare_priority,4008,250292,15,47.92838668823242,"[[10236, 4, 64, 1696], [157, 56, 160, 9], [97, 13, 583, 49], [6, 0, 3, 9]]",0.4793944092723307,0.12813026389668727,0.010106681639528355,0.9100284495021337,0.24615384615384617,0.7512886597938144,0.010106681639528355,0.7671232876712328,0.005104934770277935,0.14659685863874344,0.5
CNN_BILSTM1D_T16_BOTH,CNN_BILSTM1D,RAW_1D,16,balanced_minrare_all_unique;rare_priority,4009,250292,11,39.63013410568237,"[[11449, 5, 470, 76], [152, 57, 173, 0], [56, 25, 634, 27], [5, 0, 9, 4]]",0.4750072134992216,0.15353518123667376,0.064,0.9677119432000676,0.24307036247334754,0.6252465483234714,0.064,0.6551724137931034,0.037383177570093455,0.14921465968586387,0.2222222222222222
CNN_BILSTM2D_T13_BALANCED,CNN_BILSTM2D,STFT_2D,13,balanced_minrare_all_unique,4000,491860,3,29.400789737701416,"[[11148, 822, 12, 18], [227, 92, 16, 47], [549, 0, 172, 21], [18, 0, 0, 0]]",0.35960157445708335,0.07098765432098765,0.0,0.9312505220950631,0.1419753086419753,0.3651804670912951,0.0,0.10065645514223195,0.0,0.24083769633507854,0.0
CNN_BILSTM2D_T13_BALANCED,CNN_BILSTM2D,STFT_2D,13,balanced_minrare_all_unique,4001,491860,1,23.556938648223877,"[[9782, 0, 2218, 0], [260, 0, 122, 0], [181, 0, 561, 0], [4, 0, 14, 0]]",0.29674990467697515,0.0,0.0,0.8801907589868179,0.0,0.30680885972108285,0.0,0.0,0.0,0.0,0.0
CNN_BILSTM2D_T13_BALANCED,CNN_BILSTM2D,STFT_2D,13,balanced_minrare_all_unique,4002,491860,13,59.44665861129761,"[[10379, 155, 1435, 31], [116, 77, 188, 1], [260, 133, 349, 0], [14, 2, 2, 0]]",0.34357030431840574,0.102803738317757,0.0,0.9116781589002592,0.205607476635514,0.25699558173784975,0.0,0.2098092643051771,0.0,0.20157068062827224,0.0
CNN_BILSTM2D_T13_BALANCED,CNN_BILSTM2D,STFT_2D,13,balanced_minrare_all_unique,4003,491860,12,56.25231981277466,"[[9796, 129, 1714, 361], [161, 75, 118, 28], [188, 59, 472, 23], [10, 0, 2, 6]]",0.3635268536098428,0.13004053765735013,0.027522935779816515,0.8843150530354322,0.23255813953488372,0.30971128608923887,0.027522935779816515,0.28517110266159695,0.014354066985645933,0.19633507853403143,0.3333333333333333
CNN_BILSTM2D_T13_BALANCED,CNN_BILSTM2D,STFT_2D,13,balanced_minrare_all_unique,4004,491860,6,38.7583909034729,"[[11666, 20, 214, 100], [172, 55, 97, 58], [440, 14, 287, 1], [15, 0, 1, 2]]",0.41109301817160687,0.1279460081367351,0.0223463687150838,0.9604412793808916,0.23354564755838642,0.4280387770320656,0.0223463687150838,0.6179775280898876,0.012422360248447204,0.14397905759162305,0.1111111111111111
CNN_BILSTM2D_T13_BALANCED,CNN_BILSTM2D,STFT_2D,13,balanced_minrare_all_unique,4005,491860,4,32.83046102523804,"[[11362, 0, 45, 593], [198, 22, 99, 63], [376, 0, 355, 11], [14, 0, 2, 2]]",0.4086855102650836,0.05736665369593728,0.005822416302765648,0.9488100208768268,0.10891089108910891,0.5711987127916331,0.005822416302765648,1.0,0.0029895366218236174,0.05759162303664921,0.1111111111111111
CNN_BILSTM2D_T13_BALANCED,CNN_BILSTM2D,STFT_2D,13,balanced_minrare_all_unique,4006,491860,1,24.056984901428223,"[[11896, 0, 104, 0], [264, 0, 118, 0], [479, 0, 263, 0], [18, 0, 0, 0]]",0.3484016352274973,0.0,0.0,0.964918684349272,0.0,0.4286878565607172,0.0,0.0,0.0,0.0,0.0
CNN_BILSTM2D_T13_BALANCED,CNN_BILSTM2D,STFT_2D,13,balanced_minrare_all_unique,4007,491860,7,42.40647864341736,"[[9746, 440, 72, 1742], [144, 112, 60, 66], [446, 46, 244, 6], [14, 0, 0, 4]]",0.38538693637693816,0.11646436352318705,0.004357298474945534,0.8721252796420582,0.22857142857142856,0.4364937388193202,0.004357298474945534,0.18729096989966554,0.0022002200220022,0.2931937172774869,0.2222222222222222
CNN_BILSTM2D_T13_BALANCED,CNN_BILSTM2D,STFT_2D,13,balanced_minrare_all_unique,4008,491860,3,30.13225817680359,"[[11126, 104, 49, 721], [138, 72, 143, 29], [429, 3, 299, 11], [18, 0, 0, 0]]",0.4200369537096938,0.12834224598930483,0.0,0.9384673780102062,0.25668449197860965,0.48499594484995945,0.0,0.4022346368715084,0.0,0.18848167539267016,0.0
CNN_BILSTM2D_T13_BALANCED,CNN_BILSTM2D,STFT_2D,13,balanced_minrare_all_unique,4009,491860,6,39.28317403793335,"[[10494, 263, 36, 1207], [164, 51, 102, 65], [390, 13, 322, 17], [11, 0, 0, 7]]",0.40011992761233006,0.07725954406596638,0.0106544901065449,0.9101869118348584,0.14386459802538787,0.5357737104825291,0.0106544901065449,0.1559633027522936,0.005401234567901234,0.13350785340314136,0.3888888888888889
CNN_BILSTM2D_T14_RARE,CNN_BILSTM2D,STFT_2D,14,rare_priority,4000,290004,3,35.38149666786194,"[[11769, 6, 31, 194], [176, 118, 37, 51], [370, 13, 354, 5], [13, 0, 1, 4]]",0.5148462080996066,0.24206619063810494,0.029411764705882353,0.9675271292338047,0.45472061657032753,0.607725321888412,0.029411764705882353,0.8613138686131386,0.015748031496062992,0.3089005235602094,0.2222222222222222
CNN_BILSTM2D_T14_RARE,CNN_BILSTM2D,STFT_2D,14,rare_priority,4001,290004,6,46.02779507637024,"[[11225, 19, 562, 194], [111, 101, 165, 5], [274, 60, 407, 1], [11, 1, 2, 4]]",0.4446733798072855,0.1974141103803626,0.036036036036036036,0.9504254688624529,0.35879218472468916,0.4334398296059638,0.036036036036036036,0.5580110497237569,0.0196078431372549,0.2643979057591623,0.2222222222222222
CNN_BILSTM2D_T14_RARE,CNN_BILSTM2D,STFT_2D,14,rare_priority,4002,290004,21,88.52770495414734,"[[11102, 25, 611, 262], [167, 104, 102, 9], [255, 69, 403, 15], [12, 1, 0, 5]]",0.4418928832413707,0.19518295094385865,0.032362459546925564,0.9434058463630184,0.35800344234079173,0.43379978471474706,0.032362459546925564,0.5226130653266332,0.01718213058419244,0.27225130890052357,0.2777777777777778
CNN_BILSTM2D_T14_RARE,CNN_BILSTM2D,STFT_2D,14,rare_priority,4003,290004,3,35.52304196357727,"[[11614, 0, 307, 79], [185, 11, 167, 19], [303, 0, 438, 1], [12, 0, 1, 5]]",0.4076274628344379,0.0689734284403287,0.05597964376590331,0.9632578585054326,0.05597964376590331,0.5293051359516616,0.08196721311475409,1.0,0.04807692307692308,0.028795811518324606,0.2777777777777778
CNN_BILSTM2D_T14_RARE,CNN_BILSTM2D,STFT_2D,14,rare_priority,4004,290004,9,56.388675689697266,"[[9740, 27, 202, 2031], [117, 77, 156, 32], [171, 50, 502, 19], [12, 0, 4, 2]]",0.4495548996421174,0.14460819120382862,0.0019029495718363464,0.8838475499092558,0.2873134328358209,0.6251556662515566,0.0019029495718363464,0.5,0.0009596928982725527,0.20157068062827224,0.1111111111111111
CNN_BILSTM2D_T14_RARE,CNN_BILSTM2D,STFT_2D,14,rare_priority,4005,290004,13,70.92431855201721,"[[10013, 78, 1904, 5], [99, 94, 189, 0], [189, 30, 516, 7], [14, 0, 2, 2]]",0.41303128502026687,0.22345890410958905,0.125,0.8974232578982747,0.3219178082191781,0.3077840739636147,0.125,0.46534653465346537,0.14285714285714285,0.24607329842931938,0.1111111111111111
CNN_BILSTM2D_T14_RARE,CNN_BILSTM2D,STFT_2D,14,rare_priority,4006,290004,12,67.38711142539978,"[[11106, 7, 580, 307], [89, 94, 198, 1], [217, 21, 502, 2], [12, 0, 3, 3]]",0.45880085677262744,0.19557138061669785,0.01812688821752266,0.9482581967213115,0.373015873015873,0.49580246913580245,0.01812688821752266,0.7704918032786885,0.009584664536741214,0.24607329842931938,0.16666666666666666
CNN_BILSTM2D_T14_RARE,CNN_BILSTM2D,STFT_2D,14,rare_priority,4007,290004,6,46.12679648399353,"[[11802, 14, 74, 110], [182, 109, 78, 13], [233, 272, 237, 0], [17, 1, 0, 0]]",0.41832681624189316,0.14010282776349614,0.0,0.9740034662045061,0.2802056555269923,0.41909814323607425,0.0,0.27525252525252525,0.0,0.28534031413612565,0.0
CNN_BILSTM2D_T14_RARE,CNN_BILSTM2D,STFT_2D,14,rare_priority,4008,290004,11,63.6800582408905,"[[11238, 154, 526, 82], [193, 75, 96, 18], [368, 72, 293, 9], [15, 0, 1, 2]]",0.38696987956527285,0.12531353921935828,0.031007751937984496,0.9438145628621819,0.21961932650073207,0.353437876960193,0.031007751937984496,0.24916943521594684,0.018018018018018018,0.19633507853403143,0.1111111111111111
CNN_BILSTM2D_T14_RARE,CNN_BILSTM2D,STFT_2D,14,rare_priority,4009,290004,7,49.67452335357666,"[[8707, 1422, 431, 1440], [137, 80, 119, 46], [179, 20, 543, 0], [11, 0, 4, 3]]",0.37661276474814065,0.04400751674259618,0.003981420039814201,0.8278976894551678,0.08403361344537816,0.5905383360522023,0.003981420039814201,0.052562417871222074,0.0020147750167897917,0.2094240837696335,0.16666666666666666
TRANSFORMER1D_T30_BALANCED,TRANSFORMER1D,RAW_1D,30,balanced_minrare_all_unique,4000,436084,3,61.0426025390625,"[[9139, 1, 1470, 1390], [134, 87, 145, 16], [130, 7, 543, 62], [6, 0, 6, 6]]",0.40007135764087026,0.18641138482809785,0.00804289544235925,0.8537530944929702,0.36477987421383645,0.3737095664143152,0.00804289544235925,0.9157894736842105,0.004070556309362279,0.22774869109947643,0.3333333333333333
TRANSFORMER1D_T30_BALANCED,TRANSFORMER1D,RAW_1D,30,balanced_minrare_all_unique,4001,436084,9,97.8416531085968,"[[8763, 3, 701, 2533], [176, 179, 22, 5], [42, 20, 676, 4], [5, 0, 12, 1]]",0.5192209522344896,0.30689732178675927,0.0007809449433814916,0.8351281806918899,0.613013698630137,0.6279609846725499,0.0007809449433814916,0.8861386138613861,0.00039323633503735744,0.468586387434555,0.05555555555555555
TRANSFORMER1D_T30_BALANCED,TRANSFORMER1D,RAW_1D,30,balanced_minrare_all_unique,4002,436084,4,67.4705114364624,"[[7684, 3, 1461, 2852], [103, 107, 152, 20], [130, 11, 542, 59], [3, 0, 5, 10]]",0.39430694821459517,0.2161031781598345,0.006759040216289287,0.7714859437751004,0.4254473161033797,0.3735354927636113,0.006759040216289287,0.8842975206611571,0.0034002040122407345,0.2801047120418848,0.5555555555555556
TRANSFORMER1D_T30_BALANCED,TRANSFORMER1D,RAW_1D,30,balanced_minrare_all_unique,4003,436084,4,66.98701047897339,"[[10327, 1, 1670, 2], [176, 100, 106, 0], [105, 20, 605, 12], [13, 0, 4, 1]]",0.4395545313772039,0.2291101873606844,0.06060606060606061,0.9130454002917643,0.3976143141153082,0.3869523504956828,0.06060606060606061,0.8264462809917356,0.06666666666666667,0.2617801047120419,0.05555555555555555
TRANSFORMER1D_T30_BALANCED,TRANSFORMER1D,RAW_1D,30,balanced_minrare_all_unique,4004,436084,19,153.28239607810974,"[[10089, 5, 1678, 228], [87, 168, 125, 2], [28, 47, 653, 14], [6, 0, 9, 3]]",0.4741312249708801,0.2903905221588416,0.022641509433962263,0.9085096803241783,0.5581395348837209,0.4072341752416589,0.022641509433962263,0.7636363636363637,0.012145748987854251,0.4397905759162304,0.16666666666666666
TRANSFORMER1D_T30_BALANCED,TRANSFORMER1D,RAW_1D,30,balanced_minrare_all_unique,4005,436084,4,67.19590258598328,"[[10478, 0, 1521, 1], [160, 79, 139, 4], [268, 9, 464, 1], [13, 0, 5, 0]]",0.39343826871312665,0.16808510638297872,0.0,0.9143505388542258,0.33617021276595743,0.32323232323232326,0.0,0.8977272727272727,0.0,0.20680628272251309,0.0
TRANSFORMER1D_T30_BALANCED,TRANSFORMER1D,RAW_1D,30,balanced_minrare_all_unique,4006,436084,5,73.48900985717773,"[[9308, 3, 1174, 1515], [147, 132, 69, 34], [119, 37, 572, 14], [4, 0, 10, 4]]",0.44749214545053057,0.24079080732043412,0.005047318611987382,0.862730558902586,0.47653429602888087,0.4456564082586677,0.005047318611987382,0.7674418604651163,0.0025526483726866626,0.34554973821989526,0.2222222222222222
TRANSFORMER1D_T30_BALANCED,TRANSFORMER1D,RAW_1D,30,balanced_minrare_all_unique,4007,436084,10,104.27896022796631,"[[11471, 4, 186, 339], [140, 143, 97, 2], [276, 60, 393, 13], [16, 0, 2, 0]]",0.4997214322244843,0.2427843803056027,0.0,0.9597958415261683,0.4855687606112054,0.5535211267605634,0.0,0.6908212560386473,0.0,0.3743455497382199,0.0
TRANSFORMER1D_T30_BALANCED,TRANSFORMER1D,RAW_1D,30,balanced_minrare_all_unique,4008,436084,5,73.52901244163513,"[[9872, 1, 1456, 671], [137, 119, 120, 6], [282, 65, 393, 2], [10, 0, 5, 3]]",0.4007655375847424,0.2141622574955908,0.008571428571428572,0.885341464508318,0.41975308641975306,0.28939617083946984,0.008571428571428572,0.6432432432432432,0.004398826979472141,0.31151832460732987,0.16666666666666666
TRANSFORMER1D_T30_BALANCED,TRANSFORMER1D,RAW_1D,30,balanced_minrare_all_unique,4009,436084,13,122.34154272079468,"[[8998, 12, 1537, 1453], [55, 211, 113, 3], [91, 40, 601, 10], [12, 0, 6, 0]]",0.47642430567547217,0.3271317829457364,0.0,0.8506333900548307,0.6542635658914728,0.4008002667555852,0.0,0.8022813688212928,0.0,0.5523560209424084,0.0
TRANSFORMER1D_T31_RARE,TRANSFORMER1D,RAW_1D,31,rare_priority,4000,367764,6,77.13915705680847,"[[10272, 2, 1571, 155], [182, 83, 115, 2], [116, 8, 618, 0], [13, 0, 5, 0]]",0.416074401582621,0.17473684210526316,0.0,0.9097108444405083,0.3494736842105263,0.4051130776794494,0.0,0.8924731182795699,0.0,0.21727748691099477,0.0
TRANSFORMER1D_T31_RARE,TRANSFORMER1D,RAW_1D,31,rare_priority,4001,367764,7,82.57638621330261,"[[10235, 4, 1458, 303], [121, 122, 137, 2], [120, 24, 593, 5], [7, 0, 7, 4]]",0.4492555255793135,0.24137150104176103,0.024096385542168676,0.9104656851843616,0.45864661654135336,0.40381341504937013,0.024096385542168676,0.8133333333333334,0.012738853503184714,0.3193717277486911,0.2222222222222222
TRANSFORMER1D_T31_RARE,TRANSFORMER1D,RAW_1D,31,rare_priority,4002,367764,14,124.42067122459412,"[[6686, 3, 820, 4491], [160, 122, 76, 24], [95, 20, 551, 76], [8, 0, 8, 2]]",0.4177855879908366,0.2319327966248518,0.0008674907829104315,0.7056836772389045,0.4629981024667932,0.5015930814747382,0.0008674907829104315,0.8413793103448276,0.00043544524276072284,0.3193717277486911,0.1111111111111111
TRANSFORMER1D_T31_RARE,TRANSFORMER1D,RAW_1D,31,rare_priority,4003,367764,11,106.79851388931274,"[[10344, 2, 1014, 640], [169, 103, 98, 12], [107, 14, 616, 5], [13, 0, 5, 0]]",0.4557547395084498,0.2055888223552894,0.0,0.9140635355454425,0.4111776447105788,0.49777777777777776,0.0,0.865546218487395,0.0,0.2696335078534031,0.0
TRANSFORMER1D_T31_RARE,TRANSFORMER1D,RAW_1D,31,rare_priority,4004,367764,4,65.0178074836731,"[[10452, 0, 1467, 81], [187, 74, 111, 10], [110, 0, 628, 4], [6, 0, 12, 0]]",0.4168852421098891,0.16228070175438597,0.0,0.9186552406064601,0.32456140350877194,0.4243243243243243,0.0,1.0,0.0,0.193717277486911,0.0
TRANSFORMER1D_T31_RARE,TRANSFORMER1D,RAW_1D,31,rare_priority,4005,367764,7,82.63519930839539,"[[9903, 2, 1334, 761], [85, 133, 159, 5], [139, 43, 554, 6], [6, 0, 7, 5]]",0.44468047284133183,0.24378930817610062,0.012578616352201259,0.8948628744408801,0.475,0.39628040057224606,0.012578616352201259,0.7471910112359551,0.006435006435006435,0.3481675392670157,0.2777777777777778
TRANSFORMER1D_T31_RARE,TRANSFORMER1D,RAW_1D,31,rare_priority,4006,367764,18,147.99652075767517,"[[11680, 4, 101, 215], [279, 97, 6, 0], [254, 30, 458, 0], [14, 0, 4, 0]]",0.5102711005229226,0.18908382066276802,0.0,0.9642134808271763,0.37816764132553604,0.6987032799389779,0.0,0.7404580152671756,0.0,0.25392670157068065,0.0
TRANSFORMER1D_T31_RARE,TRANSFORMER1D,RAW_1D,31,rare_priority,4007,367764,23,148.32511830329895,"[[9065, 1, 965, 1969], [197, 69, 98, 18], [200, 11, 526, 5], [14, 0, 4, 0]]",0.3981974155299976,0.1490280777537797,0.0,0.8441981747066493,0.2980561555075594,0.4505353319057816,0.0,0.8518518518518519,0.0,0.1806282722513089,0.0
TRANSFORMER1D_T31_RARE,TRANSFORMER1D,RAW_1D,31,rare_priority,4008,367764,15,130.23887014389038,"[[11563, 7, 131, 299], [263, 77, 40, 2], [176, 39, 478, 49], [13, 0, 4, 1]]",0.48966416966572285,0.15518527462502346,0.005420054200542005,0.9629814699146367,0.30495049504950494,0.6853046594982078,0.005420054200542005,0.6260162601626016,0.002849002849002849,0.20157068062827224,0.05555555555555555
TRANSFORMER1D_T31_RARE,TRANSFORMER1D,RAW_1D,31,rare_priority,4009,367764,11,106.87687730789185,"[[8671, 6, 2340, 983], [98, 115, 157, 12], [166, 17, 558, 1], [11, 0, 7, 0]]",0.3909053987938108,0.22115384615384615,0.0,0.8279385085457844,0.4423076923076923,0.29337539432176657,0.0,0.8333333333333334,0.0,0.3010471204188482,0.0
VIT2D_T16_BOTH,VIT2D,STFT_2D,16,balanced_minrare_all_unique;rare_priority,4000,430340,4,52.402767181396484,"[[8411, 124, 3454, 11], [105, 76, 201, 0], [41, 4, 692, 5], [4, 1, 11, 2]]",0.3648945775553084,0.18502744652659472,0.1111111111111111,0.8181508681484364,0.25894378194207834,0.27137254901960783,0.1111111111111111,0.37073170731707317,0.1111111111111111,0.19895287958115182,0.1111111111111111
VIT2D_T16_BOTH,VIT2D,STFT_2D,16,balanced_minrare_all_unique;rare_priority,4001,430340,6,62.66844820976257,"[[8570, 12, 3413, 5], [100, 80, 201, 1], [83, 0, 652, 7], [4, 0, 13, 1]]",0.3713768738786454,0.20002637130801687,0.0625,0.8257455316278846,0.33755274261603374,0.2597092212706632,0.0625,0.8695652173913043,0.07142857142857142,0.2094240837696335,0.05555555555555555
VIT2D_T16_BOTH,VIT2D,STFT_2D,16,balanced_minrare_all_unique;rare_priority,4002,430340,4,53.03790473937988,"[[8603, 13, 3348, 36], [143, 38, 199, 2], [46, 3, 689, 4], [0, 1, 15, 2]]",0.33548634315126036,0.11921458625525946,0.06451612903225806,0.8275298191612158,0.17391304347826086,0.27598638093330663,0.06451612903225806,0.6909090909090909,0.045454545454545456,0.09947643979057591,0.1111111111111111
VIT2D_T16_BOTH,VIT2D,STFT_2D,16,balanced_minrare_all_unique;rare_priority,4003,430340,9,75.40910983085632,"[[10238, 13, 1633, 116], [170, 56, 152, 4], [376, 12, 348, 6], [11, 0, 1, 6]]",0.3655426483602636,0.16095032397408207,0.08,0.8982671638517219,0.24190064794816415,0.24200278164116829,0.08,0.691358024691358,0.045454545454545456,0.14659685863874344,0.3333333333333333
VIT2D_T16_BOTH,VIT2D,STFT_2D,16,balanced_minrare_all_unique;rare_priority,4004,430340,5,57.29911994934082,"[[8454, 2, 3544, 0], [110, 69, 203, 0], [131, 0, 611, 0], [7, 0, 11, 0]]",0.3401151496498113,0.152317880794702,0.0,0.8167326828325766,0.304635761589404,0.23909215417726473,0.0,0.971830985915493,0.0,0.1806282722513089,0.0
VIT2D_T16_BOTH,VIT2D,STFT_2D,16,balanced_minrare_all_unique;rare_priority,4005,430340,7,65.12059903144836,"[[9735, 3, 2214, 48], [118, 76, 183, 5], [219, 10, 488, 25], [8, 1, 2, 7]]",0.4021735798760111,0.22897811420108605,0.13592233009708737,0.8817934782608695,0.3220338983050847,0.268944612841003,0.13592233009708737,0.8444444444444444,0.08235294117647059,0.19895287958115182,0.3888888888888889
VIT2D_T16_BOTH,VIT2D,STFT_2D,16,balanced_minrare_all_unique;rare_priority,4006,430340,4,52.65013384819031,"[[8415, 23, 3562, 0], [130, 49, 203, 0], [176, 3, 563, 0], [13, 0, 5, 0]]",0.31200604217724415,0.10722100656455143,0.0,0.8117102343976078,0.21444201312910285,0.221871921182266,0.0,0.6533333333333333,0.0,0.12827225130890052,0.0
VIT2D_T16_BOTH,VIT2D,STFT_2D,16,balanced_minrare_all_unique;rare_priority,4007,430340,8,70.45054650306702,"[[8644, 407, 2905, 44], [101, 82, 197, 2], [165, 12, 560, 5], [8, 0, 6, 4]]",0.34393825115840904,0.1476597527110256,0.1095890410958904,0.8264652452433311,0.1857304643261608,0.25396825396825395,0.1095890410958904,0.16367265469061876,0.07272727272727272,0.21465968586387435,0.2222222222222222
VIT2D_T16_BOTH,VIT2D,STFT_2D,16,balanced_minrare_all_unique;rare_priority,4008,430340,5,56.73833131790161,"[[8908, 25, 3067, 0], [142, 39, 201, 0], [248, 1, 493, 0], [14, 0, 4, 0]]",0.30730710155813057,0.087248322147651,0.0,0.835960960960961,0.174496644295302,0.21877080097625914,0.0,0.6,0.0,0.10209424083769633,0.0
VIT2D_T16_BOTH,VIT2D,STFT_2D,16,balanced_minrare_all_unique;rare_priority,4009,430340,7,65.69309449195862,"[[8477, 8, 3496, 19], [136, 40, 200, 6], [209, 10, 507, 16], [10, 0, 4, 4]]",0.3318840678916476,0.1544011544011544,0.12698412698412698,0.8138440860215054,0.18181818181818182,0.2048898767427763,0.12698412698412698,0.6896551724137931,0.08888888888888889,0.10471204188481675,0.2222222222222222
