representation,architecture_candidate_id,config_id,family,config_json,seed,n_parameters,n_train_samples,train_class_counts_json,best_epoch,time_s,confusion_json,Macro_F1,Rare_Macro_SF,Min_Rare_F1,Rare_HMean_SF,F1_N,F1_S,F1_V,F1_F,Precision_S,Precision_F,Recall_S,Recall_F
RAW_1D,BILSTM1D_T24_BOTH,AUGMENT_X1,augmentation,"{""augment_multiplier"": 1, ""config_id"": ""AUGMENT_X1"", ""family"": ""augmentation"", ""kind"": ""augmentation""}",5000,328228,38820,"{""N"": 33858, ""S"": 1124, ""V"": 3046, ""F"": 792}",16,235.0544693470001,"[[11125, 58, 747, 70], [223, 44, 115, 0], [63, 29, 602, 48], [3, 0, 8, 7]]",0.4408850793216959,0.1347210294578715,0.0979020979020979,0.1246585045026813,0.9502861535833262,0.1715399610136452,0.5438121047877146,0.0979020979020979,0.3358778625954198,0.056,0.1151832460732984,0.3888888888888889
RAW_1D,BILSTM1D_T24_BOTH,AUGMENT_X1,augmentation,"{""augment_multiplier"": 1, ""config_id"": ""AUGMENT_X1"", ""family"": ""augmentation"", ""kind"": ""augmentation""}",5001,328228,38820,"{""N"": 33858, ""S"": 1124, ""V"": 3046, ""F"": 792}",8,162.78327345848083,"[[10430, 175, 1346, 49], [198, 87, 97, 0], [74, 29, 594, 45], [4, 0, 9, 5]]",0.4222064325845704,0.172006959525533,0.0854700854700854,0.1284701712935617,0.9186999031093104,0.2585438335809807,0.4261119081779053,0.0854700854700854,0.2989690721649484,0.0505050505050505,0.2277486910994764,0.2777777777777778
STFT_2D,BILSTM2D_T7_BOTH,AUGMENT_X1,augmentation,"{""augment_multiplier"": 1, ""config_id"": ""AUGMENT_X1"", ""family"": ""augmentation"", ""kind"": ""augmentation""}",5000,318885,38820,"{""N"": 33858, ""S"": 1124, ""V"": 3046, ""F"": 792}",12,178.58385586738586,"[[11526, 6, 455, 13], [95, 92, 195, 0], [157, 42, 533, 10], [8, 0, 5, 5]]",0.5228387109587633,0.2849408629018823,0.217391304347826,0.2689272142648348,0.969141511813672,0.3524904214559387,0.5523316062176166,0.217391304347826,0.6571428571428571,0.1785714285714285,0.2408376963350785,0.2777777777777778
STFT_2D,BILSTM2D_T7_BOTH,AUGMENT_X1,augmentation,"{""augment_multiplier"": 1, ""config_id"": ""AUGMENT_X1"", ""family"": ""augmentation"", ""kind"": ""augmentation""}",5001,318885,38820,"{""N"": 33858, ""S"": 1124, ""V"": 3046, ""F"": 792}",8,146.1838858127594,"[[11978, 5, 15, 2], [243, 82, 57, 0], [261, 32, 443, 6], [14, 0, 1, 3]]",0.5541224933781383,0.2671209305526877,0.2068965517241379,0.2535429013140943,0.9779555845852383,0.3273453093812375,0.7042925278219396,0.2068965517241379,0.6890756302521008,0.2727272727272727,0.2146596858638743,0.1666666666666666
RAW_1D,BILSTM1D_T24_BOTH,AUGMENT_X3,augmentation,"{""augment_multiplier"": 3, ""config_id"": ""AUGMENT_X3"", ""family"": ""augmentation"", ""kind"": ""augmentation""}",5000,328228,40736,"{""N"": 33858, ""S"": 2248, ""V"": 3046, ""F"": 1584}",2,113.07092785835266,"[[11572, 3, 416, 9], [300, 67, 13, 2], [107, 26, 552, 57], [10, 0, 4, 4]]",0.4933144923445742,0.1846118084611808,0.0888888888888888,0.1349785948123898,0.9647755221143024,0.2803347280334728,0.6392588303416329,0.0888888888888888,0.6979166666666666,0.0555555555555555,0.175392670157068,0.2222222222222222
RAW_1D,BILSTM1D_T24_BOTH,AUGMENT_X3,augmentation,"{""augment_multiplier"": 3, ""config_id"": ""AUGMENT_X3"", ""family"": ""augmentation"", ""kind"": ""augmentation""}",5001,328228,40736,"{""N"": 33858, ""S"": 2248, ""V"": 3046, ""F"": 1584}",19,273.7856373786926,"[[11222, 306, 356, 116], [245, 54, 82, 1], [109, 144, 471, 18], [10, 2, 3, 3]]",0.4202982556663357,0.08004158004158,0.0384615384615384,0.0584415584415584,0.9515814466208768,0.1216216216216216,0.5695284159613059,0.0384615384615384,0.1067193675889328,0.0217391304347826,0.1413612565445026,0.1666666666666666
STFT_2D,BILSTM2D_T7_BOTH,AUGMENT_X3,augmentation,"{""augment_multiplier"": 3, ""config_id"": ""AUGMENT_X3"", ""family"": ""augmentation"", ""kind"": ""augmentation""}",5000,318885,40736,"{""N"": 33858, ""S"": 2248, ""V"": 3046, ""F"": 1584}",18,237.01321697235107,"[[10012, 11, 1964, 13], [88, 89, 205, 0], [153, 16, 571, 2], [10, 0, 3, 5]]",0.4619268152061039,0.310293806806172,0.2631578947368421,0.303133514986376,0.8994295467816557,0.357429718875502,0.3276901004304161,0.2631578947368421,0.7672413793103449,0.25,0.2329842931937172,0.2777777777777778
STFT_2D,BILSTM2D_T7_BOTH,AUGMENT_X3,augmentation,"{""augment_multiplier"": 3, ""config_id"": ""AUGMENT_X3"", ""family"": ""augmentation"", ""kind"": ""augmentation""}",5001,318885,40736,"{""N"": 33858, ""S"": 2248, ""V"": 3046, ""F"": 1584}",27,296.4868664741516,"[[11536, 5, 435, 24], [132, 72, 178, 0], [170, 24, 544, 4], [7, 0, 6, 5]]",0.508231497157159,0.2471075386676409,0.196078431372549,0.2365697387875801,0.9675823023694696,0.2981366459627329,0.5711286089238845,0.196078431372549,0.7128712871287128,0.1515151515151515,0.1884816753926701,0.2777777777777778
RAW_1D,BILSTM1D_T24_BOTH,BASELINE_CE,baseline,"{""config_id"": ""BASELINE_CE"", ""family"": ""baseline"", ""kind"": ""baseline""}",5000,328228,37862,"{""N"": 33858, ""S"": 562, ""V"": 3046, ""F"": 396}",23,292.7014811038971,"[[10950, 136, 894, 20], [334, 31, 17, 0], [56, 22, 660, 4], [10, 0, 4, 4]]",0.4475245449016989,0.1412472397776593,0.1085814360770578,0.1336927223719676,0.9379014989293362,0.1085814360770578,0.5697022011221407,0.1739130434782608,0.164021164021164,0.1428571428571428,0.0811518324607329,0.2222222222222222
RAW_1D,BILSTM1D_T24_BOTH,BASELINE_CE,baseline,"{""config_id"": ""BASELINE_CE"", ""family"": ""baseline"", ""kind"": ""baseline""}",5001,328228,37862,"{""N"": 33858, ""S"": 562, ""V"": 3046, ""F"": 396}",4,124.2030827999115,"[[11624, 3, 373, 0], [272, 24, 86, 0], [184, 4, 549, 5], [11, 0, 5, 2]]",0.4667178662869718,0.1381113801452784,0.1162227602905569,0.1346423562412342,0.9650076792163048,0.1162227602905569,0.6256410256410256,0.16,0.7741935483870968,0.2857142857142857,0.06282722513089,0.1111111111111111
STFT_2D,BILSTM2D_T7_BOTH,BASELINE_CE,baseline,"{""config_id"": ""BASELINE_CE"", ""family"": ""baseline"", ""kind"": ""baseline""}",5000,318885,37862,"{""N"": 33858, ""S"": 562, ""V"": 3046, ""F"": 396}",29,285.140673160553,"[[10938, 6, 1043, 13], [114, 84, 184, 0], [137, 19, 579, 7], [8, 0, 5, 5]]",0.4928384996989208,0.287358499502676,0.2325581395348837,0.2769078622053733,0.943052980988921,0.3421588594704684,0.4535840188014101,0.2325581395348837,0.7706422018348624,0.2,0.2198952879581152,0.2777777777777778
STFT_2D,BILSTM2D_T7_BOTH,BASELINE_CE,baseline,"{""config_id"": ""BASELINE_CE"", ""family"": ""baseline"", ""kind"": ""baseline""}",5001,318885,37862,"{""N"": 33858, ""S"": 562, ""V"": 3046, ""F"": 396}",10,163.21271920204163,"[[9989, 7, 1995, 9], [117, 71, 194, 0], [154, 26, 559, 3], [7, 0, 6, 5]]",0.4487228859272331,0.2889476778365667,0.2857142857142857,0.288911495422177,0.8972021376925495,0.2921810699588477,0.3197940503432494,0.2857142857142857,0.6826923076923077,0.2941176470588235,0.1858638743455497,0.2777777777777778
RAW_1D,BILSTM1D_T24_BOTH,CLASS_WEIGHT_P025,class_weight,"{""config_id"": ""CLASS_WEIGHT_P025"", ""family"": ""class_weight"", ""kind"": ""class_weight"", ""weight_power"": 0.25}",5000,328228,37862,"{""N"": 33858, ""S"": 562, ""V"": 3046, ""F"": 396}",14,212.69384694099423,"[[10404, 58, 1401, 137], [267, 32, 83, 0], [31, 20, 654, 37], [2, 0, 6, 10]]",0.3997010353208722,0.1145456009015535,0.099009900990099,0.1124385101897399,0.9164904862579282,0.1300813008130081,0.4532224532224532,0.099009900990099,0.2909090909090909,0.0543478260869565,0.0837696335078534,0.5555555555555556
RAW_1D,BILSTM1D_T24_BOTH,CLASS_WEIGHT_P025,class_weight,"{""config_id"": ""CLASS_WEIGHT_P025"", ""family"": ""class_weight"", ""kind"": ""class_weight"", ""weight_power"": 0.25}",5001,328228,37862,"{""N"": 33858, ""S"": 562, ""V"": 3046, ""F"": 396}",15,222.21392798423767,"[[10868, 200, 916, 16], [239, 42, 101, 0], [52, 51, 560, 79], [4, 0, 6, 8]]",0.4191973516200963,0.128337924701561,0.1244444444444444,0.1282198053806525,0.9383931269697362,0.1244444444444444,0.4817204301075269,0.1322314049586777,0.1433447098976109,0.0776699029126213,0.1099476439790576,0.4444444444444444
STFT_2D,BILSTM2D_T7_BOTH,CLASS_WEIGHT_P025,class_weight,"{""config_id"": ""CLASS_WEIGHT_P025"", ""family"": ""class_weight"", ""kind"": ""class_weight"", ""weight_power"": 0.25}",5000,318885,37862,"{""N"": 33858, ""S"": 562, ""V"": 3046, ""F"": 396}",14,194.1093776226044,"[[9686, 9, 2303, 2], [89, 94, 199, 0], [132, 27, 582, 1], [9, 0, 5, 4]]",0.4687362604202055,0.34359375,0.32,0.3419736243747158,0.8839204234349334,0.3671875,0.3038371182458888,0.32,0.7230769230769231,0.5714285714285714,0.2460732984293193,0.2222222222222222
STFT_2D,BILSTM2D_T7_BOTH,CLASS_WEIGHT_P025,class_weight,"{""config_id"": ""CLASS_WEIGHT_P025"", ""family"": ""class_weight"", ""kind"": ""class_weight"", ""weight_power"": 0.25}",5001,318885,37862,"{""N"": 33858, ""S"": 562, ""V"": 3046, ""F"": 396}",6,129.10151720046997,"[[10684, 13, 1294, 9], [117, 80, 185, 0], [202, 50, 486, 4], [15, 0, 0, 3]]",0.442154635622023,0.2406162464985994,0.1764705882352941,0.2235157159487776,0.9283169693283516,0.3047619047619048,0.3590690801625416,0.1764705882352941,0.5594405594405595,0.1875,0.2094240837696335,0.1666666666666666
RAW_1D,BILSTM1D_T24_BOTH,CLASS_WEIGHT_P050,class_weight,"{""config_id"": ""CLASS_WEIGHT_P050"", ""family"": ""class_weight"", ""kind"": ""class_weight"", ""weight_power"": 0.5}",5000,328228,37862,"{""N"": 33858, ""S"": 562, ""V"": 3046, ""F"": 396}",13,203.9126682281494,"[[11495, 218, 271, 16], [254, 65, 63, 0], [33, 30, 640, 39], [5, 0, 5, 8]]",0.5237072897826267,0.1922906119548805,0.1870503597122302,0.1921478060046189,0.9664943036112162,0.1870503597122302,0.7437536316095293,0.1975308641975308,0.2076677316293929,0.1269841269841269,0.1701570680628272,0.4444444444444444
RAW_1D,BILSTM1D_T24_BOTH,CLASS_WEIGHT_P050,class_weight,"{""config_id"": ""CLASS_WEIGHT_P050"", ""family"": ""class_weight"", ""kind"": ""class_weight"", ""weight_power"": 0.5}",5001,328228,37862,"{""N"": 33858, ""S"": 562, ""V"": 3046, ""F"": 396}",3,115.2658758163452,"[[10568, 4, 1425, 3], [181, 45, 154, 2], [143, 16, 580, 3], [10, 0, 7, 1]]",0.3993011934920835,0.1377081779766343,0.074074074074074,0.1083032490974729,0.9228888306698104,0.2013422818791946,0.3988995873452545,0.074074074074074,0.6923076923076923,0.1111111111111111,0.1178010471204188,0.0555555555555555
STFT_2D,BILSTM2D_T7_BOTH,CLASS_WEIGHT_P050,class_weight,"{""config_id"": ""CLASS_WEIGHT_P050"", ""family"": ""class_weight"", ""kind"": ""class_weight"", ""weight_power"": 0.5}",5000,318885,37862,"{""N"": 33858, ""S"": 562, ""V"": 3046, ""F"": 396}",3,106.26136875152588,"[[10957, 10, 1030, 3], [83, 115, 184, 0], [216, 71, 452, 3], [16, 0, 0, 2]]",0.467207981406848,0.2758850146393399,0.1538461538461538,0.2219006271104679,0.941646613956686,0.3979238754325259,0.3754152823920266,0.1538461538461538,0.5867346938775511,0.25,0.3010471204188482,0.1111111111111111
STFT_2D,BILSTM2D_T7_BOTH,CLASS_WEIGHT_P050,class_weight,"{""config_id"": ""CLASS_WEIGHT_P050"", ""family"": ""class_weight"", ""kind"": ""class_weight"", ""weight_power"": 0.5}",5001,318885,37862,"{""N"": 33858, ""S"": 562, ""V"": 3046, ""F"": 396}",6,129.6633062362671,"[[10200, 13, 1684, 103], [102, 75, 204, 1], [142, 25, 563, 12], [6, 0, 5, 7]]",0.4157755278509696,0.2011605415860735,0.0992907801418439,0.1495726495726496,0.9086859688195992,0.303030303030303,0.3520950594121326,0.0992907801418439,0.6637168141592921,0.056910569105691,0.1963350785340314,0.3888888888888889
RAW_1D,BILSTM1D_T24_BOTH,CLASS_WEIGHT_P075,class_weight,"{""config_id"": ""CLASS_WEIGHT_P075"", ""family"": ""class_weight"", ""kind"": ""class_weight"", ""weight_power"": 0.75}",5000,328228,37862,"{""N"": 33858, ""S"": 562, ""V"": 3046, ""F"": 396}",8,159.37559962272644,"[[9907, 594, 1379, 120], [106, 72, 203, 1], [32, 31, 601, 78], [6, 0, 6, 6]]",0.3739802149159928,0.0936342818670335,0.0538116591928251,0.0766977363515312,0.8985533535894064,0.1334569045412419,0.4100989423404981,0.0538116591928251,0.103299856527977,0.0292682926829268,0.1884816753926701,0.3333333333333333
RAW_1D,BILSTM1D_T24_BOTH,CLASS_WEIGHT_P075,class_weight,"{""config_id"": ""CLASS_WEIGHT_P075"", ""family"": ""class_weight"", ""kind"": ""class_weight"", ""weight_power"": 0.75}",5001,328228,37862,"{""N"": 33858, ""S"": 562, ""V"": 3046, ""F"": 396}",1,97.45979022979736,"[[10756, 10, 1224, 10], [237, 34, 109, 2], [157, 2, 564, 19], [11, 0, 6, 1]]",0.3885365654383241,0.0994392523364486,0.04,0.0639097744360902,0.928802728725012,0.1588785046728972,0.4264650283553875,0.04,0.7391304347826086,0.03125,0.0890052356020942,0.0555555555555555
STFT_2D,BILSTM2D_T7_BOTH,CLASS_WEIGHT_P075,class_weight,"{""config_id"": ""CLASS_WEIGHT_P075"", ""family"": ""class_weight"", ""kind"": ""class_weight"", ""weight_power"": 0.75}",5000,318885,37862,"{""N"": 33858, ""S"": 562, ""V"": 3046, ""F"": 396}",3,103.7460196018219,"[[10838, 18, 1108, 36], [86, 108, 186, 2], [216, 106, 416, 4], [13, 1, 0, 4]]",0.4379353320596165,0.2381097560975609,0.125,0.1843790012804097,0.9362069710188744,0.3512195121951219,0.3393148450244698,0.125,0.463519313304721,0.0869565217391304,0.2827225130890052,0.2222222222222222
STFT_2D,BILSTM2D_T7_BOTH,CLASS_WEIGHT_P075,class_weight,"{""config_id"": ""CLASS_WEIGHT_P075"", ""family"": ""class_weight"", ""kind"": ""class_weight"", ""weight_power"": 0.75}",5001,318885,37862,"{""N"": 33858, ""S"": 562, ""V"": 3046, ""F"": 396}",10,160.66653299331665,"[[9806, 17, 2167, 10], [69, 107, 203, 3], [127, 24, 586, 5], [11, 0, 4, 3]]",0.441283364022341,0.2788098693759071,0.1538461538461538,0.2228006246746486,0.8909280879480307,0.4037735849056604,0.3165856293895192,0.1538461538461538,0.722972972972973,0.1428571428571428,0.2801047120418848,0.1666666666666666
RAW_1D,BILSTM1D_T24_BOTH,CLASS_WEIGHT_P100,class_weight,"{""config_id"": ""CLASS_WEIGHT_P100"", ""family"": ""class_weight"", ""kind"": ""class_weight"", ""weight_power"": 1.0}",5000,328228,37862,"{""N"": 33858, ""S"": 562, ""V"": 3046, ""F"": 396}",12,194.6426486968994,"[[9604, 1023, 1149, 224], [126, 115, 140, 1], [40, 22, 616, 64], [5, 0, 5, 8]]",0.3866545392438814,0.0999752949169291,0.0507936507936507,0.0757809765037787,0.8821125143513203,0.1491569390402075,0.4645550527903469,0.0507936507936507,0.0991379310344827,0.0269360269360269,0.3010471204188482,0.4444444444444444
RAW_1D,BILSTM1D_T24_BOTH,CLASS_WEIGHT_P100,class_weight,"{""config_id"": ""CLASS_WEIGHT_P100"", ""family"": ""class_weight"", ""kind"": ""class_weight"", ""weight_power"": 1.0}",5001,328228,37862,"{""N"": 33858, ""S"": 562, ""V"": 3046, ""F"": 396}",1,97.34809827804564,"[[10562, 29, 1348, 61], [190, 49, 138, 5], [156, 21, 540, 25], [8, 1, 5, 4]]",0.3963468029883874,0.1370579811258399,0.0707964601769911,0.1050234427327528,0.9218013614941526,0.2033195020746888,0.3894698882077173,0.0707964601769911,0.49,0.0421052631578947,0.1282722513089005,0.2222222222222222
STFT_2D,BILSTM2D_T7_BOTH,CLASS_WEIGHT_P100,class_weight,"{""config_id"": ""CLASS_WEIGHT_P100"", ""family"": ""class_weight"", ""kind"": ""class_weight"", ""weight_power"": 1.0}",5000,318885,37862,"{""N"": 33858, ""S"": 562, ""V"": 3046, ""F"": 396}",14,192.85804724693295,"[[9820, 18, 2065, 97], [35, 142, 205, 0], [81, 30, 613, 18], [8, 0, 6, 4]]",0.4468877890995298,0.277448828543719,0.0583941605839416,0.1044982062367767,0.8950054684651841,0.4965034965034965,0.3376480308454971,0.0583941605839416,0.7473684210526316,0.0336134453781512,0.3717277486910995,0.2222222222222222
STFT_2D,BILSTM2D_T7_BOTH,CLASS_WEIGHT_P100,class_weight,"{""config_id"": ""CLASS_WEIGHT_P100"", ""family"": ""class_weight"", ""kind"": ""class_weight"", ""weight_power"": 1.0}",5001,318885,37862,"{""N"": 33858, ""S"": 562, ""V"": 3046, ""F"": 396}",7,136.64079546928406,"[[11162, 22, 658, 158], [79, 107, 192, 4], [67, 62, 558, 55], [6, 1, 4, 7]]",0.4765789083049704,0.2153367696604947,0.0578512396694214,0.1001604707140946,0.9575362443167196,0.3728222996515679,0.5181058495821727,0.0578512396694214,0.5572916666666666,0.03125,0.2801047120418848,0.3888888888888889
RAW_1D,BILSTM1D_T24_BOTH,FOCAL_A025_G1,focal,"{""alpha_power"": 0.25, ""config_id"": ""FOCAL_A025_G1"", ""family"": ""focal"", ""gamma"": 1.0, ""kind"": ""focal""}",5000,328228,37862,"{""N"": 33858, ""S"": 562, ""V"": 3046, ""F"": 396}",7,151.31075024604797,"[[11393, 1, 601, 5], [282, 47, 53, 0], [51, 18, 663, 10], [9, 0, 8, 1]]",0.4675428111736405,0.1343224789915966,0.0588235294117647,0.0918866080156402,0.9600168527491046,0.2098214285714285,0.6415094339622641,0.0588235294117647,0.7121212121212122,0.0625,0.1230366492146596,0.0555555555555555
RAW_1D,BILSTM1D_T24_BOTH,FOCAL_A025_G1,focal,"{""alpha_power"": 0.25, ""config_id"": ""FOCAL_A025_G1"", ""family"": ""focal"", ""gamma"": 1.0, ""kind"": ""focal""}",5001,328228,37862,"{""N"": 33858, ""S"": 562, ""V"": 3046, ""F"": 396}",11,187.09886384010315,"[[10668, 5, 1306, 21], [193, 66, 123, 0], [37, 29, 621, 55], [1, 0, 10, 7]]",0.4468678362008562,0.2062363912739822,0.1386138613861386,0.1840637450199203,0.9317437442683086,0.2738589211618257,0.443254817987152,0.1386138613861386,0.66,0.0843373493975903,0.1727748691099476,0.3888888888888889
STFT_2D,BILSTM2D_T7_BOTH,FOCAL_A025_G1,focal,"{""alpha_power"": 0.25, ""config_id"": ""FOCAL_A025_G1"", ""family"": ""focal"", ""gamma"": 1.0, ""kind"": ""focal""}",5000,318885,37862,"{""N"": 33858, ""S"": 562, ""V"": 3046, ""F"": 396}",8,145.03724098205566,"[[10244, 15, 1732, 9], [81, 104, 197, 0], [142, 27, 570, 3], [8, 0, 6, 4]]",0.4729793711947821,0.3146167557932263,0.2352941176470588,0.2946175637393767,0.9115906562847608,0.3939393939393939,0.351093316907915,0.2352941176470588,0.7123287671232876,0.25,0.2722513089005235,0.2222222222222222
STFT_2D,BILSTM2D_T7_BOTH,FOCAL_A025_G1,focal,"{""alpha_power"": 0.25, ""config_id"": ""FOCAL_A025_G1"", ""family"": ""focal"", ""gamma"": 1.0, ""kind"": ""focal""}",5001,318885,37862,"{""N"": 33858, ""S"": 562, ""V"": 3046, ""F"": 396}",6,129.33318209648132,"[[10238, 14, 1725, 23], [134, 50, 196, 2], [148, 31, 559, 4], [9, 0, 4, 5]]",0.4143458781870475,0.2009756490888566,0.1923076923076923,0.2006018054162487,0.908873008122864,0.2096436058700209,0.3465592064476131,0.1923076923076923,0.5263157894736842,0.1470588235294117,0.1308900523560209,0.2777777777777778
RAW_1D,BILSTM1D_T24_BOTH,FOCAL_A025_G2,focal,"{""alpha_power"": 0.25, ""config_id"": ""FOCAL_A025_G2"", ""family"": ""focal"", ""gamma"": 2.0, ""kind"": ""focal""}",5000,328228,37862,"{""N"": 33858, ""S"": 562, ""V"": 3046, ""F"": 396}",21,276.58768486976624,"[[10511, 69, 1369, 51], [201, 26, 155, 0], [23, 30, 631, 58], [3, 0, 8, 7]]",0.3914991858741594,0.1035208572522005,0.1025641025641025,0.1035120147874306,0.9245316210748526,0.1025641025641025,0.4344234079173838,0.1044776119402985,0.208,0.0603448275862069,0.0680628272251308,0.3888888888888889
RAW_1D,BILSTM1D_T24_BOTH,FOCAL_A025_G2,focal,"{""alpha_power"": 0.25, ""config_id"": ""FOCAL_A025_G2"", ""family"": ""focal"", ""gamma"": 2.0, ""kind"": ""focal""}",5001,328228,37862,"{""N"": 33858, ""S"": 562, ""V"": 3046, ""F"": 396}",15,223.53399300575256,"[[11880, 67, 35, 18], [257, 83, 41, 1], [84, 45, 559, 54], [12, 0, 2, 4]]",0.5407797692910828,0.1859527501596278,0.0842105263157894,0.1302854900421858,0.9804811620517476,0.2876949740034662,0.8107324147933285,0.0842105263157894,0.4256410256410256,0.0519480519480519,0.2172774869109947,0.2222222222222222
STFT_2D,BILSTM2D_T7_BOTH,FOCAL_A025_G2,focal,"{""alpha_power"": 0.25, ""config_id"": ""FOCAL_A025_G2"", ""family"": ""focal"", ""gamma"": 2.0, ""kind"": ""focal""}",5000,318885,37862,"{""N"": 33858, ""S"": 562, ""V"": 3046, ""F"": 396}",10,160.57103323936462,"[[9873, 18, 2097, 12], [98, 79, 205, 0], [147, 36, 554, 5], [12, 0, 2, 4]]",0.427993758020355,0.2559621608165298,0.2051282051282051,0.2458665629255008,0.8922729326705829,0.3067961165048544,0.3077777777777777,0.2051282051282051,0.5939849624060151,0.1904761904761904,0.206806282722513,0.2222222222222222
STFT_2D,BILSTM2D_T7_BOTH,FOCAL_A025_G2,focal,"{""alpha_power"": 0.25, ""config_id"": ""FOCAL_A025_G2"", ""family"": ""focal"", ""gamma"": 2.0, ""kind"": ""focal""}",5001,318885,37862,"{""N"": 33858, ""S"": 562, ""V"": 3046, ""F"": 396}",10,161.90949392318726,"[[9809, 14, 2169, 8], [92, 85, 204, 1], [145, 23, 573, 1], [10, 0, 5, 3]]",0.4326574936541005,0.2654249871991807,0.1935483870967742,0.245960935616108,0.8894631846209649,0.3373015873015873,0.3103168155970755,0.1935483870967742,0.6967213114754098,0.2307692307692307,0.2225130890052356,0.1666666666666666
RAW_1D,BILSTM1D_T24_BOTH,FOCAL_A025_G3,focal,"{""alpha_power"": 0.25, ""config_id"": ""FOCAL_A025_G3"", ""family"": ""focal"", ""gamma"": 3.0, ""kind"": ""focal""}",5000,328228,37862,"{""N"": 33858, ""S"": 562, ""V"": 3046, ""F"": 396}",14,214.56809163093567,"[[11299, 15, 666, 20], [314, 40, 27, 1], [71, 44, 572, 55], [4, 1, 6, 7]]",0.4567200290512233,0.1522944825602892,0.1386138613861386,0.1510655516590235,0.953985140155353,0.1659751037344398,0.5683060109289617,0.1386138613861386,0.4,0.0843373493975903,0.1047120418848167,0.3888888888888889
RAW_1D,BILSTM1D_T24_BOTH,FOCAL_A025_G3,focal,"{""alpha_power"": 0.25, ""config_id"": ""FOCAL_A025_G3"", ""family"": ""focal"", ""gamma"": 3.0, ""kind"": ""focal""}",5001,328228,37862,"{""N"": 33858, ""S"": 562, ""V"": 3046, ""F"": 396}",7,152.16726660728455,"[[10880, 13, 1106, 1], [318, 41, 23, 0], [199, 45, 473, 25], [9, 0, 4, 5]]",0.4267830090792799,0.1872799015656158,0.1704781704781705,0.1857725419120978,0.9296761514141672,0.1704781704781705,0.4028960817717206,0.2040816326530612,0.4141414141414141,0.1612903225806451,0.1073298429319371,0.2777777777777778
STFT_2D,BILSTM2D_T7_BOTH,FOCAL_A025_G3,focal,"{""alpha_power"": 0.25, ""config_id"": ""FOCAL_A025_G3"", ""family"": ""focal"", ""gamma"": 3.0, ""kind"": ""focal""}",5000,318885,37862,"{""N"": 33858, ""S"": 562, ""V"": 3046, ""F"": 396}",21,262.75285744667053,"[[9809, 17, 2170, 4], [101, 77, 204, 0], [137, 22, 582, 1], [9, 0, 6, 3]]",0.4359310556981479,0.2700030892801977,0.2307692307692307,0.2643020594965675,0.8894631846209649,0.3092369477911647,0.3142548596112311,0.2307692307692307,0.6637931034482759,0.375,0.2015706806282722,0.1666666666666666
STFT_2D,BILSTM2D_T7_BOTH,FOCAL_A025_G3,focal,"{""alpha_power"": 0.25, ""config_id"": ""FOCAL_A025_G3"", ""family"": ""focal"", ""gamma"": 3.0, ""kind"": ""focal""}",5001,318885,37862,"{""N"": 33858, ""S"": 562, ""V"": 3046, ""F"": 396}",11,173.53259468078613,"[[11915, 15, 68, 2], [214, 59, 109, 0], [207, 42, 489, 4], [12, 0, 1, 5]]",0.563652456677195,0.2908876886857776,0.2369477911646586,0.2808855034515591,0.9787251519632004,0.2369477911646586,0.6941092973740242,0.3448275862068966,0.5086206896551724,0.4545454545454545,0.1544502617801047,0.2777777777777778
RAW_1D,BILSTM1D_T24_BOTH,FOCAL_A050_G1,focal,"{""alpha_power"": 0.5, ""config_id"": ""FOCAL_A050_G1"", ""family"": ""focal"", ""gamma"": 1.0, ""kind"": ""focal""}",5000,328228,37862,"{""N"": 33858, ""S"": 562, ""V"": 3046, ""F"": 396}",6,142.62782073020935,"[[10553, 3, 1369, 75], [204, 47, 130, 1], [63, 18, 607, 54], [6, 0, 7, 5]]",0.4060286530471368,0.1371241830065359,0.065359477124183,0.0995657239699184,0.9246473319898362,0.2088888888888889,0.4252189141856392,0.065359477124183,0.6911764705882353,0.037037037037037,0.1230366492146596,0.2777777777777778
RAW_1D,BILSTM1D_T24_BOTH,FOCAL_A050_G1,focal,"{""alpha_power"": 0.5, ""config_id"": ""FOCAL_A050_G1"", ""family"": ""focal"", ""gamma"": 1.0, ""kind"": ""focal""}",5001,328228,37862,"{""N"": 33858, ""S"": 562, ""V"": 3046, ""F"": 396}",15,223.3992850780487,"[[10891, 294, 691, 124], [163, 100, 119, 0], [42, 38, 559, 103], [5, 0, 5, 8]]",0.4450499111448514,0.1544706762098066,0.0632411067193675,0.1005909719602665,0.9429029046361628,0.2457002457002457,0.5283553875236295,0.0632411067193675,0.2314814814814814,0.0340425531914893,0.2617801047120419,0.4444444444444444
STFT_2D,BILSTM2D_T7_BOTH,FOCAL_A050_G1,focal,"{""alpha_power"": 0.5, ""config_id"": ""FOCAL_A050_G1"", ""family"": ""focal"", ""gamma"": 1.0, ""kind"": ""focal""}",5000,318885,37862,"{""N"": 33858, ""S"": 562, ""V"": 3046, ""F"": 396}",3,108.57504796981812,"[[11109, 15, 875, 1], [91, 121, 170, 0], [193, 67, 481, 1], [15, 0, 0, 3]]",0.5119674289535082,0.3372723894463024,0.2608695652173913,0.3199647421771706,0.9491626794258372,0.4136752136752136,0.4241622574955908,0.2608695652173913,0.5960591133004927,0.6,0.3167539267015706,0.1666666666666666
STFT_2D,BILSTM2D_T7_BOTH,FOCAL_A050_G1,focal,"{""alpha_power"": 0.5, ""config_id"": ""FOCAL_A050_G1"", ""family"": ""focal"", ""gamma"": 1.0, ""kind"": ""focal""}",5001,318885,37862,"{""N"": 33858, ""S"": 562, ""V"": 3046, ""F"": 396}",7,140.63729000091553,"[[10165, 18, 1809, 8], [88, 93, 201, 0], [144, 37, 559, 2], [13, 0, 2, 3]]",0.4472836432200794,0.2722458916615946,0.1935483870967742,0.249496981891348,0.9071842927264614,0.350943396226415,0.3374584968306671,0.1935483870967742,0.6283783783783784,0.2307692307692307,0.2434554973821989,0.1666666666666666
RAW_1D,BILSTM1D_T24_BOTH,FOCAL_A050_G2,focal,"{""alpha_power"": 0.5, ""config_id"": ""FOCAL_A050_G2"", ""family"": ""focal"", ""gamma"": 2.0, ""kind"": ""focal""}",5000,328228,37862,"{""N"": 33858, ""S"": 562, ""V"": 3046, ""F"": 396}",18,249.3777837753296,"[[10523, 59, 1258, 160], [243, 32, 105, 2], [71, 58, 602, 11], [4, 0, 6, 8]]",0.3915329321031461,0.1004646585091181,0.0804020100502512,0.0964581763376036,0.9214132481064752,0.1205273069679849,0.4437891632878732,0.0804020100502512,0.2147651006711409,0.0441988950276243,0.0837696335078534,0.4444444444444444
RAW_1D,BILSTM1D_T24_BOTH,FOCAL_A050_G2,focal,"{""alpha_power"": 0.5, ""config_id"": ""FOCAL_A050_G2"", ""family"": ""focal"", ""gamma"": 2.0, ""kind"": ""focal""}",5001,328228,37862,"{""N"": 33858, ""S"": 562, ""V"": 3046, ""F"": 396}",10,177.9432818889618,"[[10769, 33, 1187, 11], [175, 74, 133, 0], [46, 29, 622, 45], [6, 0, 7, 5]]",0.4527939782570341,0.2061482820976491,0.1265822784810126,0.1754385964912281,0.936597669159854,0.2857142857142857,0.462281679672984,0.1265822784810126,0.5441176470588235,0.081967213114754,0.193717277486911,0.2777777777777778
STFT_2D,BILSTM2D_T7_BOTH,FOCAL_A050_G2,focal,"{""alpha_power"": 0.5, ""config_id"": ""FOCAL_A050_G2"", ""family"": ""focal"", ""gamma"": 2.0, ""kind"": ""focal""}",5000,318885,37862,"{""N"": 33858, ""S"": 562, ""V"": 3046, ""F"": 396}",14,193.09819865226743,"[[9709, 13, 2260, 18], [68, 88, 226, 0], [114, 23, 602, 3], [7, 0, 5, 6]]",0.4537977145333938,0.3072463768115941,0.2666666666666666,0.3018867924528302,0.8867476481870491,0.3478260869565217,0.3139504563233377,0.2666666666666666,0.7096774193548387,0.2222222222222222,0.2303664921465968,0.3333333333333333
STFT_2D,BILSTM2D_T7_BOTH,FOCAL_A050_G2,focal,"{""alpha_power"": 0.5, ""config_id"": ""FOCAL_A050_G2"", ""family"": ""focal"", ""gamma"": 2.0, ""kind"": ""focal""}",5001,318885,37862,"{""N"": 33858, ""S"": 562, ""V"": 3046, ""F"": 396}",10,160.64360165596008,"[[10061, 16, 1919, 4], [70, 108, 204, 0], [128, 28, 581, 5], [14, 0, 2, 2]]",0.4457145123501952,0.2712127082526152,0.1379310344827586,0.2057142857142857,0.903425672338706,0.4044943820224719,0.3370069605568445,0.1379310344827586,0.7105263157894737,0.1818181818181818,0.2827225130890052,0.1111111111111111
RAW_1D,BILSTM1D_T24_BOTH,FOCAL_A050_G3,focal,"{""alpha_power"": 0.5, ""config_id"": ""FOCAL_A050_G3"", ""family"": ""focal"", ""gamma"": 3.0, ""kind"": ""focal""}",5000,328228,37862,"{""N"": 33858, ""S"": 562, ""V"": 3046, ""F"": 396}",5,133.17333984375,"[[10520, 19, 1372, 89], [163, 57, 161, 1], [133, 99, 504, 6], [11, 0, 5, 2]]",0.3807337750061441,0.1195753110877236,0.0344827586206896,0.0590214858917939,0.9217155123318876,0.2046678635547576,0.3620689655172414,0.0344827586206896,0.3257142857142857,0.0204081632653061,0.1492146596858638,0.1111111111111111
RAW_1D,BILSTM1D_T24_BOTH,FOCAL_A050_G3,focal,"{""alpha_power"": 0.5, ""config_id"": ""FOCAL_A050_G3"", ""family"": ""focal"", ""gamma"": 3.0, ""kind"": ""focal""}",5001,328228,37862,"{""N"": 33858, ""S"": 562, ""V"": 3046, ""F"": 396}",24,302.8254635334015,"[[10369, 41, 1383, 207], [169, 19, 188, 6], [25, 23, 605, 89], [4, 0, 6, 8]]",0.3658175150188261,0.0652504589562024,0.048780487804878,0.0610932475884244,0.9189524526964152,0.0817204301075268,0.4138166894664842,0.048780487804878,0.2289156626506024,0.0258064516129032,0.0497382198952879,0.4444444444444444
STFT_2D,BILSTM2D_T7_BOTH,FOCAL_A050_G3,focal,"{""alpha_power"": 0.5, ""config_id"": ""FOCAL_A050_G3"", ""family"": ""focal"", ""gamma"": 3.0, ""kind"": ""focal""}",5000,318885,37862,"{""N"": 33858, ""S"": 562, ""V"": 3046, ""F"": 396}",11,168.32143688201904,"[[11554, 18, 413, 15], [85, 83, 211, 3], [131, 25, 582, 4], [6, 0, 6, 6]]",0.5388116965274659,0.2938206093803491,0.2608695652173913,0.2901252548791145,0.9719044414535666,0.326771653543307,0.5957011258955988,0.2608695652173913,0.6587301587301587,0.2142857142857142,0.2172774869109947,0.3333333333333333
STFT_2D,BILSTM2D_T7_BOTH,FOCAL_A050_G3,focal,"{""alpha_power"": 0.5, ""config_id"": ""FOCAL_A050_G3"", ""family"": ""focal"", ""gamma"": 3.0, ""kind"": ""focal""}",5001,318885,37862,"{""N"": 33858, ""S"": 562, ""V"": 3046, ""F"": 396}",6,128.16789770126343,"[[9838, 16, 2140, 6], [98, 79, 205, 0], [139, 34, 567, 2], [14, 0, 1, 3]]",0.4292785570371771,0.2580471016937715,0.2068965517241379,0.2479079497907949,0.8907601068405089,0.309197651663405,0.3102599179206566,0.2068965517241379,0.6124031007751938,0.2727272727272727,0.206806282722513,0.1666666666666666
RAW_1D,BILSTM1D_T24_BOTH,SAMPLER_P050,sampler,"{""config_id"": ""SAMPLER_P050"", ""family"": ""sampler"", ""kind"": ""sampler"", ""sampler_power"": 0.5}",5000,328228,37862,"{""N"": 33858, ""S"": 562, ""V"": 3046, ""F"": 396}",13,203.76538705825809,"[[10244, 51, 1403, 302], [169, 59, 154, 0], [46, 42, 641, 13], [2, 0, 5, 11]]",0.4081000539869087,0.1424636355718143,0.063953488372093,0.0991975544516622,0.9121588531231912,0.2209737827715356,0.4353140916808149,0.063953488372093,0.3881578947368421,0.0337423312883435,0.1544502617801047,0.6111111111111112
RAW_1D,BILSTM1D_T24_BOTH,SAMPLER_P050,sampler,"{""config_id"": ""SAMPLER_P050"", ""family"": ""sampler"", ""kind"": ""sampler"", ""sampler_power"": 0.5}",5001,328228,37862,"{""N"": 33858, ""S"": 562, ""V"": 3046, ""F"": 396}",5,133.52478528022766,"[[10826, 15, 1154, 5], [241, 56, 85, 0], [123, 41, 572, 6], [6, 0, 6, 6]]",0.4875160547099594,0.2847888953152111,0.2267206477732793,0.272948822095857,0.9334367994481808,0.2267206477732793,0.4470496287612348,0.3428571428571428,0.5,0.3529411764705882,0.1465968586387434,0.3333333333333333
STFT_2D,BILSTM2D_T7_BOTH,SAMPLER_P050,sampler,"{""config_id"": ""SAMPLER_P050"", ""family"": ""sampler"", ""kind"": ""sampler"", ""sampler_power"": 0.5}",5000,318885,37862,"{""N"": 33858, ""S"": 562, ""V"": 3046, ""F"": 396}",1,87.88321304321289,"[[10312, 6, 1676, 6], [93, 91, 197, 1], [168, 18, 556, 0], [16, 0, 0, 2]]",0.4445085270618117,0.2571726656233698,0.1481481481481481,0.2109533468559837,0.9130107574483156,0.3661971830985915,0.3506780195521917,0.1481481481481481,0.7913043478260869,0.2222222222222222,0.2382198952879581,0.1111111111111111
STFT_2D,BILSTM2D_T7_BOTH,SAMPLER_P050,sampler,"{""config_id"": ""SAMPLER_P050"", ""family"": ""sampler"", ""kind"": ""sampler"", ""sampler_power"": 0.5}",5001,318885,37862,"{""N"": 33858, ""S"": 562, ""V"": 3046, ""F"": 396}",2,95.58421111106873,"[[11536, 16, 442, 6], [81, 117, 184, 0], [132, 59, 544, 7], [7, 0, 7, 4]]",0.5436015417758958,0.3181184668989547,0.2285714285714285,0.2929119073697387,0.9712072739518436,0.4076655052264808,0.5669619593538301,0.2285714285714285,0.609375,0.2352941176470588,0.306282722513089,0.2222222222222222
RAW_1D,BILSTM1D_T24_BOTH,SAMPLER_P075,sampler,"{""config_id"": ""SAMPLER_P075"", ""family"": ""sampler"", ""kind"": ""sampler"", ""sampler_power"": 0.75}",5000,328228,37862,"{""N"": 33858, ""S"": 562, ""V"": 3046, ""F"": 396}",2,106.08587431907654,"[[10128, 64, 1429, 379], [110, 76, 196, 0], [23, 26, 651, 42], [4, 0, 5, 9]]",0.4145043779002164,0.158775417101147,0.0401785714285714,0.0701898409440738,0.9097686952616214,0.2773722627737226,0.43069798213695,0.0401785714285714,0.4578313253012048,0.0209302325581395,0.1989528795811518,0.5
RAW_1D,BILSTM1D_T24_BOTH,SAMPLER_P075,sampler,"{""config_id"": ""SAMPLER_P075"", ""family"": ""sampler"", ""kind"": ""sampler"", ""sampler_power"": 0.75}",5001,328228,37862,"{""N"": 33858, ""S"": 562, ""V"": 3046, ""F"": 396}",1,97.47335195541382,"[[10145, 11, 357, 1487], [149, 59, 167, 7], [91, 20, 587, 44], [3, 0, 5, 10]]",0.4502306732393495,0.1313856960408684,0.0127713920817369,0.0243013365735115,0.906289083437556,0.25,0.6318622174381054,0.0127713920817369,0.6555555555555556,0.0064599483204134,0.1544502617801047,0.5555555555555556
STFT_2D,BILSTM2D_T7_BOTH,SAMPLER_P075,sampler,"{""config_id"": ""SAMPLER_P075"", ""family"": ""sampler"", ""kind"": ""sampler"", ""sampler_power"": 0.75}",5000,318885,37862,"{""N"": 33858, ""S"": 562, ""V"": 3046, ""F"": 396}",9,152.71353149414062,"[[11117, 17, 775, 91], [71, 94, 217, 0], [140, 39, 555, 8], [9, 0, 3, 6]]",0.4719934066506092,0.2254722171281863,0.0975609756097561,0.1529076860512403,0.9527359986287868,0.3533834586466165,0.4842931937172774,0.0975609756097561,0.6266666666666667,0.0571428571428571,0.2460732984293193,0.3333333333333333
STFT_2D,BILSTM2D_T7_BOTH,SAMPLER_P075,sampler,"{""config_id"": ""SAMPLER_P075"", ""family"": ""sampler"", ""kind"": ""sampler"", ""sampler_power"": 0.75}",5001,318885,37862,"{""N"": 33858, ""S"": 562, ""V"": 3046, ""F"": 396}",3,103.97337913513184,"[[9765, 14, 1968, 253], [73, 112, 197, 0], [177, 50, 504, 11], [8, 1, 3, 6]]",0.4061093066697044,0.2211911150864639,0.0416666666666666,0.0754844144903117,0.886800163465468,0.4007155635062612,0.2952548330404217,0.0416666666666666,0.632768361581921,0.0222222222222222,0.2931937172774869,0.3333333333333333
RAW_1D,BILSTM1D_T24_BOTH,SAMPLER_P100,sampler,"{""config_id"": ""SAMPLER_P100"", ""family"": ""sampler"", ""kind"": ""sampler"", ""sampler_power"": 1.0}",5000,328228,37862,"{""N"": 33858, ""S"": 562, ""V"": 3046, ""F"": 396}",1,97.33306789398192,"[[9179, 480, 1311, 1030], [183, 78, 116, 5], [50, 30, 587, 75], [3, 0, 5, 10]]",0.365214320999099,0.0891997173554617,0.0175746924428822,0.0316867078323041,0.8572495914078917,0.1608247422680412,0.4252082578775806,0.0175746924428822,0.1326530612244898,0.0089285714285714,0.2041884816753926,0.5555555555555556
RAW_1D,BILSTM1D_T24_BOTH,SAMPLER_P100,sampler,"{""config_id"": ""SAMPLER_P100"", ""family"": ""sampler"", ""kind"": ""sampler"", ""sampler_power"": 1.0}",5001,328228,37862,"{""N"": 33858, ""S"": 562, ""V"": 3046, ""F"": 396}",25,309.87069034576416,"[[10080, 29, 1289, 602], [81, 77, 222, 2], [39, 35, 599, 69], [4, 0, 5, 9]]",0.4118587082965214,0.1600846763179459,0.0257142857142857,0.0472981043220093,0.9079445145018916,0.2944550669216061,0.4193209660483024,0.0257142857142857,0.5460992907801419,0.0131964809384164,0.2015706806282722,0.5
STFT_2D,BILSTM2D_T7_BOTH,SAMPLER_P100,sampler,"{""config_id"": ""SAMPLER_P100"", ""family"": ""sampler"", ""kind"": ""sampler"", ""sampler_power"": 1.0}",5000,318885,37862,"{""N"": 33858, ""S"": 562, ""V"": 3046, ""F"": 396}",2,95.95974087715148,"[[11204, 19, 666, 111], [68, 137, 176, 1], [138, 164, 421, 19], [8, 1, 3, 6]]",0.4608427565980435,0.2335887670352865,0.0774193548387096,0.1291792715986327,0.9568707831582544,0.3897581792318634,0.4193227091633466,0.0774193548387096,0.4267912772585669,0.0437956204379562,0.3586387434554974,0.3333333333333333
STFT_2D,BILSTM2D_T7_BOTH,SAMPLER_P100,sampler,"{""config_id"": ""SAMPLER_P100"", ""family"": ""sampler"", ""kind"": ""sampler"", ""sampler_power"": 1.0}",5001,318885,37862,"{""N"": 33858, ""S"": 562, ""V"": 3046, ""F"": 396}",8,143.5812213420868,"[[9313, 13, 2558, 116], [43, 131, 208, 0], [127, 47, 563, 5], [9, 0, 5, 4]]",0.4140214801560478,0.2565933194205446,0.0559440559440559,0.0996908442330558,0.8666480550902661,0.4572425828970332,0.2762512266928361,0.0559440559440559,0.6858638743455497,0.032,0.3429319371727748,0.2222222222222222
RAW_1D,BILSTM1D_T24_BOTH,SMOTE_X3,smote,"{""config_id"": ""SMOTE_X3"", ""family"": ""smote"", ""kind"": ""smote"", ""smote_factor"": 3}",5000,328228,39778,"{""N"": 33858, ""S"": 1686, ""V"": 3046, ""F"": 1188}",20,276.3791997432709,"[[11798, 75, 47, 80], [259, 44, 78, 1], [80, 25, 549, 88], [9, 0, 2, 7]]",0.4977543177756351,0.1197326643408725,0.0721649484536082,0.1008348338516942,0.9772219001076784,0.1673003802281368,0.7743300423131171,0.0721649484536082,0.3055555555555556,0.0397727272727272,0.1151832460732984,0.3888888888888889
RAW_1D,BILSTM1D_T24_BOTH,SMOTE_X3,smote,"{""config_id"": ""SMOTE_X3"", ""family"": ""smote"", ""kind"": ""smote"", ""smote_factor"": 3}",5001,328228,39778,"{""N"": 33858, ""S"": 1686, ""V"": 3046, ""F"": 1188}",10,184.54076886177063,"[[11695, 30, 259, 16], [245, 61, 75, 1], [139, 29, 568, 6], [11, 0, 3, 4]]",0.520371721295133,0.2104028331119964,0.1777777777777777,0.20534399326741,0.970942299709423,0.2430278884462151,0.689738919247116,0.1777777777777777,0.5083333333333333,0.1481481481481481,0.1596858638743455,0.2222222222222222
STFT_2D,BILSTM2D_T7_BOTH,SMOTE_X3,smote,"{""config_id"": ""SMOTE_X3"", ""family"": ""smote"", ""kind"": ""smote"", ""smote_factor"": 3}",5000,318885,39778,"{""N"": 33858, ""S"": 1686, ""V"": 3046, ""F"": 1188}",9,157.29021072387695,"[[10534, 15, 1439, 12], [58, 104, 220, 0], [161, 74, 504, 3], [12, 0, 3, 3]]",0.4501228817030345,0.2642028985507246,0.1666666666666666,0.2281952825013713,0.9254557434658468,0.3617391304347826,0.3466299862448418,0.1666666666666666,0.538860103626943,0.1666666666666666,0.2722513089005235,0.1666666666666666
STFT_2D,BILSTM2D_T7_BOTH,SMOTE_X3,smote,"{""config_id"": ""SMOTE_X3"", ""family"": ""smote"", ""kind"": ""smote"", ""smote_factor"": 3}",5001,318885,39778,"{""N"": 33858, ""S"": 1686, ""V"": 3046, ""F"": 1188}",14,198.5996823310852,"[[10653, 12, 1317, 18], [65, 103, 214, 0], [145, 41, 544, 12], [9, 0, 5, 4]]",0.463454988742728,0.268372891049471,0.1538461538461538,0.219499200852424,0.9315320041972718,0.3828996282527881,0.3855421686746988,0.1538461538461538,0.6602564102564102,0.1176470588235294,0.2696335078534031,0.2222222222222222
RAW_1D,BILSTM1D_T24_BOTH,SMOTE_X5,smote,"{""config_id"": ""SMOTE_X5"", ""family"": ""smote"", ""kind"": ""smote"", ""smote_factor"": 5}",5000,328228,41694,"{""N"": 33858, ""S"": 2810, ""V"": 3046, ""F"": 1980}",7,163.71468830108645,"[[10993, 19, 875, 113], [255, 44, 82, 1], [117, 27, 572, 26], [7, 0, 6, 5]]",0.4227260253976849,0.1238951856088177,0.0613496932515337,0.0923206042803189,0.9406982714359062,0.1864406779661017,0.5024154589371981,0.0613496932515337,0.4888888888888889,0.0344827586206896,0.1151832460732984,0.2777777777777778
RAW_1D,BILSTM1D_T24_BOTH,SMOTE_X5,smote,"{""config_id"": ""SMOTE_X5"", ""family"": ""smote"", ""kind"": ""smote"", ""smote_factor"": 5}",5001,328228,41694,"{""N"": 33858, ""S"": 2810, ""V"": 3046, ""F"": 1980}",2,115.71800565719604,"[[10551, 11, 1347, 91], [287, 73, 19, 3], [125, 30, 577, 10], [10, 0, 5, 3]]",0.4224769219103995,0.1711774193548387,0.048,0.0825402807877132,0.9185565664040396,0.2943548387096774,0.428996282527881,0.048,0.6403508771929824,0.02803738317757,0.1910994764397905,0.1666666666666666
STFT_2D,BILSTM2D_T7_BOTH,SMOTE_X5,smote,"{""config_id"": ""SMOTE_X5"", ""family"": ""smote"", ""kind"": ""smote"", ""smote_factor"": 5}",5000,318885,41694,"{""N"": 33858, ""S"": 2810, ""V"": 3046, ""F"": 1980}",3,112.00293064117432,"[[10179, 22, 1791, 8], [89, 90, 203, 0], [152, 149, 440, 1], [10, 0, 5, 3]]",0.4160510187668582,0.2399688958009331,0.2,0.2333117303953337,0.9076237182345074,0.2799377916018662,0.2766425652310594,0.2,0.3448275862068966,0.25,0.2356020942408377,0.1666666666666666
STFT_2D,BILSTM2D_T7_BOTH,SMOTE_X5,smote,"{""config_id"": ""SMOTE_X5"", ""family"": ""smote"", ""kind"": ""smote"", ""smote_factor"": 5}",5001,318885,41694,"{""N"": 33858, ""S"": 2810, ""V"": 3046, ""F"": 1980}",7,146.43160772323608,"[[11444, 11, 521, 24], [103, 88, 191, 0], [163, 28, 548, 3], [9, 1, 3, 5]]",0.5141740629573801,0.2725490196078431,0.2,0.2532374100719424,0.9649647961549812,0.3450980392156862,0.5466334164588529,0.2,0.6875,0.15625,0.2303664921465968,0.2777777777777778
RAW_1D,BILSTM1D_T24_BOTH,WGAN_GP_X3,wgan_gp,"{""config_id"": ""WGAN_GP_X3"", ""family"": ""wgan_gp"", ""kind"": ""wgan_gp"", ""wgan_factor"": 3}",5000,328228,39778,"{""N"": 33858, ""S"": 1686, ""V"": 3046, ""F"": 1188}",14,231.59232449531555,"[[11706, 13, 246, 35], [278, 83, 20, 1], [188, 78, 475, 1], [13, 0, 2, 3]]",0.5024445266948375,0.2010047134706028,0.10344827586206896,0.15365627892625733,0.9680380401075046,0.29856115107913667,0.6397306397306397,0.10344827586206896,0.47701149425287354,0.075,0.21727748691099477,0.16666666666666666
RAW_1D,BILSTM1D_T24_BOTH,WGAN_GP_X3,wgan_gp,"{""config_id"": ""WGAN_GP_X3"", ""family"": ""wgan_gp"", ""kind"": ""wgan_gp"", ""wgan_factor"": 3}",5001,328228,39778,"{""N"": 33858, ""S"": 1686, ""V"": 3046, ""F"": 1188}",6,154.1531195640564,"[[11919, 12, 24, 45], [294, 80, 7, 1], [96, 26, 614, 6], [9, 0, 3, 6]]",0.5854023772294643,0.23894736842105263,0.15789473684210525,0.21145374449339208,0.9802615346656798,0.32,0.883453237410072,0.15789473684210525,0.6779661016949152,0.10344827586206896,0.2094240837696335,0.3333333333333333
STFT_2D,BILSTM2D_T7_BOTH,WGAN_GP_X3,wgan_gp,"{""config_id"": ""WGAN_GP_X3"", ""family"": ""wgan_gp"", ""kind"": ""wgan_gp"", ""wgan_factor"": 3}",5000,318885,39778,"{""N"": 33858, ""S"": 1686, ""V"": 3046, ""F"": 1188}",11,185.86970710754395,"[[10080, 7, 1909, 4], [105, 86, 191, 0], [170, 19, 545, 8], [14, 1, 1, 2]]",0.42386143503124085,0.23623737373737375,0.125,0.18385889898450028,0.901247261835576,0.3474747474747475,0.3217237308146399,0.125,0.7610619469026548,0.14285714285714285,0.225130890052356,0.1111111111111111
STFT_2D,BILSTM2D_T7_BOTH,WGAN_GP_X3,wgan_gp,"{""config_id"": ""WGAN_GP_X3"", ""family"": ""wgan_gp"", ""kind"": ""wgan_gp"", ""wgan_factor"": 3}",5001,318885,39778,"{""N"": 33858, ""S"": 1686, ""V"": 3046, ""F"": 1188}",13,204.81328678131104,"[[10635, 6, 1340, 19], [133, 61, 188, 0], [166, 18, 555, 3], [7, 0, 6, 5]]",0.4506781929898068,0.24173209612181773,0.2222222222222222,0.24015748031496062,0.9271609781613704,0.26124197002141325,0.3920876015542211,0.2222222222222222,0.7176470588235294,0.18518518518518517,0.15968586387434555,0.2777777777777778
RAW_1D,BILSTM1D_T24_BOTH,WGAN_GP_X5,wgan_gp,"{""config_id"": ""WGAN_GP_X5"", ""family"": ""wgan_gp"", ""kind"": ""wgan_gp"", ""wgan_factor"": 5}",5000,328228,41694,"{""N"": 33858, ""S"": 2810, ""V"": 3046, ""F"": 1980}",8,180.91255497932434,"[[11939, 5, 20, 36], [271, 52, 55, 4], [290, 36, 403, 13], [12, 0, 1, 5]]",0.4961940233494016,0.17526315789473684,0.13157894736842105,0.16437490121700649,0.9741351174934726,0.21894736842105264,0.6601146601146601,0.13157894736842105,0.5591397849462365,0.08620689655172414,0.13612565445026178,0.2777777777777778
RAW_1D,BILSTM1D_T24_BOTH,WGAN_GP_X5,wgan_gp,"{""config_id"": ""WGAN_GP_X5"", ""family"": ""wgan_gp"", ""kind"": ""wgan_gp"", ""wgan_factor"": 5}",5001,328228,41694,"{""N"": 33858, ""S"": 2810, ""V"": 3046, ""F"": 1980}",2,120.63971495628357,"[[11704, 0, 34, 262], [316, 14, 50, 2], [256, 1, 476, 9], [10, 0, 3, 5]]",0.44941553772356235,0.052156375519095924,0.033783783783783786,0.04568445097079459,0.9638474841472453,0.07052896725440806,0.7295019157088123,0.033783783783783786,0.9333333333333333,0.017985611510791366,0.03664921465968586,0.2777777777777778
STFT_2D,BILSTM2D_T7_BOTH,WGAN_GP_X5,wgan_gp,"{""config_id"": ""WGAN_GP_X5"", ""family"": ""wgan_gp"", ""kind"": ""wgan_gp"", ""wgan_factor"": 5}",5000,318885,41694,"{""N"": 33858, ""S"": 2810, ""V"": 3046, ""F"": 1980}",8,163.55858206748962,"[[10609, 5, 1383, 3], [98, 98, 186, 0], [183, 62, 494, 3], [13, 1, 1, 3]]",0.4646044862800738,0.2899432278994323,0.2222222222222222,0.2741258741258741,0.9264288521154433,0.35766423357664234,0.35210263720598717,0.2222222222222222,0.5903614457831325,0.3333333333333333,0.25654450261780104,0.16666666666666666
STFT_2D,BILSTM2D_T7_BOTH,WGAN_GP_X5,wgan_gp,"{""config_id"": ""WGAN_GP_X5"", ""family"": ""wgan_gp"", ""kind"": ""wgan_gp"", ""wgan_factor"": 5}",5001,318885,41694,"{""N"": 33858, ""S"": 2810, ""V"": 3046, ""F"": 1980}",19,264.242506980896,"[[9956, 10, 2029, 5], [116, 58, 208, 0], [196, 27, 518, 1], [9, 1, 4, 4]]",0.4295360638156793,0.26419605499103405,0.24267782426778242,0.26244343891402716,0.8938366925528572,0.24267782426778242,0.29591545272779207,0.2857142857142857,0.6041666666666666,0.4,0.1518324607329843,0.2222222222222222
