class,sample_index,t_000,t_001,t_002,t_003,t_004,t_005,t_006,t_007,t_008,t_009,t_010,t_011,t_012,t_013,t_014,t_015,t_016,t_017,t_018,t_019,t_020,t_021,t_022,t_023,t_024,t_025,t_026,t_027,t_028,t_029,t_030,t_031,t_032,t_033,t_034,t_035,t_036,t_037,t_038,t_039,t_040,t_041,t_042,t_043,t_044,t_045,t_046,t_047,t_048,t_049,t_050,t_051,t_052,t_053,t_054,t_055,t_056,t_057,t_058,t_059,t_060,t_061,t_062,t_063,t_064,t_065,t_066,t_067,t_068,t_069,t_070,t_071,t_072,t_073,t_074,t_075,t_076,t_077,t_078,t_079,t_080,t_081,t_082,t_083,t_084,t_085,t_086,t_087,t_088,t_089,t_090,t_091,t_092,t_093,t_094,t_095,t_096,t_097,t_098,t_099,t_100,t_101,t_102,t_103,t_104,t_105,t_106,t_107,t_108,t_109,t_110,t_111,t_112,t_113,t_114,t_115,t_116,t_117,t_118,t_119,t_120,t_121,t_122,t_123,t_124,t_125,t_126,t_127,t_128,t_129,t_130,t_131,t_132,t_133,t_134,t_135,t_136,t_137,t_138,t_139,t_140,t_141,t_142,t_143,t_144,t_145,t_146,t_147,t_148,t_149,t_150,t_151,t_152,t_153,t_154,t_155,t_156,t_157,t_158,t_159,t_160,t_161,t_162,t_163,t_164,t_165,t_166,t_167,t_168,t_169,t_170,t_171,t_172,t_173,t_174
S,0,-0.12925755977630615,-0.11792407184839249,-0.13270291686058044,-0.24549652636051178,-0.15851722657680511,-0.18484143912792206,-0.2331080138683319,-0.26040253043174744,-0.23136572539806366,-0.18010307848453522,-0.177067831158638,-0.24449075758457184,-0.21384552121162415,-0.27262070775032043,-0.303378164768219,-0.36417531967163086,-0.25993654131889343,-0.35762152075767517,-0.39801591634750366,-0.49045196175575256,-0.40463340282440186,-0.4612872302532196,-0.47148528695106506,-0.5608410835266113,-0.4754470884799957,-0.5028133988380432,-0.4811162054538727,-0.5375605821609497,-0.44782158732414246,-0.4434557259082794,-0.506809413433075,-0.49436837434768677,-0.48351597785949707,-0.4906972646713257,-0.43781784176826477,-0.5072312355041504,-0.45945626497268677,-0.41568323969841003,-0.39380380511283875,-0.45097091794013977,-0.3892305791378021,-0.3880211114883423,-0.42920082807540894,-0.48885589838027954,-0.3859960436820984,-0.44740501046180725,-0.4610460102558136,-0.508045494556427,-0.3930521011352539,-0.34067124128341675,-0.32629480957984924,-0.3741167485713959,-0.34210726618766785,-0.40121161937713623,-0.47390317916870117,-0.5711451172828674,-0.5727606415748596,-0.5017521381378174,-0.4574933648109436,-0.22613933682441711,0.4582802653312683,1.1552269458770752,1.9162544012069702,3.025106430053711,4.142276763916016,4.769342422485352,4.82370138168335,4.7473578453063965,3.99868106842041,2.336907148361206,0.5581563115119934,-1.103986144065857,-1.9969979524612427,-2.226975202560425,-2.1128551959991455,-1.454197883605957,-1.0050630569458008,-0.6637069582939148,-0.47321775555610657,-0.4239329695701599,-0.4136238396167755,-0.5159526467323303,-0.5555156469345093,-0.5102447271347046,-0.5015310645103455,-0.49033495783805847,-0.4604019224643707,-0.48202604055404663,-0.46615567803382874,-0.380235493183136,-0.4692889153957367,-0.465869277715683,-0.3581301271915436,-0.4223540425300598,-0.3891444802284241,-0.41450971364974976,-0.36316633224487305,-0.3538415729999542,-0.37075093388557434,-0.3295864164829254,-0.23521748185157776,-0.19853952527046204,-0.2077842354774475,-0.2396596074104309,-0.1988561749458313,-0.20539674162864685,-0.16655884683132172,-0.186403289437294,-0.050361935049295425,-0.07189802825450897,-0.047968100756406784,-0.13330407440662384,-0.041873201727867126,-0.02391246147453785,-0.005904856137931347,0.01503639668226242,0.11040233075618744,0.1737266629934311,0.20887024700641632,0.21768756210803986,0.41039350628852844,0.42984938621520996,0.44561460614204407,0.4315648674964905,0.6160897016525269,0.6549518704414368,0.7094641327857971,0.7196581363677979,0.8631505370140076,0.8066562414169312,0.8114880919456482,0.7843828797340393,0.9100550413131714,0.8900562524795532,0.8843225836753845,0.8309593200683594,0.9037470817565918,0.837878406047821,0.8728591799736023,0.7652702331542969,0.8564378619194031,0.8284558057785034,0.7682691216468811,0.7026100158691406,0.7187076807022095,0.6100051999092102,0.5112648010253906,0.39194372296333313,0.5040676593780518,0.43325528502464294,0.3424129784107208,0.24067802727222443,0.19517888128757477,0.09626931697130203,0.004265032708644867,-0.10471289604902267,-0.15331698954105377,-0.24473486840724945,-0.30427321791648865,-0.38095900416374207,-0.3525591790676117,-0.43523576855659485,-0.49468380212783813,-0.6262943148612976,-0.5295325517654419,-0.5204713344573975,-0.5915765166282654,-0.6306543946266174,-0.5431296825408936,-0.5614872574806213,-0.6069133281707764,-0.616662859916687,-0.536450207233429,-0.558760404586792,-0.5990151166915894
S,1,0.20663541555404663,0.3986605703830719,0.4183478355407715,0.34947699308395386,0.4967012107372284,0.45833683013916016,0.42322468757629395,0.34236446022987366,0.424115926027298,0.3269674479961395,0.27508845925331116,0.13152243196964264,0.1566266417503357,0.05287288501858711,0.021791400387883186,-0.04105331376194954,0.050659213215112686,-0.03134407103061676,-0.08082655817270279,-0.1876811385154724,-0.18427534401416779,-0.30381205677986145,-0.36648815870285034,-0.4096022844314575,-0.36293134093284607,-0.4085696041584015,-0.42218372225761414,-0.44933760166168213,-0.3515400290489197,-0.40240415930747986,-0.4076845645904541,-0.4832845628261566,-0.3875579237937927,-0.42324039340019226,-0.4020015001296997,-0.39362213015556335,-0.36637845635414124,-0.35474303364753723,-0.366928368806839,-0.4197864532470703,-0.3587682843208313,-0.3866707682609558,-0.4595111012458801,-0.5270072221755981,-0.37757784128189087,-0.41407933831214905,-0.318826287984848,-0.3123803734779358,-0.22475683689117432,-0.19564218819141388,-0.17971941828727722,-0.22498027980327606,-0.29149147868156433,-0.345030277967453,-0.49028220772743225,-0.6370453238487244,-0.7636309862136841,-0.7539408206939697,-0.5889078974723816,-0.1932399570941925,0.4247317910194397,1.2850391864776611,2.245932102203369,3.3953709602355957,4.443723201751709,5.073978424072266,5.122525215148926,4.970357418060303,3.993939161300659,2.143275260925293,0.6666768193244934,-1.0634931325912476,-2.0188241004943848,-2.2222321033477783,-2.237382650375366,-1.8573139905929565,-1.2453089952468872,-0.8324898481369019,-0.5634656548500061,-0.3842487335205078,-0.2312590330839157,-0.3505062162876129,-0.34810954332351685,-0.3371327519416809,-0.34706011414527893,-0.41554996371269226,-0.38674116134643555,-0.3059951364994049,-0.224595308303833,-0.345398485660553,-0.37705284357070923,-0.3281380832195282,-0.26080846786499023,-0.3168683350086212,-0.30229872465133667,-0.3746902644634247,-0.34596559405326843,-0.35464826226234436,-0.32377153635025024,-0.37921810150146484,-0.33235952258110046,-0.26948750019073486,-0.29558664560317993,-0.3517656624317169,-0.2361801713705063,-0.25741690397262573,-0.21569742262363434,-0.310278981924057,-0.14347420632839203,-0.17374947667121887,-0.21920430660247803,-0.28855493664741516,-0.2436830699443817,-0.23415333032608032,-0.19799304008483887,-0.20191603899002075,-0.04698218032717705,-0.07861172407865524,-0.12301898747682571,-0.08724333345890045,0.00514298677444458,-0.012109082192182541,-0.0469762422144413,-0.09926322102546692,-0.038683272898197174,-0.023088769987225533,-0.007342440541833639,0.02806255780160427,0.14152921736240387,0.20988582074642181,0.22996149957180023,0.2386297732591629,0.36558979749679565,0.36156147718429565,0.30991923809051514,0.2115006297826767,0.34215831756591797,0.43033215403556824,0.4258360266685486,0.4491584897041321,0.5276705026626587,0.509864330291748,0.47855696082115173,0.4746074676513672,0.6038039922714233,0.482413649559021,0.4020406901836395,0.35720500349998474,0.3721446394920349,0.2722109258174896,0.17117543518543243,0.020192241296172142,0.06025606021285057,-0.04715702682733536,-0.12296783179044724,-0.259390264749527,-0.16217859089374542,-0.21108782291412354,-0.22307249903678894,-0.38168367743492126,-0.281402587890625,-0.2972177565097809,-0.2931598722934723,-0.45998427271842957,-0.4089563190937042,-0.3761152923107147,-0.3761208653450012,-0.41017428040504456,-0.31706124544143677,-0.39769384264945984,-0.4220503866672516,-0.4336149990558624,-0.4495251476764679,-0.44316935539245605,-0.3404151201248169
S,2,0.37721437215805054,0.5289815068244934,0.45687851309776306,0.28788602352142334,0.33703142404556274,0.24585376679897308,0.20480237901210785,0.053918298333883286,0.07464302331209183,0.039657410234212875,-0.01578662544488907,-0.1033351942896843,-0.09509564936161041,-0.1488061100244522,-0.1448991596698761,-0.18231205642223358,-0.2234904021024704,-0.30463552474975586,-0.41259968280792236,-0.4965883493423462,-0.34016793966293335,-0.38421231508255005,-0.40508243441581726,-0.4085853099822998,-0.32158583402633667,-0.38619592785835266,-0.37808936834335327,-0.44353970885276794,-0.3459642231464386,-0.3826594650745392,-0.4099683165550232,-0.5100293755531311,-0.4196895658969879,-0.4004294276237488,-0.44927313923835754,-0.45310086011886597,-0.3979455530643463,-0.42435333132743835,-0.4539998173713684,-0.46790897846221924,-0.3764379024505615,-0.34301409125328064,-0.337482750415802,-0.4440150856971741,-0.3750123083591461,-0.43738794326782227,-0.4646718502044678,-0.4210929572582245,-0.2991027235984802,-0.3904056251049042,-0.40585118532180786,-0.39833784103393555,-0.278364360332489,-0.3586740791797638,-0.3951124846935272,-0.44844600558280945,-0.3643125593662262,-0.3193073272705078,-0.09863194078207016,0.3795085549354553,1.1525397300720215,2.031383752822876,3.099776029586792,3.8785533905029297,4.590899467468262,4.949474811553955,4.965322017669678,4.783740043640137,3.4363791942596436,1.9309972524642944,0.04095834493637085,-1.225976824760437,-1.851439356803894,-2.1980783939361572,-2.040311813354492,-1.2828128337860107,-0.7984650135040283,-0.42007794976234436,-0.36258214712142944,-0.3609391450881958,-0.31490272283554077,-0.46630579233169556,-0.48971980810165405,-0.5337080955505371,-0.4948633909225464,-0.4490410089492798,-0.48043516278266907,-0.559406042098999,-0.43631014227867126,-0.33582642674446106,-0.2923603355884552,-0.3487170338630676,-0.3366814851760864,-0.3726295530796051,-0.41566014289855957,-0.45594871044158936,-0.4023878872394562,-0.4216671288013458,-0.41816720366477966,-0.5345503091812134,-0.47256919741630554,-0.4332452416419983,-0.4501107335090637,-0.4602152109146118,-0.38688695430755615,-0.28283408284187317,-0.2489556223154068,-0.25747913122177124,-0.24828465282917023,-0.21997050940990448,-0.20653879642486572,-0.1902812421321869,-0.10203871876001358,-0.054722223430871964,-0.07196487486362457,-0.10558343678712845,-0.05684613436460495,-0.06751419603824615,-0.02499220333993435,-0.04207318276166916,0.0785311907529831,0.09173426777124405,0.0865236297249794,0.09740028530359268,0.28532615303993225,0.3128087520599365,0.3787265121936798,0.43654417991638184,0.5024533867835999,0.50421541929245,0.4541139602661133,0.4333077371120453,0.5374173521995544,0.4649917781352997,0.4735671579837799,0.4449807405471802,0.5199217796325684,0.5170899629592896,0.5177514553070068,0.5287455320358276,0.4589725136756897,0.42608192563056946,0.322372168302536,0.2745169997215271,0.22697681188583374,0.2558259665966034,0.15087419748306274,0.1423628330230713,0.1368905007839203,0.03037913329899311,-0.04217078164219856,-0.13071489334106445,-0.11258213967084885,-0.10958443582057953,-0.20221684873104095,-0.2707480490207672,-0.19214098155498505,-0.26170533895492554,-0.278125524520874,-0.3068261444568634,-0.19174423813819885,-0.21692274510860443,-0.24474838376045227,-0.3006759583950043,-0.32495221495628357,-0.3772430121898651,-0.3664475381374359,-0.43632742762565613,-0.32288312911987305,-0.3603462874889374,-0.37881651520729065,-0.4644734263420105,-0.5012989640235901,-0.4122616648674011,-0.38277724385261536
S,3,-0.05999957397580147,-0.1689850091934204,-0.15057829022407532,-0.19674696028232574,-0.2674627900123596,-0.20659781992435455,-0.3346424400806427,-0.33417823910713196,-0.2968279719352722,-0.2675446569919586,-0.3932921886444092,-0.4756258428096771,-0.4399290382862091,-0.4818863868713379,-0.550635814666748,-0.4657984972000122,-0.4802405834197998,-0.49680811166763306,-0.5875552892684937,-0.6455075740814209,-0.6833341717720032,-0.6565418243408203,-0.7448980212211609,-0.5987538695335388,-0.5515344738960266,-0.48647424578666687,-0.463265597820282,-0.49552425742149353,-0.40269994735717773,-0.4609067142009735,-0.4721203148365021,-0.4059445559978485,-0.32641905546188354,-0.37835925817489624,-0.461092472076416,-0.5835633873939514,-0.5165014863014221,-0.5210923552513123,-0.5519185662269592,-0.5955566763877869,-0.5112082362174988,-0.4488576352596283,-0.41879308223724365,-0.46771445870399475,-0.4718420207500458,-0.502144455909729,-0.5618709921836853,-0.5938949584960938,-0.5010889172554016,-0.5060605406761169,-0.5097507834434509,-0.41422954201698303,-0.27584758400917053,-0.18331290781497955,-0.021545052528381348,0.1511753499507904,0.5957440137863159,0.6946686506271362,1.1949751377105713,1.6649471521377563,2.3395724296569824,2.8017516136169434,3.360142707824707,3.8901305198669434,4.424917221069336,4.637768745422363,4.581958770751953,4.085114002227783,3.530641794204712,2.7945308685302734,2.199153184890747,1.55928635597229,1.1311359405517578,0.7655386328697205,0.22708706557750702,-0.06577073782682419,-0.20809979736804962,-0.33321452140808105,-0.4159172773361206,-0.4426039755344391,-0.4399144649505615,-0.42010298371315,-0.39880695939064026,-0.30807390809059143,-0.26768261194229126,-0.287604421377182,-0.32911351323127747,-0.34287670254707336,-0.31552985310554504,-0.39809486269950867,-0.4636988937854767,-0.49081090092658997,-0.4512214958667755,-0.5080609321594238,-0.5694763660430908,-0.5201597213745117,-0.41112858057022095,-0.4479221701622009,-0.4436211884021759,-0.4957283139228821,-0.41397061944007874,-0.42053499817848206,-0.4130207896232605,-0.4884634017944336,-0.43167752027511597,-0.39868947863578796,-0.42460110783576965,-0.4170902967453003,-0.3688322901725769,-0.41283974051475525,-0.4232402741909027,-0.3424912393093109,-0.3401293158531189,-0.31851449608802795,-0.3565033972263336,-0.5029971599578857,-0.4847894012928009,-0.4187161326408386,-0.48931220173835754,-0.4879281222820282,-0.4192310571670532,-0.440083771944046,-0.3910576403141022,-0.49271735548973083,-0.4153715670108795,-0.4334830939769745,-0.426251083612442,-0.4076051414012909,-0.26141300797462463,-0.3375095725059509,-0.3443439304828644,-0.3549198508262634,-0.15240459144115448,-0.268848180770874,-0.2616383731365204,-0.2416049987077713,-0.14342139661312103,-0.0970044657588005,-0.07555723935365677,-0.03390597924590111,-0.07854416966438293,-0.02415144070982933,-0.04507027193903923,-0.09095479547977448,-0.08556966483592987,-0.05445528402924538,-0.035617001354694366,-0.010684540495276451,0.16072195768356323,0.13600696623325348,0.1477864533662796,0.054685384035110474,0.2261940836906433,0.08791273087263107,0.08279068768024445,-0.0073888301849365234,0.20728763937950134,0.13481831550598145,0.12945304811000824,0.052418969571590424,0.16220924258232117,0.051737334579229355,0.03969345614314079,0.0339331328868866,0.21267841756343842,0.12096404284238815,0.0678693950176239,-0.023178478702902794,0.08679613471031189,0.011675823479890823,-0.03837954252958298,-0.05834154784679413,0.008997105062007904,-0.07657080888748169,-0.04450814053416252
S,4,-0.11356236785650253,-0.16586022078990936,-0.13966621458530426,-0.19289788603782654,-0.13823188841342926,-0.06874831020832062,-0.052094195038080215,-0.10032875835895538,-0.07532647997140884,-0.08319266885519028,-0.0712861567735672,-0.10505156219005585,-0.15197481215000153,-0.21826642751693726,-0.26991093158721924,-0.23645348846912384,-0.17333976924419403,-0.20676416158676147,-0.24834471940994263,-0.25603440403938293,-0.21837572753429413,-0.2641294598579407,-0.30371329188346863,-0.4368894398212433,-0.34337806701660156,-0.46031373739242554,-0.46770167350769043,-0.507591962814331,-0.4965960383415222,-0.5411561131477356,-0.5794134736061096,-0.6589161157608032,-0.44983401894569397,-0.4524829387664795,-0.43374204635620117,-0.5437595844268799,-0.516282320022583,-0.49414074420928955,-0.4769259989261627,-0.5054924488067627,-0.4183287024497986,-0.40327709913253784,-0.4249013066291809,-0.42380091547966003,-0.4291442036628723,-0.41956019401550293,-0.44525840878486633,-0.49727705121040344,-0.37416359782218933,-0.38656750321388245,-0.3727835714817047,-0.40966424345970154,-0.39942991733551025,-0.4893636703491211,-0.49825775623321533,-0.6391904354095459,-0.6682191491127014,-0.7701458930969238,-0.6891646981239319,-0.4594930112361908,0.3449883460998535,1.1083093881607056,1.9182908535003662,3.1104438304901123,4.239986896514893,4.765527725219727,4.8003950119018555,4.709263324737549,3.4755823612213135,1.7539438009262085,0.08988287299871445,-1.2341225147247314,-2.108959197998047,-2.688821315765381,-2.5293142795562744,-1.9469325542449951,-1.3418711423873901,-1.028548002243042,-0.7097731232643127,-0.614754855632782,-0.5836697220802307,-0.5437901020050049,-0.5956090092658997,-0.5358685851097107,-0.3596503436565399,-0.4369381070137024,-0.43893715739250183,-0.4790799617767334,-0.40938377380371094,-0.392638236284256,-0.3505244553089142,-0.30660998821258545,-0.2506523132324219,-0.2890993654727936,-0.3322821259498596,-0.3801906406879425,-0.3712119162082672,-0.3788699805736542,-0.3618798851966858,-0.41740044951438904,-0.3077898323535919,-0.32033631205558777,-0.3218710124492645,-0.29440346360206604,-0.17373515665531158,-0.18770483136177063,-0.17033907771110535,-0.13517828285694122,-0.04929710179567337,-0.10339861363172531,-0.08901213854551315,-0.028497688472270966,0.06721518933773041,0.10564791411161423,0.10359447449445724,0.18685577809810638,0.196569561958313,0.18100516498088837,0.17598102986812592,0.11268062889575958,0.17297454178333282,0.22948764264583588,0.2592290937900543,0.26000258326530457,0.44835931062698364,0.3913750648498535,0.42581409215927124,0.38149428367614746,0.4577462077140808,0.5627942681312561,0.5626509189605713,0.5706244111061096,0.6296438574790955,0.6632684469223022,0.7062926888465881,0.6030568480491638,0.8381909728050232,0.7701409459114075,0.8270146250724792,0.7577908039093018,0.9358554482460022,0.9614735841751099,0.9644343852996826,0.9020207524299622,1.0045077800750732,0.9108126163482666,0.7912148237228394,0.6908824443817139,0.7517455220222473,0.7012621164321899,0.6098470687866211,0.48675668239593506,0.4408033788204193,0.35331231355667114,0.2804277837276459,0.18240375816822052,0.17246441543102264,0.06558462977409363,-0.05571835860610008,-0.16544970870018005,-0.20447514951229095,-0.24628610908985138,-0.28242048621177673,-0.3491174876689911,-0.370128333568573,-0.44433099031448364,-0.4530841112136841,-0.5089532732963562,-0.40473443269729614,-0.4824019968509674,-0.49094584584236145,-0.5706327557563782,-0.5221773386001587,-0.5975584387779236,-0.5864009261131287
S,5,0.1687420904636383,0.22056825459003448,0.22597673535346985,0.1828620433807373,0.2601608335971832,0.1990395188331604,0.19245079159736633,0.16823895275592804,0.1908067911863327,0.13880476355552673,0.08277633786201477,-0.01155499741435051,0.06659110635519028,0.012041551060974598,-0.002633499214425683,-0.12282788753509521,-0.17580784857273102,-0.2120443731546402,-0.2461116909980774,-0.34316879510879517,-0.28827711939811707,-0.34326303005218506,-0.37053677439689636,-0.3952030837535858,-0.3516356945037842,-0.30165037512779236,-0.34492895007133484,-0.4434414505958557,-0.45071789622306824,-0.4165123701095581,-0.4155741035938263,-0.5146678686141968,-0.4609602689743042,-0.4369743764400482,-0.45163264870643616,-0.5297735333442688,-0.4657163918018341,-0.4663570821285248,-0.4347667694091797,-0.5215606093406677,-0.4401806592941284,-0.4793487787246704,-0.47703981399536133,-0.5378193855285645,-0.4474993944168091,-0.5133691430091858,-0.5529506802558899,-0.6029838919639587,-0.550433874130249,-0.44496476650238037,-0.5389755964279175,-0.482063889503479,-0.4572722315788269,-0.45200616121292114,-0.4842720329761505,-0.5557849407196045,-0.4792588949203491,-0.4949023425579071,-0.4262678921222687,-0.27823686599731445,0.3432081937789917,1.0251002311706543,1.8329187631607056,2.975107192993164,4.045745849609375,4.72410249710083,4.791616916656494,4.728480339050293,4.140699863433838,2.887540102005005,1.0555320978164673,-0.5599030256271362,-1.7592053413391113,-2.3210103511810303,-2.391305923461914,-2.184643507003784,-1.6355459690093994,-0.9284604787826538,-0.5615032315254211,-0.47211840748786926,-0.34497809410095215,-0.4941936731338501,-0.5700836181640625,-0.5872839093208313,-0.5307146310806274,-0.5485599040985107,-0.5151317715644836,-0.4650442600250244,-0.3836246430873871,-0.3963504135608673,-0.40222346782684326,-0.4314810037612915,-0.3260108530521393,-0.30255213379859924,-0.2200872153043747,-0.22012431919574738,-0.14538998901844025,-0.18865728378295898,-0.21865445375442505,-0.18243011832237244,-0.14509710669517517,-0.17584636807441711,-0.10770216584205627,-0.08688336610794067,-0.07000473141670227,-0.049629829823970795,-0.11567407101392746,-0.1078750267624855,-0.09987220913171768,-0.13105149567127228,-0.196909561753273,-0.2026386857032776,-0.14550110697746277,-0.1126798614859581,-0.12550808489322662,-0.09534323960542679,-0.03853662684559822,0.00665921438485384,0.050158239901065826,0.06458922475576401,0.19875399768352509,0.21312390267848969,0.21379400789737701,0.24171368777751923,0.38424718379974365,0.38389265537261963,0.42612501978874207,0.44578152894973755,0.6320108771324158,0.5575655102729797,0.5196349024772644,0.5013281106948853,0.6208869814872742,0.6335558891296387,0.6793245077133179,0.6399288177490234,0.7670011520385742,0.8124304413795471,0.7623767852783203,0.7246274948120117,0.8108267784118652,0.817548394203186,0.7817398905754089,0.6881991624832153,0.7318747639656067,0.6066168546676636,0.5683698058128357,0.4153357446193695,0.3982962369918823,0.27782413363456726,0.1970895379781723,0.05864986777305603,0.012050127610564232,-0.08269675076007843,-0.1670181304216385,-0.2993098497390747,-0.37219852209091187,-0.424297034740448,-0.44747477769851685,-0.4519495368003845,-0.39675647020339966,-0.41955187916755676,-0.4592362642288208,-0.5174622535705566,-0.5102910995483398,-0.5188289880752563,-0.5788409113883972,-0.6510432958602905,-0.5956227779388428,-0.5980912446975708,-0.5286890864372253,-0.5123958587646484,-0.4317764937877655,-0.5165534615516663,-0.5150026679039001
S,6,0.1009482890367508,-0.009830706752836704,0.011487727984786034,-0.021465089172124863,0.03339337185025215,-0.014935385435819626,-0.04882039874792099,-0.10789396613836288,-0.0758131593465805,-0.10640954226255417,-0.15333597362041473,-0.17213867604732513,-0.07057797908782959,-0.1414034515619278,-0.1595207005739212,-0.20111459493637085,-0.10386676341295242,-0.16423171758651733,-0.21550698578357697,-0.30318766832351685,-0.20896512269973755,-0.2533092200756073,-0.2825944125652313,-0.39560744166374207,-0.4218902885913849,-0.3811582624912262,-0.4563034176826477,-0.5511654019355774,-0.4674840569496155,-0.4471830725669861,-0.41424691677093506,-0.4416564404964447,-0.34008803963661194,-0.40068957209587097,-0.5079872608184814,-0.5155897736549377,-0.5348311066627502,-0.5988961458206177,-0.6291653513908386,-0.6988682150840759,-0.5847575068473816,-0.45385903120040894,-0.3961419463157654,-0.38152360916137695,-0.3398379385471344,-0.3282284140586853,-0.39850977063179016,-0.46980080008506775,-0.4003816246986389,-0.4450320899486542,-0.4200827479362488,-0.35483843088150024,-0.17094795405864716,-0.11749427020549774,-0.004772678483277559,0.09650257229804993,0.3751693069934845,0.5850867033004761,0.9694052934646606,1.44358229637146,2.0605130195617676,2.5911705493927,3.0429306030273438,3.5231873989105225,3.8571605682373047,4.280561923980713,4.510398864746094,4.28632116317749,4.044085502624512,3.454043388366699,2.7058231830596924,1.827204704284668,1.161863088607788,0.37734779715538025,-0.13552434742450714,-0.45177388191223145,-0.4612097144126892,-0.5323264002799988,-0.5363445281982422,-0.5840137600898743,-0.5155914425849915,-0.6214874982833862,-0.7299902439117432,-0.6992119550704956,-0.6293026208877563,-0.6905632019042969,-0.7611750960350037,-0.7631567120552063,-0.6671975255012512,-0.671260416507721,-0.6829780340194702,-0.6760508418083191,-0.6569657921791077,-0.6588377952575684,-0.7614254355430603,-0.7442365288734436,-0.6630051136016846,-0.5923434495925903,-0.6445580124855042,-0.6809388995170593,-0.7530386447906494,-0.7030964493751526,-0.702568531036377,-0.6737886667251587,-0.5937872529029846,-0.6024981737136841,-0.6656476259231567,-0.5919917821884155,-0.5524305105209351,-0.580541729927063,-0.6020540595054626,-0.5939600467681885,-0.5341295599937439,-0.4824873208999634,-0.5325438380241394,-0.5502873659133911,-0.4689015746116638,-0.4943910539150238,-0.40344274044036865,-0.4045770764350891,-0.34058380126953125,-0.2887530028820038,-0.34807509183883667,-0.44953006505966187,-0.3803306221961975,-0.3945704400539398,-0.429993599653244,-0.4113682806491852,-0.3354707360267639,-0.21062730252742767,-0.19283176958560944,-0.15384246408939362,-0.045097943395376205,-0.08334221690893173,-0.10475483536720276,-0.2066785842180252,-0.006051500793546438,-0.09675297141075134,-0.07673713564872742,-0.13255535066127777,0.004411544185131788,0.07576904445886612,0.10472980886697769,0.08623931556940079,0.2527053654193878,0.2567636966705322,0.19468295574188232,0.07910328358411789,0.10536853969097137,0.11041506379842758,0.10946210473775864,0.14552819728851318,0.2690953016281128,0.21923890709877014,0.2458735853433609,0.17682482302188873,0.2548542022705078,0.17758095264434814,0.12148470431566238,0.09694623202085495,0.14050178229808807,0.1107381135225296,0.15614213049411774,0.15462881326675415,0.17087142169475555,0.09096742421388626,0.09394824504852295,0.0354856438934803,0.11729169636964798,-0.02185089699923992,-0.08231772482395172,-0.145120769739151,-0.11317772418260574,-0.22645203769207,-0.23739895224571228
S,7,-0.011890369467437267,-0.1770966649055481,-0.2513880729675293,-0.3053271174430847,-0.3065963685512543,-0.3284863233566284,-0.33745044469833374,-0.43053489923477173,-0.37397265434265137,-0.3958933353424072,-0.42237454652786255,-0.4653797149658203,-0.3851469159126282,-0.43547388911247253,-0.4689861238002777,-0.4709545373916626,-0.3266496956348419,-0.37206149101257324,-0.41896679997444153,-0.4280923008918762,-0.47184425592422485,-0.47675466537475586,-0.4937179982662201,-0.46620839834213257,-0.3005400598049164,-0.2830977737903595,-0.3065996468067169,-0.3344085216522217,-0.27970317006111145,-0.34510862827301025,-0.3261288106441498,-0.3177452087402344,-0.24854405224323273,-0.23610720038414001,-0.2571781575679779,-0.3005131185054779,-0.24219171702861786,-0.2885197103023529,-0.31427597999572754,-0.4222070276737213,-0.35955101251602173,-0.419360876083374,-0.46548688411712646,-0.5386523008346558,-0.49801555275917053,-0.40768149495124817,-0.42034074664115906,-0.4094597101211548,-0.29217544198036194,-0.34660476446151733,-0.42444679141044617,-0.4541930556297302,-0.4189594089984894,-0.43751323223114014,-0.44944825768470764,-0.48456189036369324,-0.3862397074699402,-0.3689032196998596,-0.1874115914106369,0.10547101497650146,0.6695367097854614,1.12865149974823,2.207500457763672,3.3215994834899902,4.421694755554199,4.985921382904053,5.0478715896606445,4.781252384185791,3.7849245071411133,2.495805263519287,0.8718681335449219,-0.592056155204773,-1.493127465248108,-2.083514451980591,-1.931769609451294,-1.4925360679626465,-0.7203767895698547,-0.5685062408447266,-0.48256126046180725,-0.41233229637145996,-0.3534555435180664,-0.46320343017578125,-0.5240970849990845,-0.5300542116165161,-0.5457122921943665,-0.5657545924186707,-0.526549756526947,-0.46134117245674133,-0.42213174700737,-0.465770959854126,-0.4879447817802429,-0.5002502799034119,-0.47381827235221863,-0.4710179567337036,-0.5119757056236267,-0.5840932726860046,-0.5236365795135498,-0.5291973948478699,-0.4984757602214813,-0.4678369164466858,-0.3589419722557068,-0.2426610291004181,-0.275231271982193,-0.3390907049179077,-0.22731304168701172,-0.18350230157375336,-0.14055271446704865,-0.1966916173696518,-0.05978434905409813,-0.03476053103804588,-0.01670391671359539,-0.007708908058702946,0.08419980853796005,0.11406739801168442,0.11766117066144943,0.15157142281532288,0.1556439846754074,0.17865093052387238,0.1582728922367096,0.12578687071800232,0.1301768571138382,0.1685546636581421,0.16285964846611023,0.24800549447536469,0.4602026343345642,0.43417230248451233,0.47078967094421387,0.4763486981391907,0.7210528254508972,0.655929446220398,0.680747389793396,0.6788660883903503,0.8132655024528503,0.7913284301757812,0.7997252345085144,0.736207127571106,0.8415195941925049,0.7659677863121033,0.7797482013702393,0.6974641680717468,0.7896910905838013,0.7866895198822021,0.6977852582931519,0.6340416073799133,0.5875954627990723,0.5362122058868408,0.4230829179286957,0.27643513679504395,0.31641849875450134,0.29179665446281433,0.24180738627910614,0.13574504852294922,-0.004779450129717588,0.0064041269943118095,-0.09494781494140625,-0.10622870177030563,-0.17931687831878662,-0.2594633400440216,-0.4283396601676941,-0.3692530393600464,-0.34907954931259155,-0.43639135360717773,-0.41996294260025024,-0.4629543721675873,-0.46614354848861694,-0.4612199068069458,-0.5430160164833069,-0.5425391793251038,-0.5364113450050354,-0.5525505542755127,-0.6030932068824768,-0.5322079062461853,-0.4986989200115204,-0.5197980999946594,-0.41903024911880493
S,8,0.5267075896263123,0.646155834197998,0.44245797395706177,0.3853991627693176,0.370589941740036,0.42367812991142273,0.32954052090644836,0.17866961658000946,0.23919200897216797,0.1893635243177414,0.13732486963272095,-0.005620678886771202,0.0574101060628891,-0.013200527057051659,-0.09500262141227722,-0.19807301461696625,-0.1606484353542328,-0.2665027976036072,-0.2994784712791443,-0.3511623442173004,-0.316365122795105,-0.39072203636169434,-0.38855400681495667,-0.4215126037597656,-0.32899025082588196,-0.41245022416114807,-0.3929056227207184,-0.37389111518859863,-0.3126537501811981,-0.3767624497413635,-0.4577169716358185,-0.4521004855632782,-0.4043281078338623,-0.4318335950374603,-0.3988867998123169,-0.4544437527656555,-0.39289167523384094,-0.4432567059993744,-0.4261438548564911,-0.45916417241096497,-0.36467859148979187,-0.4391351044178009,-0.5181418657302856,-0.45575183629989624,-0.38105934858322144,-0.42074957489967346,-0.4711137115955353,-0.5522966384887695,-0.4326052665710449,-0.4386419951915741,-0.40900376439094543,-0.4184493124485016,-0.36055442690849304,-0.4070671498775482,-0.34617534279823303,-0.37691235542297363,-0.1209598034620285,0.03750479966402054,0.313313752412796,0.6709918975830078,1.293135404586792,1.943701982498169,2.6390767097473145,3.399657964706421,4.220882415771484,4.711162567138672,4.825947284698486,4.577232837677002,3.7046234607696533,2.3319408893585205,0.6769804358482361,-0.6457937359809875,-1.522695541381836,-2.1477553844451904,-2.3160269260406494,-2.3098790645599365,-1.594478964805603,-1.2863309383392334,-0.9461724162101746,-0.8473248481750488,-0.6004684567451477,-0.6279348731040955,-0.6661189198493958,-0.7277277112007141,-0.6033892631530762,-0.6711591482162476,-0.6810358166694641,-0.7024115920066833,-0.517201840877533,-0.5417395830154419,-0.5178240537643433,-0.5626208186149597,-0.3678988814353943,-0.3612099885940552,-0.36103010177612305,-0.4035428464412689,-0.3282039761543274,-0.2795286178588867,-0.3700506091117859,-0.38197627663612366,-0.23886482417583466,-0.24057340621948242,-0.15518665313720703,-0.14670038223266602,-0.08470042049884796,-0.016336727887392044,-0.07456372678279877,-0.07742537558078766,-0.008835077285766602,-0.02010134421288967,0.0013980246149003506,-0.03656308352947235,0.08274595439434052,0.008795144036412239,-0.019686244428157806,-0.03860737755894661,-0.001591599895618856,-0.02525591105222702,0.03455295041203499,0.05131439492106438,0.24027355015277863,0.2524482309818268,0.256108820438385,0.20622366666793823,0.3640860319137573,0.427216112613678,0.43820881843566895,0.47740137577056885,0.38894331455230713,0.6221312284469604,0.6436164379119873,0.6024969816207886,0.533091127872467,0.47854822874069214,0.5118682980537415,0.49279192090034485,0.4838049113750458,0.48015686869621277,0.4630604684352875,0.4544540345668793,0.5454551577568054,0.45208024978637695,0.3837715685367584,0.2727072238922119,0.26503363251686096,0.11056050658226013,0.10262095183134079,0.03593863174319267,0.031655266880989075,0.013806963339447975,-0.02733224257826805,-0.13845635950565338,-0.15511064231395721,-0.20235778391361237,-0.2702344059944153,-0.40972819924354553,-0.32441893219947815,-0.33298259973526,-0.33945950865745544,-0.3989144563674927,-0.2613551914691925,-0.37923380732536316,-0.4150995910167694,-0.43852928280830383,-0.36481666564941406,-0.38407355546951294,-0.43364956974983215,-0.4553114175796509,-0.38451436161994934,-0.48250168561935425,-0.5666524767875671,-0.5812100172042847,-0.44704169034957886,-0.4733723998069763,-0.40257200598716736
S,9,-0.29381421208381653,-0.3587043881416321,-0.28544938564300537,-0.33482789993286133,-0.17865006625652313,-0.17313356697559357,-0.12570010125637054,-0.010350453667342663,-0.024333406239748,-0.01023772917687893,-0.11809057742357254,-0.14520636200904846,-0.10700684785842896,-0.23001472651958466,-0.2068234533071518,-0.2935144603252411,-0.2300121933221817,-0.2990691661834717,-0.2567508816719055,-0.2836390733718872,-0.27552440762519836,-0.32549887895584106,-0.36255502700805664,-0.36969566345214844,-0.2989083230495453,-0.365803062915802,-0.3924618065357208,-0.5133079290390015,-0.5025861859321594,-0.5335168242454529,-0.5300849676132202,-0.5960310101509094,-0.48415061831474304,-0.557125985622406,-0.5825842022895813,-0.6006802320480347,-0.5236040949821472,-0.4938315749168396,-0.47565388679504395,-0.5674430131912231,-0.5020925402641296,-0.47737953066825867,-0.5030609369277954,-0.5249127149581909,-0.44806692004203796,-0.49570751190185547,-0.4886178970336914,-0.46856290102005005,-0.3868759870529175,-0.36549821496009827,-0.3826757073402405,-0.35409095883369446,-0.3814235031604767,-0.4050225615501404,-0.4162117540836334,-0.5086321234703064,-0.5303917527198792,-0.5094152688980103,-0.41386839747428894,-0.06673326343297958,0.4574018716812134,1.212404727935791,1.837118148803711,3.2020153999328613,4.3727707862854,4.868937015533447,4.912593364715576,4.822893142700195,3.9242441654205322,2.302847146987915,0.7066544890403748,-0.9138033986091614,-1.8767566680908203,-2.4867773056030273,-2.5332858562469482,-2.167603015899658,-1.4630361795425415,-0.8829086422920227,-0.4813556671142578,-0.5135202407836914,-0.4150269627571106,-0.4733205735683441,-0.5198958516120911,-0.573839008808136,-0.5774985551834106,-0.5977635383605957,-0.55460524559021,-0.46318864822387695,-0.3859834671020508,-0.4790033996105194,-0.43560218811035156,-0.4707907438278198,-0.39573994278907776,-0.4040171802043915,-0.4371236562728882,-0.3069099485874176,-0.3221122920513153,-0.3263671398162842,-0.35691455006599426,-0.2627770006656647,-0.2906244993209839,-0.3462026119232178,-0.3779294490814209,-0.40622594952583313,-0.34167933464050293,-0.371834397315979,-0.3771783113479614,-0.27370598912239075,-0.25554507970809937,-0.22983811795711517,-0.25922486186027527,-0.24577753245830536,-0.2238824963569641,-0.21988672018051147,-0.26372337341308594,-0.304433673620224,-0.1845187544822693,-0.20279009640216827,-0.17651911079883575,-0.17310689389705658,-0.04985370486974716,-0.000483798939967528,0.003521767444908619,0.02716648578643799,0.09974309802055359,0.0720682367682457,0.08211560547351837,0.06356805562973022,0.22669313848018646,0.1699596643447876,0.17360623180866241,0.20241685211658478,0.3436495363712311,0.3504166603088379,0.37514516711235046,0.3375166952610016,0.49235570430755615,0.44280174374580383,0.38997265696525574,0.3988252878189087,0.5359315276145935,0.5265105366706848,0.5127547979354858,0.4189530909061432,0.585178792476654,0.5374575257301331,0.5593355298042297,0.4796716570854187,0.6165683269500732,0.5839406847953796,0.580402672290802,0.5297107696533203,0.7009563446044922,0.638433039188385,0.6173630952835083,0.5527360439300537,0.5336886048316956,0.5020468235015869,0.39636698365211487,0.2645927369594574,0.34233441948890686,0.2981836795806885,0.3135159909725189,0.2396596223115921,0.35509127378463745,0.23162837326526642,0.2890075445175171,0.15209881961345673,0.17628559470176697,0.1157611832022667,0.029714690521359444,-0.13956452906131744,-0.07362936437129974,-0.1896163821220398,-0.08638526499271393
F,0,-0.13301783800125122,-0.2834033668041229,-0.17343783378601074,-0.18876376748085022,-0.18251526355743408,-0.2420017421245575,-0.15784554183483124,-0.17586536705493927,-0.19231656193733215,-0.20345114171504974,-0.11909516900777817,-0.12330807745456696,-0.06616277992725372,-0.09856487810611725,0.018149971961975098,-0.029325304552912712,0.017774662002921104,-0.0009906631894409657,0.077259860932827,0.05559062957763672,0.05155707150697708,-0.017626527696847916,-0.004203408490866423,-0.0884103998541832,-0.12385644018650055,-0.2594434916973114,-0.24862755835056305,-0.27607598900794983,-0.3047254681587219,-0.3410559594631195,-0.3260146975517273,-0.3296753466129303,-0.3361099362373352,-0.3792880177497864,-0.34873852133750916,-0.32187262177467346,-0.2884574830532074,-0.33827751874923706,-0.33695536851882935,-0.306949645280838,-0.23919688165187836,-0.25607508420944214,-0.20132216811180115,-0.18362799286842346,-0.026850122958421707,0.0620950348675251,0.24811789393424988,0.3857455551624298,0.49161604046821594,0.5718997120857239,0.7727810740470886,0.784351646900177,0.9377356767654419,0.9366673231124878,1.1428858041763306,1.3228588104248047,1.3987230062484741,1.465719223022461,1.72674560546875,1.8611236810684204,2.018204927444458,2.265225887298584,2.5768275260925293,2.7575600147247314,3.042754888534546,3.4145991802215576,3.6006147861480713,3.7529728412628174,3.6745047569274902,3.698336124420166,3.4490339756011963,2.911342144012451,2.0967607498168945,1.4667686223983765,1.0114457607269287,0.43418094515800476,0.12122757732868195,-0.12163534015417099,-0.1987110674381256,-0.25049498677253723,-0.34577998518943787,-0.4305669367313385,-0.38150033354759216,-0.4627291262149811,-0.45170116424560547,-0.5490767359733582,-0.5117457509040833,-0.5451787710189819,-0.524097204208374,-0.6118765473365784,-0.5557015538215637,-0.6264406442642212,-0.5980769991874695,-0.7087425589561462,-0.630585789680481,-0.6509568095207214,-0.555401086807251,-0.6923617124557495,-0.6295210719108582,-0.6727433204650879,-0.5667676329612732,-0.644368588924408,-0.5630965232849121,-0.6300389170646667,-0.6006887555122375,-0.674213707447052,-0.634665846824646,-0.690157413482666,-0.6447321772575378,-0.701116681098938,-0.7395093441009521,-0.7612026333808899,-0.7431578636169434,-0.7975242137908936,-0.756741464138031,-0.743554413318634,-0.7575673460960388,-0.7881211042404175,-0.7577490210533142,-0.7517868876457214,-0.8091691136360168,-0.7340412139892578,-0.7297786474227905,-0.7329359650611877,-0.7532626390457153,-0.725968599319458,-0.6584160327911377,-0.6741024851799011,-0.6323884725570679,-0.6558510065078735,-0.6063687205314636,-0.6106560826301575,-0.5627269148826599,-0.7281919121742249,-0.6559537053108215,-0.6838825941085815,-0.6980253458023071,-0.7637847661972046,-0.6509442925453186,-0.6201006174087524,-0.5825257301330566,-0.5936983227729797,-0.48460185527801514,-0.49844494462013245,-0.39353519678115845,-0.4621993601322174,-0.3776005804538727,-0.3543682098388672,-0.2760904133319855,-0.3195338547229767,-0.25471702218055725,-0.2776826322078705,-0.22059491276741028,-0.256499707698822,-0.2062261700630188,-0.24702100455760956,-0.16635280847549438,-0.2464563250541687,-0.18874961137771606,-0.1988879293203354,-0.17916299402713776,-0.20554862916469574,-0.13648052513599396,-0.17719347774982452,-0.14990980923175812,-0.17980390787124634,-0.09683383256196976,-0.17295566201210022,-0.16054517030715942,-0.21962958574295044,-0.13403664529323578,-0.1624579131603241,-0.15596958994865417,-0.2371148318052292,-0.055898044258356094
F,1,-0.03297601267695427,-0.14806927740573883,-0.08128023892641068,-0.13374601304531097,-0.07816953212022781,-0.10941976308822632,-0.04238365590572357,-0.029371019452810287,0.016205377876758575,-0.0365087129175663,0.05732855573296547,0.004544552881270647,0.05558445304632187,-0.054921094328165054,0.011458964087069035,0.009447929449379444,0.049841053783893585,0.040081582963466644,0.11926370859146118,0.12374977767467499,0.15097448229789734,0.14801906049251556,0.11835809797048569,0.09183631092309952,0.027829505503177643,-0.11294283717870712,-0.09274274110794067,-0.14316199719905853,-0.10324578732252121,-0.19672244787216187,-0.1684153825044632,-0.18696996569633484,-0.2245776504278183,-0.2495562732219696,-0.222928985953331,-0.24058763682842255,-0.22355090081691742,-0.3378904163837433,-0.31598564982414246,-0.32932883501052856,-0.257179856300354,-0.29105687141418457,-0.1419529914855957,-0.12772192060947418,-0.027885999530553818,-0.027420664206147194,0.148708313703537,0.1793462485074997,0.3807409107685089,0.3483772277832031,0.48947808146476746,0.6253682374954224,0.8828644156455994,0.9254142642021179,1.1480222940444946,1.3903125524520874,1.5871009826660156,1.6292459964752197,1.8010334968566895,2.0907909870147705,2.4668073654174805,2.8488078117370605,3.133821725845337,3.6895501613616943,3.9160499572753906,4.059983253479004,4.083879470825195,4.030101776123047,3.6192264556884766,2.69226336479187,1.9766547679901123,1.2988163232803345,0.7435106039047241,0.24120399355888367,0.008207137696444988,-0.09569074958562851,-0.15205521881580353,-0.257000595331192,-0.2633184790611267,-0.33931729197502136,-0.34468498826026917,-0.4144037067890167,-0.36337897181510925,-0.4050772786140442,-0.402932345867157,-0.5022323131561279,-0.5097991824150085,-0.4981851577758789,-0.47384968400001526,-0.5587732791900635,-0.5130897164344788,-0.4973081350326538,-0.4967010021209717,-0.6372919678688049,-0.5595714449882507,-0.6232964992523193,-0.5383785367012024,-0.6535281538963318,-0.618941068649292,-0.6444758772850037,-0.6271110773086548,-0.6487186551094055,-0.5985780954360962,-0.5631247162818909,-0.5734720826148987,-0.6525285840034485,-0.62651127576828,-0.6147422194480896,-0.5973731279373169,-0.6427435278892517,-0.6386300921440125,-0.6630173325538635,-0.6340422630310059,-0.6660290360450745,-0.6989498734474182,-0.6698410511016846,-0.6525958180427551,-0.7240397334098816,-0.6166468858718872,-0.6649588346481323,-0.6046974658966064,-0.6857776641845703,-0.6300815343856812,-0.756381630897522,-0.6473227739334106,-0.7307195663452148,-0.6680302023887634,-0.6842818260192871,-0.6559901237487793,-0.6811809539794922,-0.6301962733268738,-0.6700899600982666,-0.6141093969345093,-0.6228756904602051,-0.6093239784240723,-0.5212128758430481,-0.5458452701568604,-0.6068692803382874,-0.5655592083930969,-0.5746074914932251,-0.5339363217353821,-0.5547043681144714,-0.44440916180610657,-0.45242029428482056,-0.3984888195991516,-0.4803605079650879,-0.3757639229297638,-0.3998996615409851,-0.3661760985851288,-0.44560354948043823,-0.3096087872982025,-0.3484325706958771,-0.33976128697395325,-0.4081774950027466,-0.2761334180831909,-0.28680694103240967,-0.21297858655452728,-0.29902514815330505,-0.23757945001125336,-0.21008571982383728,-0.2498319000005722,-0.3049573302268982,-0.21743789315223694,-0.2993379533290863,-0.2915455400943756,-0.308248907327652,-0.21531298756599426,-0.24394254386425018,-0.23266200721263885,-0.3396686017513275,-0.3050316572189331,-0.3634839355945587,-0.2805018723011017,-0.4136005640029907,-0.40353840589523315
F,2,-0.368275910615921,-0.2241578847169876,-0.13999107480049133,-0.12078028172254562,-0.08250655978918076,-0.1443476527929306,-0.08635600656270981,-0.10071922838687897,-0.06715606153011322,-0.04682953655719757,0.04800354316830635,-0.008964506909251213,0.0041213142685592175,0.016377314925193787,0.1045113131403923,0.1562061607837677,0.15065965056419373,0.02474730648100376,0.04485316947102547,-0.013503050431609154,-0.03325812518596649,-0.14411073923110962,-0.14512135088443756,-0.11835528165102005,-0.19029779732227325,-0.2631025016307831,-0.20571258664131165,-0.2256825864315033,-0.20445787906646729,-0.24787519872188568,-0.20191603899002075,-0.22225907444953918,-0.2537863254547119,-0.22724848985671997,-0.14115853607654572,-0.14660511910915375,-0.08733280003070831,-0.1000482439994812,0.014118074439466,0.02921549417078495,0.0960070788860321,0.057989079505205154,0.17368026077747345,0.2792026996612549,0.4874105751514435,0.4138457477092743,0.5240979790687561,0.7016076445579529,0.8630788922309875,0.8948943018913269,1.1673346757888794,1.2720800638198853,1.4072425365447998,1.3647704124450684,1.6006979942321777,1.6313419342041016,1.7334809303283691,1.8891619443893433,1.9404889345169067,2.3230228424072266,2.4747872352600098,2.5732171535491943,2.790830612182617,3.1545088291168213,3.4849538803100586,3.66127872467041,3.7393510341644287,3.5071444511413574,3.069687843322754,2.6354641914367676,2.3070337772369385,1.8661903142929077,1.2880066633224487,0.6572433710098267,0.26414161920547485,0.01653234288096428,-0.12401368468999863,-0.3455581068992615,-0.3468876779079437,-0.38308608531951904,-0.4313926100730896,-0.5766751170158386,-0.4797999858856201,-0.5246796011924744,-0.4625677168369293,-0.5480280518531799,-0.5403739213943481,-0.5812936425209045,-0.5747107267379761,-0.6245811581611633,-0.6324546933174133,-0.6188191175460815,-0.6888725757598877,-0.675593376159668,-0.6204835176467896,-0.6360714435577393,-0.5804120302200317,-0.7269722819328308,-0.6905526518821716,-0.7309795022010803,-0.6241360902786255,-0.796853244304657,-0.7525495290756226,-0.772225022315979,-0.7174003720283508,-0.7671464681625366,-0.6658248901367188,-0.7136228084564209,-0.6630852222442627,-0.6982724666595459,-0.6270034313201904,-0.6459142565727234,-0.566806435585022,-0.7891016006469727,-0.7315730452537537,-0.7258004546165466,-0.7037877440452576,-0.7905610799789429,-0.7753832340240479,-0.8241124153137207,-0.7336586713790894,-0.84161376953125,-0.7520220875740051,-0.8145138621330261,-0.7203270792961121,-0.7331598401069641,-0.7277142405509949,-0.7428185939788818,-0.6856762766838074,-0.7999758124351501,-0.7239773869514465,-0.728129506111145,-0.6726254820823669,-0.7518468499183655,-0.7231757044792175,-0.7140758037567139,-0.7031784653663635,-0.7309133410453796,-0.7014631032943726,-0.7419803738594055,-0.65939861536026,-0.6785030364990234,-0.5754750370979309,-0.5934667587280273,-0.5682978630065918,-0.5371820330619812,-0.3887570798397064,-0.43388548493385315,-0.3458690345287323,-0.4371578097343445,-0.30604881048202515,-0.35647904872894287,-0.3226812481880188,-0.3707755506038666,-0.289743036031723,-0.3083341121673584,-0.2894103229045868,-0.35207441449165344,-0.2555299997329712,-0.2886902689933777,-0.20011264085769653,-0.33009570837020874,-0.2403436005115509,-0.21347886323928833,-0.23737125098705292,-0.28387895226478577,-0.1838601678609848,-0.26471585035324097,-0.18432219326496124,-0.2968587577342987,-0.2776240110397339,-0.29514917731285095,-0.19449332356452942,-0.28631260991096497,-0.25745946168899536
F,3,-0.22841127216815948,-0.29301050305366516,-0.15325608849525452,-0.1799129694700241,-0.1864585280418396,-0.2520174980163574,-0.18969383835792542,-0.19840553402900696,-0.13581843674182892,-0.20962148904800415,-0.11611458659172058,-0.14434973895549774,-0.013651042245328426,-0.07144080102443695,0.06458200514316559,0.07055304199457169,0.10358364880084991,-0.005163197405636311,0.08699904382228851,0.0781736895442009,0.10777682811021805,0.0660305768251419,0.12118945270776749,0.060080789029598236,0.14402233064174652,0.0639801025390625,0.08435710519552231,-0.03672519326210022,0.0015554605051875114,-0.07871653884649277,-0.01807439886033535,-0.047574229538440704,-0.0300398301333189,-0.16128607094287872,-0.16348673403263092,-0.2529328763484955,-0.21798662841320038,-0.29353564977645874,-0.24689869582653046,-0.27468231320381165,-0.2876911163330078,-0.32110607624053955,-0.25595957040786743,-0.2175547331571579,-0.12775000929832458,-0.21832779049873352,-0.06952039152383804,-0.019533652812242508,0.22936683893203735,0.12321414798498154,0.333091139793396,0.44352349638938904,0.5865543484687805,0.5922238826751709,0.7642121911048889,0.808009922504425,0.9527541399002075,0.9896317720413208,1.2986743450164795,1.6576056480407715,1.6734956502914429,1.761690378189087,2.018977165222168,2.474510908126831,2.877877950668335,3.252619743347168,3.635928153991699,4.023780822753906,4.013376235961914,3.9787895679473877,3.872346878051758,3.3799569606781006,2.7708353996276855,2.047935962677002,1.3770941495895386,0.6669438481330872,0.3099147081375122,0.022920727729797363,-0.14651481807231903,-0.20758019387722015,-0.24452455341815948,-0.3667002022266388,-0.3233490288257599,-0.3931371867656708,-0.37584611773490906,-0.5110841393470764,-0.49538758397102356,-0.4774356782436371,-0.534581184387207,-0.6185389757156372,-0.6479998230934143,-0.6613361835479736,-0.6881784200668335,-0.7326483130455017,-0.6883172392845154,-0.703398585319519,-0.7251094579696655,-0.6808555722236633,-0.6334024667739868,-0.6480727791786194,-0.6963037848472595,-0.7371517419815063,-0.6212843656539917,-0.6638288497924805,-0.6454703211784363,-0.7297977209091187,-0.6551874876022339,-0.6826635599136353,-0.6714948415756226,-0.8471624851226807,-0.717700183391571,-0.7292887568473816,-0.6479001045227051,-0.7591865658760071,-0.6889846920967102,-0.7440673112869263,-0.6687917113304138,-0.7829157114028931,-0.7197210788726807,-0.736210286617279,-0.7167837023735046,-0.7601541876792908,-0.619682788848877,-0.6905691623687744,-0.7037876844406128,-0.7675653100013733,-0.6250695586204529,-0.7065146565437317,-0.7321411371231079,-0.7722991704940796,-0.6267798542976379,-0.6912804245948792,-0.5593798756599426,-0.6270051598548889,-0.5622013211250305,-0.5422787666320801,-0.4397648572921753,-0.5155410766601562,-0.3881268799304962,-0.38317978382110596,-0.2945204973220825,-0.30914148688316345,-0.25623899698257446,-0.33460503816604614,-0.27735093235969543,-0.3491377830505371,-0.29763808846473694,-0.3544639050960541,-0.269145131111145,-0.33963310718536377,-0.22518494725227356,-0.2400587797164917,-0.14553242921829224,-0.2132941633462906,-0.20503075420856476,-0.2089899331331253,-0.18774208426475525,-0.21726533770561218,-0.13968907296657562,-0.19812554121017456,-0.18171900510787964,-0.27263379096984863,-0.22467529773712158,-0.2608749270439148,-0.27019989490509033,-0.38065341114997864,-0.3011106848716736,-0.3529758155345917,-0.35610339045524597,-0.42743316292762756,-0.36164236068725586,-0.4283811151981354,-0.40470588207244873,-0.4576607346534729,-0.451262503862381
F,4,-0.33191367983818054,-0.18209746479988098,-0.10675963759422302,-0.10133526474237442,-0.1388063281774521,-0.16482335329055786,-0.13070254027843475,-0.09813113510608673,-0.14353621006011963,-0.2043793499469757,-0.08026619255542755,-0.1008429005742073,-0.11442651599645615,-0.0734662339091301,0.025084037333726883,-0.03645755723118782,0.023907963186502457,-0.05740048736333847,0.02513394132256508,-0.01534633245319128,0.09858140349388123,0.008574530482292175,0.03988072648644447,0.01885388232767582,-0.01573287323117256,-0.06697245687246323,-0.03678448125720024,-0.08422651886940002,-0.14779500663280487,-0.21613013744354248,-0.1614762246608734,-0.17653828859329224,-0.290386438369751,-0.2817588150501251,-0.1858178824186325,-0.08654908090829849,-0.02451263926923275,-0.04093167930841446,0.07973799109458923,0.07726728171110153,0.17427565157413483,0.14476287364959717,0.34984469413757324,0.508954644203186,0.647228479385376,0.5561990737915039,0.7266994714736938,0.7372657060623169,0.9226208925247192,1.0323697328567505,1.4452677965164185,1.4418082237243652,1.5687806606292725,1.5063929557800293,1.6613593101501465,1.7509845495224,2.040837526321411,1.9852561950683594,2.373499870300293,2.5063986778259277,2.5320732593536377,2.649582862854004,2.7957091331481934,2.8928511142730713,3.0987892150878906,3.177069664001465,3.321486234664917,3.2101097106933594,2.9557125568389893,2.674359083175659,2.4174935817718506,1.9057334661483765,1.4232462644577026,0.781166672706604,0.43443864583969116,0.12421882152557373,-0.09316696226596832,-0.26055908203125,-0.28304338455200195,-0.35563740134239197,-0.32755231857299805,-0.4604616165161133,-0.5083542466163635,-0.5076889395713806,-0.5168545246124268,-0.6079518795013428,-0.5767639875411987,-0.6014148592948914,-0.5737014412879944,-0.664235532283783,-0.6224691867828369,-0.6486011147499084,-0.6426783800125122,-0.6559369564056396,-0.6029792428016663,-0.6237720251083374,-0.6619231700897217,-0.686301589012146,-0.6193606853485107,-0.657878041267395,-0.6622052788734436,-0.7662675380706787,-0.7186066508293152,-0.7351745963096619,-0.6713496446609497,-0.7302141189575195,-0.7220444679260254,-0.7735177278518677,-0.7073096036911011,-0.8157839179039001,-0.6963793635368347,-0.7583116292953491,-0.7581323981285095,-0.8009248375892639,-0.7921348214149475,-0.819230854511261,-0.7379523515701294,-0.7986762523651123,-0.7917423844337463,-0.7920345067977905,-0.7199081778526306,-0.8473659753799438,-0.78681480884552,-0.8053159117698669,-0.7465028166770935,-0.8089583516120911,-0.8090842366218567,-0.8449388742446899,-0.7027691602706909,-0.7675671577453613,-0.6884657144546509,-0.6846315264701843,-0.7195079922676086,-0.7999898195266724,-0.657835841178894,-0.7326237559318542,-0.6246749758720398,-0.7135259509086609,-0.702677845954895,-0.7398560047149658,-0.7135644555091858,-0.7106928825378418,-0.6562457084655762,-0.6934140920639038,-0.6177991032600403,-0.6334971785545349,-0.5453343987464905,-0.5611196756362915,-0.4864340126514435,-0.5515942573547363,-0.41795897483825684,-0.515655517578125,-0.42707881331443787,-0.4871411919593811,-0.34229135513305664,-0.3820977807044983,-0.35330477356910706,-0.32495567202568054,-0.28309768438339233,-0.291301965713501,-0.2437974363565445,-0.2992928624153137,-0.2486235648393631,-0.24894499778747559,-0.21950119733810425,-0.31028130650520325,-0.19644299149513245,-0.2197142094373703,-0.22428856790065765,-0.3196645975112915,-0.31336531043052673,-0.3478145897388458,-0.3261004686355591,-0.38355353474617004,-0.3693053722381592
F,5,-0.07946452498435974,-0.23158928751945496,-0.17145989835262299,-0.16331908106803894,-0.067662812769413,-0.14548736810684204,-0.12632723152637482,-0.12614116072654724,-0.09796645492315292,-0.1256941556930542,-0.0013858863385394216,0.009463832713663578,0.0004630791663657874,-0.07131186127662659,-0.024851972237229347,-0.039521705359220505,0.011540494859218597,-0.03991887345910072,-0.026487229391932487,0.0012662087101489305,0.03386140614748001,0.012445189990103245,0.05596529319882393,0.05838484689593315,0.06491629034280777,-0.03661095350980759,-0.03685219585895538,-0.10141801834106445,-0.13319829106330872,-0.21112848818302155,-0.18548746407032013,-0.2476244568824768,-0.23483024537563324,-0.2895214557647705,-0.2904760539531708,-0.3142193555831909,-0.25918230414390564,-0.2630229890346527,-0.13351358473300934,-0.15663455426692963,-0.07219357788562775,-0.11345221847295761,-0.0406794548034668,-0.05835737660527229,-0.013799318112432957,0.03611765056848526,0.12208188325166702,0.15491648018360138,0.27651602029800415,0.3906443417072296,0.6585062146186829,0.7279586791992188,0.8892121315002441,0.8073444366455078,1.0795737504959106,1.1119667291641235,1.438555121421814,1.5375887155532837,1.8138911724090576,2.0302436351776123,2.1937062740325928,2.7324631214141846,3.260862112045288,3.757575273513794,4.03165340423584,4.238301753997803,4.264052867889404,4.09181547164917,3.506981372833252,2.638209104537964,1.8808296918869019,1.0741589069366455,0.589219868183136,0.18400996923446655,0.020959975197911263,-0.096707783639431,-0.06280727684497833,-0.14529943466186523,-0.12328298389911652,-0.14643517136573792,-0.1926964819431305,-0.34946000576019287,-0.3202294409275055,-0.36132627725601196,-0.43521443009376526,-0.49119865894317627,-0.47178298234939575,-0.5416110754013062,-0.5579243898391724,-0.5649166703224182,-0.4402552843093872,-0.5006747245788574,-0.4425533711910248,-0.5381314754486084,-0.44544562697410583,-0.49694550037384033,-0.45961499214172363,-0.5414019823074341,-0.4801941215991974,-0.5066771507263184,-0.5005484819412231,-0.6216620802879333,-0.5898439884185791,-0.6014324426651001,-0.5838879942893982,-0.7040939331054688,-0.5646934509277344,-0.5624330043792725,-0.5689537525177002,-0.6224991083145142,-0.6268132925033569,-0.6440115571022034,-0.5946664810180664,-0.6692357063293457,-0.6481334567070007,-0.6948366761207581,-0.6466999053955078,-0.7500373125076294,-0.6888269782066345,-0.7267735600471497,-0.6442737579345703,-0.7901196479797363,-0.7191029787063599,-0.7459174394607544,-0.6611570119857788,-0.6993257999420166,-0.7004933953285217,-0.7671830654144287,-0.7027534246444702,-0.7245580554008484,-0.6996507048606873,-0.6709003448486328,-0.6803276538848877,-0.760164201259613,-0.7291513085365295,-0.7306323647499084,-0.6745389103889465,-0.6859831809997559,-0.6429113149642944,-0.6492190957069397,-0.6983156204223633,-0.6168445944786072,-0.5695815682411194,-0.603019118309021,-0.5130919218063354,-0.5462763905525208,-0.4290474057197571,-0.48110291361808777,-0.40442031621932983,-0.4809027910232544,-0.3556647002696991,-0.3976483941078186,-0.333329439163208,-0.40349486470222473,-0.2847972512245178,-0.31546512246131897,-0.2745171785354614,-0.29216185212135315,-0.17320013046264648,-0.17327111959457397,-0.06553880870342255,-0.15406745672225952,-0.13874699175357819,-0.13971573114395142,-0.099156454205513,-0.1679329127073288,-0.09203491359949112,-0.13922132551670074,-0.11835860460996628,-0.1853380650281906,-0.15710169076919556,-0.20258192718029022,-0.22598962485790253,-0.25256115198135376,-0.1716969758272171
F,6,-0.16482429206371307,-0.3205161988735199,-0.2858702540397644,-0.3213033378124237,-0.27139145135879517,-0.3146648108959198,-0.25255194306373596,-0.26473474502563477,-0.22450245916843414,-0.25097179412841797,-0.15653881430625916,-0.19029676914215088,-0.11938267201185226,-0.1736612617969513,-0.0645877867937088,-0.08524955809116364,0.015038670040667057,-0.02518887259066105,0.057468801736831665,0.03351665288209915,0.011425100266933441,-0.022815514355897903,0.02195955440402031,0.021888742223381996,0.01680651493370533,-0.05164447799324989,-0.0013419078895822167,-0.04791112244129181,-0.00972040742635727,-0.10787999629974365,-0.04778480529785156,-0.11619694530963898,-0.04579555243253708,-0.1685897707939148,-0.140183687210083,-0.14363308250904083,-0.020730627700686455,-0.1011280044913292,-0.023879744112491608,-0.01780487224459648,0.11097969114780426,0.09946975111961365,0.20882266759872437,0.30004698038101196,0.43632474541664124,0.5365590453147888,0.6921581625938416,0.8882951736450195,1.0492788553237915,1.0464338064193726,1.2559559345245361,1.3650450706481934,1.4579057693481445,1.5237832069396973,1.7761794328689575,1.866066813468933,1.9709078073501587,2.0346500873565674,2.2482728958129883,2.4206888675689697,2.430241107940674,2.70235538482666,2.935239553451538,2.9799885749816895,3.1229512691497803,3.306128740310669,3.3929872512817383,3.3327012062072754,3.0016350746154785,2.4946513175964355,2.288515090942383,1.809470295906067,1.274566888809204,0.8530265092849731,0.5119122862815857,0.056300558149814606,-0.10841616988182068,-0.26071709394454956,-0.2747368812561035,-0.3038237690925598,-0.3211759328842163,-0.44459033012390137,-0.4760596752166748,-0.5026378035545349,-0.4708942472934723,-0.612672746181488,-0.5580694079399109,-0.5984331369400024,-0.6066152453422546,-0.7065313458442688,-0.6899710893630981,-0.7202873229980469,-0.6918440461158752,-0.7469300031661987,-0.7116478681564331,-0.7362968325614929,-0.6781546473503113,-0.7557935118675232,-0.7138849496841431,-0.6917939186096191,-0.6823446750640869,-0.7364313006401062,-0.7149598598480225,-0.744445264339447,-0.7290209531784058,-0.8046299815177917,-0.7507826089859009,-0.7364882230758667,-0.7162945866584778,-0.7106216549873352,-0.7094270586967468,-0.7502387762069702,-0.7011868953704834,-0.7322319149971008,-0.6981998682022095,-0.7232711315155029,-0.7218354344367981,-0.7697364687919617,-0.7140691876411438,-0.7576151490211487,-0.8413171172142029,-0.8086475133895874,-0.774352490901947,-0.7959805130958557,-0.8135700225830078,-0.8040708303451538,-0.8099879026412964,-0.7804526090621948,-0.7524880170822144,-0.8014792203903198,-0.6805390119552612,-0.733400821685791,-0.6957420706748962,-0.7653886079788208,-0.7481033802032471,-0.8002188801765442,-0.7619925141334534,-0.8105344772338867,-0.7129479646682739,-0.7129554152488708,-0.725371241569519,-0.7533811330795288,-0.6309459209442139,-0.6632378101348877,-0.5811372995376587,-0.61650550365448,-0.5072906613349915,-0.5138159990310669,-0.43681100010871887,-0.49517497420310974,-0.43373337388038635,-0.4110261797904968,-0.3533634543418884,-0.39155417680740356,-0.2623947262763977,-0.2784348428249359,-0.19344550371170044,-0.2649766504764557,-0.1947212666273117,-0.17252817749977112,-0.12883689999580383,-0.18432113528251648,-0.15087772905826569,-0.17492470145225525,-0.1923452466726303,-0.26436227560043335,-0.24286170303821564,-0.2752227783203125,-0.21807478368282318,-0.2833798825740814,-0.24035438895225525,-0.22915270924568176,-0.17482522130012512,-0.2379382699728012,-0.13802076876163483
F,7,-0.15345756709575653,-0.2795673608779907,-0.23610785603523254,-0.23855727910995483,-0.2242807149887085,-0.253508061170578,-0.17803028225898743,-0.17515753209590912,-0.06844280660152435,-0.11378904432058334,-0.017729898914694786,-0.06891512870788574,-0.022277358919382095,-0.05847911536693573,0.0685100182890892,0.08134239166975021,0.1888924092054367,0.08196072280406952,0.09484658390283585,0.042857758700847626,0.05533309280872345,-0.032006945461034775,0.023483935743570328,-0.04203566536307335,-0.058727189898490906,-0.14784766733646393,-0.05875144898891449,-0.13788755238056183,-0.12336184084415436,-0.19394707679748535,-0.14969298243522644,-0.2013733834028244,-0.1688014566898346,-0.23160330951213837,-0.17430098354816437,-0.22754715383052826,-0.20141789317131042,-0.19637362658977509,-0.12701061367988586,-0.1367601901292801,-0.02331780083477497,-0.10188254714012146,-0.08332906663417816,-0.08906968683004379,0.026454050093889236,0.022447453811764717,0.13176485896110535,0.26201125979423523,0.33736303448677063,0.3516421914100647,0.6232823729515076,0.8533114194869995,1.0477882623672485,1.010279893875122,1.0908379554748535,1.0426387786865234,1.4022908210754395,1.5218077898025513,1.9310423135757446,2.3091721534729004,2.5561890602111816,2.9139456748962402,3.2538769245147705,3.618967056274414,3.8685574531555176,4.0111236572265625,4.064702033996582,3.9653964042663574,3.5717451572418213,2.7037482261657715,2.0287582874298096,1.1343799829483032,0.5615898370742798,0.1732899695634842,-0.07672983407974243,-0.14584538340568542,-0.17456938326358795,-0.2645743787288666,-0.16427189111709595,-0.2691611051559448,-0.17960193753242493,-0.3079400062561035,-0.29067912697792053,-0.4085841178894043,-0.36523064970970154,-0.5120431780815125,-0.5392294526100159,-0.5861122608184814,-0.5157386660575867,-0.55184406042099,-0.5423885583877563,-0.5616750717163086,-0.5332973599433899,-0.5942259430885315,-0.5400617718696594,-0.5236937403678894,-0.5190529823303223,-0.6106743216514587,-0.6063663959503174,-0.6563827395439148,-0.6657970547676086,-0.6759662628173828,-0.6017773151397705,-0.624305248260498,-0.6828732490539551,-0.7232555150985718,-0.65811687707901,-0.6619962453842163,-0.6443157196044922,-0.6526069045066833,-0.6086493134498596,-0.6525048613548279,-0.6439263820648193,-0.7589263319969177,-0.7158516645431519,-0.6998313665390015,-0.6756042242050171,-0.7324677109718323,-0.6874812245368958,-0.6823790073394775,-0.6990419030189514,-0.708734929561615,-0.7244104146957397,-0.7182533144950867,-0.6722164154052734,-0.7241633534431458,-0.6887593865394592,-0.6708667278289795,-0.7060344219207764,-0.7258604764938354,-0.715576708316803,-0.720818281173706,-0.6696059703826904,-0.6936111450195312,-0.6311990022659302,-0.6022101044654846,-0.6092493534088135,-0.5738287568092346,-0.5251021385192871,-0.568049967288971,-0.5056455135345459,-0.5739202499389648,-0.46760791540145874,-0.4976106882095337,-0.47654417157173157,-0.5102198123931885,-0.4125351309776306,-0.44165998697280884,-0.39442798495292664,-0.41957888007164,-0.3504830300807953,-0.34987401962280273,-0.2553033232688904,-0.32717326283454895,-0.2096749246120453,-0.21022886037826538,-0.1733422875404358,-0.20160339772701263,-0.13342340290546417,-0.14336605370044708,-0.12647750973701477,-0.20786413550376892,-0.19922010600566864,-0.2774573564529419,-0.22114287316799164,-0.25242963433265686,-0.2085055410861969,-0.20326673984527588,-0.19790484011173248,-0.23038117587566376,-0.1929701566696167,-0.21945297718048096,-0.20645301043987274,-0.2154342085123062,-0.18290480971336365
F,8,-0.14852207899093628,-0.10898444801568985,-0.033964209258556366,-0.062037382274866104,-0.038937538862228394,-0.1247352734208107,-0.03126022592186928,-0.06720171868801117,-0.07595966756343842,-0.16446524858474731,-0.03117399848997593,-0.11694839596748352,-0.09826283156871796,-0.11759287863969803,0.016686853021383286,-0.01826910302042961,-0.004899162333458662,-0.060731157660484314,0.01693238504230976,0.04234359413385391,0.09876181930303574,-0.04509011656045914,-0.03125299513339996,-0.07817738503217697,-0.14394491910934448,-0.17779004573822021,-0.10570316016674042,-0.18563470244407654,-0.20032337307929993,-0.29869601130485535,-0.20884665846824646,-0.28106164932250977,-0.24057495594024658,-0.3549242615699768,-0.26233720779418945,-0.3181546628475189,-0.3122534155845642,-0.3701283931732178,-0.19915515184402466,-0.20746351778507233,-0.1446726769208908,-0.25151461362838745,-0.14581367373466492,-0.17915165424346924,-0.05962570756673813,-0.01021022442728281,0.05541834235191345,0.13006752729415894,0.3579320013523102,0.4739099144935608,0.7941849827766418,0.9407349228858948,1.1087944507598877,1.014256238937378,1.1856025457382202,1.1289286613464355,1.280750036239624,1.3794838190078735,1.6283440589904785,1.8210896253585815,2.22465181350708,2.8157098293304443,3.485349655151367,3.8782455921173096,4.196347713470459,4.263208389282227,4.272516250610352,4.117786884307861,3.606308698654175,2.5259850025177,1.4597294330596924,0.5671302676200867,0.20161955058574677,-0.11937522888183594,-0.2634490132331848,-0.36958014965057373,-0.32437923550605774,-0.4527185559272766,-0.3800917863845825,-0.39618006348609924,-0.30425700545310974,-0.4256688058376312,-0.39888131618499756,-0.48999693989753723,-0.5139451622962952,-0.6584234237670898,-0.636029839515686,-0.6241991519927979,-0.6011000871658325,-0.5951942801475525,-0.5922287106513977,-0.6216228008270264,-0.6329115629196167,-0.6479941606521606,-0.590026319026947,-0.62684166431427,-0.6411701440811157,-0.6552494764328003,-0.5743008255958557,-0.6466674208641052,-0.6385959982872009,-0.6782880425453186,-0.5249987840652466,-0.5359816551208496,-0.49911588430404663,-0.6075512766838074,-0.5154234766960144,-0.5442774891853333,-0.5746297836303711,-0.6509409546852112,-0.5655859112739563,-0.6000725626945496,-0.6203600168228149,-0.6751972436904907,-0.6203578114509583,-0.6616901159286499,-0.7049398422241211,-0.7849100232124329,-0.7139775156974792,-0.7216956615447998,-0.7311601638793945,-0.7803371548652649,-0.6641116738319397,-0.6613710522651672,-0.6233306527137756,-0.7108256816864014,-0.6244850754737854,-0.6101988554000854,-0.588861346244812,-0.6627745628356934,-0.5516873002052307,-0.6243845224380493,-0.5923160314559937,-0.6035794615745544,-0.5457002520561218,-0.5544645190238953,-0.5283291339874268,-0.5194949507713318,-0.4062110185623169,-0.45580020546913147,-0.3584188222885132,-0.33702000975608826,-0.2045118659734726,-0.2511507272720337,-0.16640160977840424,-0.2225668579339981,-0.15576203167438507,-0.19083042442798615,-0.10587143152952194,-0.15307848155498505,-0.10736104100942612,-0.13469021022319794,-0.08503199368715286,-0.07973863184452057,-0.022586476057767868,-0.022471880540251732,-0.061649780720472336,-0.14027228951454163,-0.12549957633018494,-0.16425766050815582,-0.0950961485505104,-0.20962998270988464,-0.22478696703910828,-0.2429409772157669,-0.21842080354690552,-0.30941128730773926,-0.220549538731575,-0.24717150628566742,-0.21182067692279816,-0.2836109697818756,-0.21584513783454895,-0.25509241223335266,-0.2414986491203308,-0.3065016269683838,-0.34031668305397034
F,9,-0.20798063278198242,-0.23654897511005402,-0.22149737179279327,-0.19188711047172546,-0.19708123803138733,-0.23729901015758514,-0.1922614574432373,-0.22038893401622772,-0.19230061769485474,-0.2596060037612915,-0.19571515917778015,-0.18781663477420807,-0.1563941091299057,-0.17814870178699493,-0.05351553112268448,-0.09126171469688416,0.000503870309330523,-0.07401151210069656,0.024596964940428734,-0.002969421213492751,0.07912090420722961,-0.01973261497914791,0.024443427100777626,-0.0162407997995615,0.004858231637626886,-0.06503018736839294,-0.02320249192416668,-0.05182016268372536,-0.07926138490438461,-0.12099167704582214,-0.08332739025354385,-0.16448014974594116,-0.18315577507019043,-0.23768235743045807,-0.19580499827861786,-0.19146499037742615,-0.20994210243225098,-0.2601594030857086,-0.24359847605228424,-0.26582813262939453,-0.27829867601394653,-0.20597276091575623,-0.0799572616815567,-0.08853476494550705,0.04730274900794029,0.07805565744638443,0.24925926327705383,0.328994482755661,0.29998376965522766,0.32387733459472656,0.47438517212867737,0.49640581011772156,0.6631265878677368,0.7956941723823547,1.1532574892044067,1.145321011543274,1.3626445531845093,1.316057801246643,1.540392518043518,1.5169039964675903,1.7314822673797607,1.8357064723968506,2.125668525695801,2.367251396179199,2.838400363922119,3.261770486831665,3.582674026489258,3.894392728805542,3.822803020477295,3.97078275680542,3.9195573329925537,3.3993618488311768,2.7464442253112793,1.883552074432373,1.072826862335205,0.46756842732429504,0.12827168405056,-0.11517275869846344,-0.13493095338344574,-0.2342263162136078,-0.2081231027841568,-0.35158583521842957,-0.34365272521972656,-0.42565688490867615,-0.4348151683807373,-0.5053924322128296,-0.4802652597427368,-0.5570061206817627,-0.5130476355552673,-0.6288329362869263,-0.6217812895774841,-0.6360663175582886,-0.6049671173095703,-0.6906838417053223,-0.561275839805603,-0.5354291796684265,-0.5453382730484009,-0.596653938293457,-0.5140467882156372,-0.5981850624084473,-0.5622937679290771,-0.6435480713844299,-0.5812175273895264,-0.603056788444519,-0.6440123915672302,-0.6746341586112976,-0.6265314221382141,-0.6487004160881042,-0.620219349861145,-0.6895228028297424,-0.6263697743415833,-0.6513350605964661,-0.6515485048294067,-0.6983305811882019,-0.6821907162666321,-0.6667386293411255,-0.643359899520874,-0.6870664954185486,-0.6492133140563965,-0.689346194267273,-0.6299189329147339,-0.7118551731109619,-0.6648634672164917,-0.6605035662651062,-0.652386486530304,-0.7267522811889648,-0.731371283531189,-0.711289644241333,-0.6580209136009216,-0.7309523224830627,-0.6785139441490173,-0.7018051743507385,-0.6816850304603577,-0.7172936201095581,-0.6646879315376282,-0.6473780870437622,-0.6530908942222595,-0.6528651118278503,-0.5824373960494995,-0.6343002915382385,-0.6088113188743591,-0.6796155571937561,-0.5532285571098328,-0.5930251479148865,-0.5411919951438904,-0.5765276551246643,-0.4675110876560211,-0.49456486105918884,-0.4846069812774658,-0.5061920881271362,-0.4206376373767853,-0.42175570130348206,-0.36080265045166016,-0.37800055742263794,-0.3121642470359802,-0.2967289388179779,-0.2994602620601654,-0.35809847712516785,-0.25872981548309326,-0.2585183084011078,-0.22745822370052338,-0.32012316584587097,-0.1938556432723999,-0.23043569922447205,-0.14731565117835999,-0.20083385705947876,-0.12427797168493271,-0.15552926063537598,-0.14064311981201172,-0.19084256887435913,-0.14733225107192993,-0.17885279655456543,-0.1577043980360031,-0.14471696317195892,-0.11409284174442291
