epoch,critic_loss,generator_loss,gradient_penalty
1,7.658855748176575,-0.005458863248350099,0.7685901939868927
2,1.0846159966662525,-0.20362679101526737,0.100078071502503
3,-0.019111497078847607,-0.36262819916009903,0.004372821998549626
4,-1.2610733456909657,0.07607852853834629,0.010135681251995265
5,-2.239105823636055,0.46725424751639366,0.015025642979890109
6,-2.91118129491806,1.655605986714363,0.019088998157531022
7,-2.91699076294899,2.1328016072511673,0.025490516610443593
8,-2.7760340869426727,2.56544890999794,0.023219405906274915
9,-2.6645406007766725,2.8907204270362854,0.02090879713650793
10,-2.4947338700294495,2.8321855068206787,0.01833701254799962
11,-2.3181636095047,2.6558098793029785,0.015625000069849192
12,-2.1637926161289216,2.424220860004425,0.014278831286355853
13,-2.020535832643509,2.1724584698677063,0.012732313736341894
14,-1.855111438035965,1.9858288764953613,0.011604073725175112
15,-1.7023476779460907,1.80068801343441,0.01083943813573569
16,-1.6001303225755692,1.6870441287755966,0.009913374064490199
17,-1.4825803339481354,1.5556475520133972,0.009047251578886062
18,-1.3797457426786424,1.4468766301870346,0.008739753195550292
19,-1.2908087372779846,1.359830603003502,0.00794187606079504
20,-1.1864877134561538,1.3038705736398697,0.007432776479981839
21,-1.1130599886178971,1.264081358909607,0.007294562365859747
22,-1.0355362758040427,1.1685886830091476,0.0066318262834101915
23,-0.9619528204202652,1.1089652478694916,0.0058784413849934936
24,-0.91996428668499,1.1263268440961838,0.005560542264720425
25,-0.8580850705504417,1.04294753074646,0.0052246976352762434
26,-0.8200192794203758,1.062947690486908,0.005184713884955272
27,-0.7713397786021232,0.8844604641199112,0.005226595076965168
28,-0.7314492046833039,0.9918166920542717,0.004938011220656335
29,-0.6902115121483803,0.9017875790596008,0.004819071950623766
30,-0.666563929617405,0.8398755490779877,0.004729928827146068
31,-0.6234253913164138,0.7393305376172066,0.005120044376235455
32,-0.6061879545450211,0.5455050840973854,0.00474928566836752
33,-0.575979919731617,0.5757846906781197,0.004962486564181745
34,-0.5600914373993874,0.5854610353708267,0.0044766429113224145
35,-0.526096360385418,0.5996425375342369,0.004480045050149784
36,-0.5306245736777783,0.5722185708582401,0.003973819920793176
37,-0.5176439732313156,0.6229393593966961,0.004512975155375898
38,-0.49312112033367156,0.5260588489472866,0.00433413446880877
39,-0.48962401747703554,0.5061364285647869,0.003789494451484643
40,-0.4840116947889328,0.6220929883420467,0.004056374012725428
41,-0.479725182056427,0.5171596631407738,0.00415767899248749
42,-0.46369180381298064,0.539140872657299,0.0040053042583167555
43,-0.46472345665097237,0.537297185510397,0.004090042877942323
44,-0.44804120510816575,0.4396323300898075,0.0038767167658079415
45,-0.4215780086815357,0.4700431749224663,0.0040328724076971415
46,-0.43213783800601957,0.5094767473638058,0.004119378497125581
47,-0.4200270473957062,0.5138726383447647,0.004363673500483856
48,-0.41157047897577287,0.5479199141263962,0.004187330097192898
49,-0.4058081664144993,0.5118025578558445,0.00467132706544362
50,-0.40021069124341013,0.4962652251124382,0.004370956495404243
51,-0.40051168501377105,0.4659562446177006,0.004278889368288219
52,-0.3862758904695511,0.48282619565725327,0.004517180111724884
53,-0.3964418701827526,0.5637393742799759,0.004736001970013603
54,-0.38757999166846274,0.4971481189131737,0.004364914126927033
55,-0.38680812120437624,0.48720482736825943,0.004543773242039606
56,-0.38633371517062187,0.4461671859025955,0.004627238085959107
57,-0.37565180733799935,0.4815238192677498,0.004599082528147847
58,-0.37455685511231424,0.4776926264166832,0.004843457759125158
59,-0.36877298876643183,0.5009596198797226,0.004872432828415185
60,-0.3639859642833471,0.4208816662430763,0.004999853146728128
61,-0.37027581185102465,0.4883182421326637,0.005035353300627321
62,-0.3588177993893623,0.43140495754778385,0.004579041007673368
63,-0.35667663551867007,0.4688110426068306,0.0048316777567379175
64,-0.35325749665498735,0.435139674693346,0.0045083637989591805
65,-0.3557510495185852,0.5427552163600922,0.0047928484214935455
66,-0.3546899914741516,0.42865181621164083,0.004685811424860731
67,-0.3475704789161682,0.4410912021994591,0.0043888473534025255
68,-0.34667650759220126,0.4321553073823452,0.004472686245571822
69,-0.35429104380309584,0.44344462454319,0.004464192793238908
70,-0.34341250360012054,0.4624495953321457,0.004748344945255667
71,-0.3441752098500729,0.38111007027328014,0.004238104511750862
72,-0.34415806606411936,0.4503043033182621,0.004773154016584158
73,-0.3347038760781288,0.4568486772477627,0.004532829136587679
74,-0.32392503023147584,0.44012947753071785,0.004647040815325454
75,-0.3329312264919281,0.38350139558315277,0.004358052567113191
76,-0.3251444298774004,0.37159557454288006,0.004639062227215618
77,-0.3169625837355852,0.41254405677318573,0.004562480986351147
78,-0.31476209945976735,0.40877503901720047,0.004669354105135426
79,-0.312495457008481,0.35691696032881737,0.004219054739223793
80,-0.31042315289378164,0.37896619364619255,0.004297476471401751
81,-0.3062931839376688,0.3735316153615713,0.0045472308120224625
82,-0.30495108664035797,0.38225939497351646,0.004143459571059794
83,-0.3030688066035509,0.43299999460577965,0.00397239894955419
84,-0.30159894078969957,0.36706697568297386,0.004196964018046856
85,-0.29711911007761954,0.3435173314064741,0.004342541913501918
86,-0.2982316005975008,0.39673439785838127,0.004503557825228199
87,-0.29354303069412707,0.4396490193903446,0.004053494572872296
88,-0.2933895103633404,0.37685445696115494,0.0041067926038522275
89,-0.2872164353728294,0.3352332506328821,0.0038577789207920434
90,-0.2937384244054556,0.3101318459957838,0.004029046351206489
91,-0.2883251912891865,0.2908146921545267,0.003885366505710408
92,-0.2847700707614422,0.4436734952032566,0.0040958992030937225
93,-0.2789324034005404,0.29624297842383385,0.003946028690552339
94,-0.2808504968881607,0.32279833406209946,0.004136942539480515
95,-0.2787714242935181,0.3321134243160486,0.0039028084720484912
96,-0.27979179173707963,0.33070149924606085,0.00409547770395875
97,-0.28441343680024145,0.29991704039275646,0.004241063573863358
98,-0.2657653156667948,0.36224226653575897,0.004363257176009938
99,-0.27508956491947173,0.3747507557272911,0.003896125906612724
100,-0.26148610934615135,0.26393936946988106,0.00409575518569909
101,-0.25692256204783914,0.4349372717551887,0.004613589827204123
102,-0.2663816001266241,0.38877057656645775,0.004085019233752973
103,-0.2570697538554668,0.323298966512084,0.0040316795464605095
104,-0.26433149687945845,0.3504113075323403,0.004343657800927758
105,-0.2532231520861387,0.3400692157447338,0.004716735827969387
106,-0.2524418834596872,0.35083355754613876,0.004418237088248134
107,-0.23909720368683338,0.35428991355001926,0.0042691232403740285
108,-0.25719449333846567,0.33275927882641554,0.003920050850138068
109,-0.2484485164284706,0.371590668335557,0.004522798751713708
110,-0.25296920612454415,0.27765916660428047,0.0040469909319654105
111,-0.24784371219575405,0.2639754810370505,0.004141919343965128
112,-0.24635132029652596,0.2801502146758139,0.0036723920668009667
113,-0.24518205039203167,0.29944816627539694,0.0041673598403576765
114,-0.2412474475800991,0.38821835070848465,0.0045175135717727246
115,-0.2388327369466424,0.30472544487565756,0.004286592398420908
116,-0.24550079479813575,0.351551104336977,0.004228196450276301
117,-0.23891985267400742,0.31808703392744064,0.004644960100995377
118,-0.23604979179799557,0.20748285995796323,0.004230564780300483
119,-0.24279890358448028,0.3801850564777851,0.004125028743874282
120,-0.23486981131136417,0.3580775912851095,0.004185129306279123
121,-0.23796002827584745,0.3326498745009303,0.004225306503940374
122,-0.2355412185192108,0.38353135250508785,0.004432849196018651
123,-0.2330132618546486,0.26790886744856834,0.004437292442889884
124,-0.23712479802779854,0.44198063015937805,0.004426679649623111
125,-0.2276224425062537,0.283746394328773,0.004401433054590597
126,-0.22760057561099528,0.3363712327554822,0.004364555201027543
127,-0.2304986272007227,0.2995828539133072,0.003942691284464672
128,-0.22294614650309086,0.3088127034716308,0.004227759473724291
129,-0.22980155553668738,0.3172221127897501,0.004157857969403267
130,-0.2344647366553545,0.34068832732737064,0.004259561846265569
131,-0.2322541508823633,0.3202370830113068,0.0039052752195857464
132,-0.21893048342317342,0.31837925501167774,0.004236304073128849
133,-0.22177725918591024,0.30661591538228095,0.004828522313619033
134,-0.22487855851650237,0.34530167281627655,0.004472466401057318
135,-0.22780742160975934,0.34246935695409775,0.004332694999175146
136,-0.2197776034474373,0.25773305585607886,0.0040841601439751685
137,-0.21117465794086457,0.3240261999890208,0.0042311034514568744
138,-0.22427763435989617,0.2566182315349579,0.004128896322799847
139,-0.2108721427619457,0.35724153695628047,0.003924013505456969
140,-0.21367341931909323,0.31418292224407196,0.004381050844676793
141,-0.21464088261127473,0.3926340602338314,0.004216890293173492
142,-0.2125538069754839,0.2802225099876523,0.0042434702918399125
143,-0.21234566792845727,0.3126371242105961,0.004314992792205885
144,-0.20830479301512242,0.2721805311739445,0.004313321772497147
145,-0.20646446458995343,0.21529495308641344,0.004074074694653973
146,-0.21272781770676374,0.3699126346036792,0.004173433122923597
147,-0.21333359694108367,0.3778174798935652,0.004751938494155184
148,-0.20773824751377107,0.17933865822851658,0.004010165488580242
149,-0.20225650127977132,0.3282356448471546,0.003784968034597114
150,-0.20638713985681534,0.27413778193295,0.0042948907532263545
