phase,window,window_before,window_after,seed,n_train_raw,n_val,time_s,F1_N,F1_S,F1_V,F1_F,Macro_F1,Min_Rare_F1,Rare_F1_weighted,best_epoch,n_train_after_resampling
screen,65x110,65,110,100,37862,13142,157.3,0.9674582233948988,0.2236024844720497,0.7087719298245614,0.06542056074766354,0.49131329960979336,0.06542056074766354,0.128693330237418,12,44690
screen,65x110,65,110,101,37862,13142,76.1,0.9299986996662477,0.1301775147928994,0.4702990577632118,0.0625,0.3982438180555897,0.0625,0.08957100591715977,2,44690
screen,65x110,65,110,102,37862,13142,106.5,0.8981873929118946,0.24723247232472326,0.6122448979591837,0.009296148738379814,0.44174022798354534,0.009296148738379814,0.10447067817291719,6,44690
screen,65x110,65,110,103,37862,13142,76.1,0.9695218718209563,0.10738255033557047,0.6942148760330579,0.07692307692307693,0.4620105937781654,0.07692307692307693,0.08910686628807435,2,44690
screen,65x110,65,110,104,37862,13142,129.2,0.7156029838375466,0.3168724279835391,0.5963678968951377,0.004177982034677251,0.4082553226877252,0.004177982034677251,0.129255760414222,9,44690
screen,65x110,65,110,105,37862,13142,121.6,0.9047704770477047,0.42065009560229444,0.7400241837968561,0.011658717541070483,0.5192758684969814,0.011658717541070483,0.17525526876556008,8,44690
screen,70x105,70,105,100,37862,13141,83.8,0.8441273837832797,0.33268858800773693,0.5974842767295597,0.008064516129032258,0.44559119116240214,0.008064516129032258,0.13791414488051415,3,44690
screen,70x105,70,105,101,37862,13141,144.3,0.9691230959242486,0.18266978922716628,0.6237148732008225,0.05660377358490566,0.4580278829842858,0.05660377358490566,0.1070301798418099,11,44690
screen,70x105,70,105,102,37862,13141,91.2,0.9759475517312026,0.10144927536231885,0.6498245614035087,0.21052631578947367,0.484436926071626,0.10144927536231885,0.16689549961861172,4,44690
screen,70x105,70,105,103,37862,13141,68.5,0.9101539834858291,0.17,0.48126377663482733,0.007207207207207207,0.3921562418319659,0.007207207207207207,0.07232432432432433,1,44690
screen,70x105,70,105,104,37862,13141,98.6,0.9603312629399586,0.23093681917211328,0.4765957446808511,0.2857142857142857,0.4883945281268022,0.23093681917211328,0.26380329909741673,5,44690
screen,70x105,70,105,105,37862,13141,83.7,0.9536093373366601,0.2624,0.5363686840644086,0.028708133971291867,0.4452715388430901,0.028708133971291867,0.12218488038277513,3,44690
screen,70x110,70,110,100,37862,13141,83.7,0.9481525625744934,0.2009132420091324,0.5742871435717859,0.039660056657223795,0.4407532512031589,0.039660056657223795,0.10416133079798724,3,44690
screen,70x110,70,110,101,37862,13141,129.0,0.9026265499311141,0.18275862068965518,0.3511111111111111,0.19607843137254902,0.40814367827610737,0.18275862068965518,0.19075050709939148,9,44690
screen,70x110,70,110,102,37862,13141,136.6,0.9173407154288681,0.2974559686888454,0.7188665175242357,0.012204424103737605,0.48646690643642165,0.012204424103737605,0.12630504193778072,10,44690
screen,70x110,70,110,103,37862,13141,83.7,0.9500170010200613,0.1889483065953654,0.5463228271251194,0.020202020202020204,0.42637253873564157,0.020202020202020204,0.08770053475935828,3,44690
screen,70x110,70,110,104,37862,13141,91.2,0.9249029105031199,0.2112676056338028,0.4889107934943322,0.03305785123966942,0.4145347902177311,0.03305785123966942,0.10434175299732278,4,44690
screen,70x110,70,110,105,37862,13141,76.1,0.8191763504643361,0.25538020086083213,0.3438651922064244,0.013114754098360656,0.35788412440748835,0.013114754098360656,0.11002093280334925,2,44690
screen,70x115,70,115,100,37862,13141,106.5,0.8841646225129463,0.3486238532110092,0.4825306893295562,0.003738317757009346,0.4297643707026303,0.003738317757009346,0.14169253193860928,6,44690
screen,70x115,70,115,101,37862,13141,106.5,0.9418284928681904,0.1445221445221445,0.5722801788375559,0.0,0.41465770405697266,0.0,0.057808857808857805,6,44690
screen,70x115,70,115,102,37862,13141,152.3,0.9802025211820624,0.14254859611231102,0.8221941992433796,0.05263157894736842,0.49939422387128035,0.05263157894736842,0.08859838581334545,12,44690
screen,70x115,70,115,103,37862,13141,114.4,0.9087604185139209,0.23935091277890466,0.3794361525704809,0.009174311926605505,0.384180448947478,0.009174311926605505,0.10124495226752517,7,44690
screen,70x115,70,115,104,37862,13141,84.1,0.8716934259557436,0.19815668202764977,0.2922077922077922,0.07476635514018691,0.3592060638328431,0.07476635514018691,0.12412248589517207,3,44690
screen,70x115,70,115,105,37862,13141,68.8,0.9393073593073593,0.151487826871055,0.7050847457627119,0.0,0.44896998298528157,0.0,0.060595130748422,1,44690
screen,75x110,75,110,100,37862,13141,145.5,0.874404387305583,0.2603036876355748,0.611072179397337,0.002793296089385475,0.4371433876069701,0.002793296089385475,0.10579745270786121,11,44690
screen,75x110,75,110,101,37862,13141,99.4,0.959328652735657,0.2101010101010101,0.5387700534759359,0.01818181818181818,0.4315953836236053,0.01818181818181818,0.09494949494949495,5,44690
screen,75x110,75,110,102,37862,13141,137.6,0.9357354811360746,0.20270270270270271,0.6166902404526167,0.019184652278177457,0.4435782691423929,0.019184652278177457,0.09259187244798756,10,44690
screen,75x110,75,110,103,37862,13141,76.6,0.9595370839668863,0.1986455981941309,0.5486307837582625,0.044444444444444446,0.43781447759093106,0.044444444444444446,0.10612490594431905,2,44690
screen,75x110,75,110,104,37862,13141,99.3,0.9202347315800913,0.25098039215686274,0.39523599470666076,0.004,0.39261277961090374,0.004,0.10279215686274511,5,44690
screen,75x110,75,110,105,37862,13141,168.0,0.9594457587022642,0.2,0.5353195579048534,0.0,0.42369132915177943,0.0,0.08000000000000002,14,44690
screen,75x120,75,120,100,37861,13141,130.0,0.9729133472239245,0.3193612774451098,0.6645569620253164,0.05,0.5017078966735876,0.05,0.15774451097804393,9,44689
screen,75x120,75,120,101,37861,13141,122.0,0.9010969250134868,0.2438095238095238,0.6708268330733229,0.010062893081761006,0.4564490437445236,0.010062893081761006,0.10356154537286613,8,44689
screen,75x120,75,120,102,37861,13141,99.3,0.9569045023895364,0.2171664943123061,0.6972477064220184,0.18181818181818182,0.5132842212355107,0.18181818181818182,0.19595750681583152,5,44689
screen,75x120,75,120,103,37861,13141,160.1,0.9174727668845316,0.24282560706401765,0.3564998199495859,0.0,0.3791995484745338,0.0,0.09713024282560706,13,44689
screen,75x120,75,120,104,37861,13141,84.1,0.9027777777777778,0.2029520295202952,0.30361757105943155,0.2222222222222222,0.40789240014493167,0.2029520295202952,0.21451414514145142,3,44689
screen,75x120,75,120,105,37861,13141,68.9,0.7738306690349319,0.23788546255506607,0.40704845814977975,0.00182370820668693,0.3551470744866162,0.00182370820668693,0.0962484099460386,1,44689
screen,80x120,80,120,100,37860,13141,85.9,0.9394160270977147,0.2809364548494983,0.482646420824295,0.015473887814313346,0.42961819764645526,0.015473887814313346,0.12165891462838734,3,44688
screen,80x120,80,120,101,37860,13141,70.2,0.9655986646582257,0.0706401766004415,0.5755517826825127,0.022727272727272728,0.40862947416711315,0.022727272727272728,0.041892434276540234,1,44688
screen,80x120,80,120,102,37860,13141,162.8,0.8696930711266311,0.2627118644067797,0.529923273657289,0.007651841224294596,0.41749501260374855,0.007651841224294596,0.10967585049728863,13,44688
screen,80x120,80,120,103,37860,13141,77.7,0.9212275989608559,0.21810699588477367,0.5303030303030303,0.03943661971830986,0.4272685612167424,0.03943661971830986,0.11090477018489539,2,44688
screen,80x120,80,120,104,37860,13141,109.0,0.8742635304864125,0.2608695652173913,0.3399615137908916,0.020172910662824207,0.37381688003937985,0.020172910662824207,0.11645157248465106,6,44688
screen,80x120,80,120,105,37860,13141,155.4,0.9357272963830341,0.18552036199095023,0.4549050632911392,0.047244094488188976,0.40584920403832814,0.047244094488188976,0.10255460148929348,12,44688
screen,80x130,80,130,100,37858,13141,204.2,0.9247898795598302,0.16475972540045766,0.5528134254689042,0.0027137042062415195,0.4112691836588584,0.0027137042062415195,0.06753211268392798,18,44686
screen,80x130,80,130,101,37858,13141,134.1,0.9351594264926172,0.15714285714285714,0.5090702947845805,0.002728512960436562,0.4010252728451229,0.002728512960436562,0.0644942506334048,9,44686
screen,80x130,80,130,102,37858,13141,70.9,0.8687140471330488,0.15270413573700956,0.354389721627409,0.2127659574468085,0.397143465486069,0.15270413573700956,0.18874122876288893,1,44686
screen,80x130,80,130,103,37858,13141,94.6,0.8682199097522793,0.1875,0.2859941234084231,0.3125,0.41355350829017556,0.1875,0.2625,4,44686
screen,80x130,80,130,104,37858,13141,102.4,0.8358394789771094,0.2732919254658385,0.29686472264854197,0.02247191011235955,0.35711700930096235,0.02247191011235955,0.12279991625375114,5,44686
screen,80x130,80,130,105,37858,13141,125.7,0.9151426155831442,0.2457627118644068,0.42521711161145065,0.07017543859649122,0.4140744694138732,0.07017543859649122,0.14041034790365745,8,44686
screen,80x140,80,140,100,37858,13141,99.0,0.902154119475905,0.2039911308203991,0.3302238805970149,0.1,0.38409228272332974,0.1,0.14159645232815965,4,44686
screen,80x140,80,140,101,37858,13141,114.8,0.9702537903757416,0.21880998080614203,0.6209850107066381,0.18181818181818182,0.4979667409266759,0.18181818181818182,0.1966149014133659,6,44686
screen,80x140,80,140,102,37858,13141,156.2,0.9615814994405073,0.2440087145969499,0.6744989633724948,0.048582995951417005,0.48216804334034224,0.048582995951417005,0.12675328340963016,11,44686
screen,80x140,80,140,103,37858,13141,99.1,0.911136503471917,0.15137614678899083,0.36436436436436437,0.08421052631578947,0.37777188523526545,0.08421052631578947,0.11107677450507002,4,44686
screen,80x140,80,140,104,37858,13141,82.4,0.8038960412748927,0.0640176600441501,0.6500377928949358,0.050335570469798654,0.39207176617094436,0.050335570469798654,0.05580840629953923,2,44686
screen,80x140,80,140,105,37858,13141,115.5,0.8707792207792208,0.22972972972972974,0.34005037783375314,0.032467532467532464,0.36825671520255904,0.032467532467532464,0.11137241137241137,6,44686
screen,85x137,85,137,100,37857,13141,91.0,0.9250397315910295,0.2549450549450549,0.45725515886013757,0.03278688524590164,0.4175067076605309,0.03278688524590164,0.12165015312556296,3,44684
screen,85x137,85,137,101,37857,13141,99.5,0.8274949179785374,0.23504273504273504,0.6930983847283406,0.008487420430433464,0.44103086454501167,0.008487420430433464,0.0991095462753541,4,44684
screen,85x137,85,137,102,37857,13141,91.0,0.9254293913564912,0.22077922077922077,0.6520376175548589,0.005012531328320802,0.45081469025472287,0.005012531328320802,0.0913192071086808,3,44684
screen,85x137,85,137,103,37857,13141,156.1,0.9181306793595846,0.24946236559139784,0.6018322762508809,0.004658385093167702,0.44352092657375775,0.004658385093167702,0.10257997729245977,11,44684
screen,85x137,85,137,104,37857,13141,106.5,0.7940907559790193,0.22121896162528218,0.5514469453376206,0.0068169900367068695,0.3933934132446572,0.0068169900367068695,0.092577778672137,5,44684
screen,85x137,85,137,105,37857,13141,73.9,0.8952041043943788,0.2345132743362832,0.31266846361185985,0.10526315789473684,0.3869122500593146,0.10526315789473684,0.15696320447135537,1,44684
screen,85x144,85,144,100,37855,13141,82.6,0.9398234595145136,0.08163265306122448,0.6646971935007385,0.04878048780487805,0.4337334484703387,0.04878048780487805,0.06192135390741662,2,44682
screen,85x144,85,144,101,37855,13141,90.2,0.8517011834319527,0.21709006928406466,0.4407443682664055,0.006436781609195402,0.3789931006479046,0.006436781609195402,0.09069809667914311,3,44682
screen,85x144,85,144,102,37855,13141,90.4,0.8691506595695441,0.23552894211576847,0.3603905160390516,0.01353637901861252,0.3696516241857442,0.01353637901861252,0.1023334042574749,3,44682
screen,85x144,85,144,103,37855,13141,115.7,0.9699881907399113,0.18439716312056736,0.6184538653366584,0.1414141414141414,0.47856334015281965,0.1414141414141414,0.15860735009671179,6,44682
screen,85x144,85,144,104,37855,13141,107.1,0.9206404913358193,0.1792452830188679,0.38220757825370677,0.14285714285714285,0.4062376238663842,0.14285714285714285,0.15741239892183287,5,44682
screen,85x144,85,144,105,37855,13141,114.6,0.885200179937022,0.248868778280543,0.2713810818978543,0.053156146179401995,0.3646515465737053,0.053156146179401995,0.1314411990198584,6,44682
screen,90x140,90,140,100,37856,13141,90.4,0.9143033292231812,0.3022774327122153,0.48580441640378547,0.016055045871559634,0.42961005605268543,0.016055045871559634,0.1305440006078219,3,44683
screen,90x140,90,140,101,37856,13141,163.9,0.9320113314447592,0.23225806451612904,0.639378969654199,0.0018148820326678765,0.4513658119119388,0.0018148820326678765,0.09399215502605235,12,44683
screen,90x140,90,140,102,37856,13141,73.8,0.934250107434465,0.19089574155653452,0.482899438489025,0.0,0.40201132187000616,0.0,0.07635829662261381,1,44683
screen,90x140,90,140,103,37856,13141,74.3,0.930488644184446,0.0850253807106599,0.686046511627907,0.04878048780487805,0.43758525608197274,0.04878048780487805,0.06327844496719079,1,44683
screen,90x140,90,140,104,37856,13141,81.8,0.8934779648708755,0.2465753424657534,0.5851110143665651,0.003963011889035667,0.4322818333980575,0.003963011889035667,0.10100794411972276,2,44683
screen,90x140,90,140,105,37856,13141,115.1,0.9678304239401496,0.23024830699774265,0.599290780141844,0.11494252873563218,0.4780780099538421,0.11494252873563218,0.1610648400404764,6,44683
screen,90x144,90,144,100,37854,13141,108.2,0.8872328082466866,0.3117338003502627,0.5507031828275352,0.011276268580215274,0.44023651500117494,0.011276268580215274,0.13145928128823425,5,44681
screen,90x144,90,144,101,37854,13141,141.3,0.8798096349840614,0.228310502283105,0.5485544848035582,0.010801080108010801,0.41686892554468385,0.010801080108010801,0.09780484897804849,9,44681
screen,90x144,90,144,102,37854,13141,108.5,0.8437573866591027,0.25957446808510637,0.43422387554954345,0.010575793184488837,0.3870328808695603,0.010575793184488837,0.11017526314473586,5,44681
screen,90x144,90,144,103,37854,13141,99.6,0.9524525151325401,0.17411764705882352,0.5082508250825083,0.03617571059431524,0.4177491744670468,0.03617571059431524,0.09135248518011856,4,44681
screen,90x144,90,144,104,37854,13141,74.7,0.9343154774876868,0.23824451410658307,0.7667057444314185,0.004020100502512563,0.48582145913205027,0.004020100502512563,0.09770986594414077,1,44681
screen,90x144,90,144,105,37854,13141,174.7,0.9265994452027652,0.26359832635983266,0.4704691191360108,0.03076923076923077,0.4228590303669598,0.03076923076923077,0.12390086900547152,13,44681
screen,90x150,90,150,100,37854,13141,478.9,0.8790208835706811,0.23228346456692914,0.5755939524838013,0.006176016469377252,0.4232685792726972,0.006176016469377252,0.09661899570839802,5,44681
screen,90x150,90,150,101,37854,13141,627.0,0.8558306159004271,0.31596638655462184,0.6368159203980099,0.008862629246676515,0.4543688880249338,0.008862629246676515,0.13170413216985466,9,44681
screen,90x150,90,150,102,37854,13141,886.6,0.9005277395893387,0.26180257510729615,0.43900048995590396,0.009787928221859706,0.40277968321859964,0.009787928221859706,0.1105937869760343,16,44681
screen,90x150,90,150,103,37854,13141,887.5,0.8731094356865433,0.16783216783216784,0.6534753932014206,0.002157497303128371,0.424143623505815,0.002157497303128371,0.06842736551474415,16,44681
screen,90x150,90,150,104,37854,13141,479.8,0.9064229856778842,0.24507658643326038,0.3086142322097378,0.035623409669211195,0.3739343034975234,0.035623409669211195,0.11940468037483087,5,44681
screen,90x150,90,150,105,37854,13141,630.1,0.8941124194623417,0.22846441947565543,0.48333333333333334,0.011516314779270634,0.4043566217626503,0.011516314779270634,0.09829555665782456,9,44681
screen,95x144,95,144,100,37854,13140,480.2,0.8102539298669891,0.15364238410596026,0.7699530516431925,0.003572491813039595,0.43435546435729533,0.003572491813039595,0.06360044873020786,5,44681
screen,95x144,95,144,101,37854,13140,963.2,0.9178765086583872,0.24161073825503357,0.36096895257591266,0.11764705882352941,0.4095258145782157,0.11764705882352941,0.16723253059613108,18,44681
screen,95x144,95,144,102,37854,13140,703.9,0.890272513986645,0.22321428571428573,0.7168091168091169,0.004181913225300575,0.45861945743383703,0.004181913225300575,0.09179486222089464,11,44681
screen,95x144,95,144,103,37854,13140,668.6,0.9146600566572238,0.2018348623853211,0.6178942165101334,0.0016273393002441008,0.4340041187132307,0.0016273393002441008,0.0817103485342749,10,44681
screen,95x144,95,144,104,37854,13140,589.9,0.9418034534214453,0.23504273504273504,0.7222586999343401,0.019184652278177457,0.4795723851691745,0.019184652278177457,0.10552788538400049,8,44681
screen,95x144,95,144,105,37854,13140,368.5,0.8132212008605515,0.2260127931769723,0.35732387227572227,0.008492569002123142,0.3512626088288423,0.008492569002123142,0.09550065867206281,2,44681
confirm,65x110,65,110,1000,37862,13142,166.7,0.9646600654596678,0.22717149220489977,0.6392572944297082,0.042105263157894736,0.4682985288130426,0.042105263157894736,0.11613175477669677,14,44690
confirm,65x110,65,110,1001,37862,13142,91.0,0.9764588859416445,0.20614035087719298,0.6634615384615384,0.16666666666666666,0.5031818604867606,0.16666666666666666,0.1824561403508772,4,44690
confirm,65x110,65,110,1002,37862,13142,68.3,0.927161392540573,0.1191961191961192,0.6939759036144578,0.03292181069958848,0.44331380651268465,0.03292181069958848,0.06743153409820077,1,44690
confirm,65x110,65,110,1003,37862,13142,113.7,0.9402776009168471,0.23920265780730898,0.7439544807965861,0.008368200836820083,0.48295073508939057,0.008368200836820083,0.10070198362501565,7,44690
confirm,65x110,65,110,1004,37862,13142,121.2,0.9091230707999823,0.313953488372093,0.53596757852077,0.005080440304826418,0.44103114449941794,0.005080440304826418,0.12862965953173308,8,44690
confirm,65x110,65,110,1005,37862,13142,91.0,0.9532014553970976,0.15555555555555556,0.5309360126916975,0.125,0.4411732559110877,0.125,0.13722222222222222,4,44690
confirm,65x110,65,110,1006,37862,13142,106.4,0.9628851246269597,0.23382045929018788,0.6131639722863741,0.0,0.45246738905088046,0.0,0.09352818371607516,6,44690
confirm,65x110,65,110,1007,37862,13142,166.7,0.9702708290262559,0.17391304347826086,0.637101811367895,0.06557377049180328,0.4617148635910538,0.06557377049180328,0.10890947968638631,14,44690
confirm,65x110,65,110,1008,37862,13142,68.3,0.9570395925743388,0.13892529488859764,0.6295652173913043,0.08695652173913043,0.4531216566483428,0.08695652173913043,0.10774403099891733,1,44690
confirm,65x110,65,110,1009,37862,13142,90.9,0.967346428124609,0.2569832402234637,0.699357851722125,0.03636363636363636,0.4900127891084585,0.03636363636363636,0.1246114779075673,4,44690
confirm,65x110,65,110,1010,37862,13142,106.1,0.8001359289285888,0.23297491039426524,0.6768447837150128,0.0016877637130801688,0.42791084668773677,0.0016877637130801688,0.0942026223855542,6,44690
confirm,65x110,65,110,1011,37862,13142,106.0,0.9289730945583528,0.12682926829268293,0.6968599033816425,0.00909090909090909,0.44043829383089683,0.00909090909090909,0.05618625277161863,6,44690
confirm,65x110,65,110,1012,37862,13142,75.9,0.9396205212430306,0.28113879003558717,0.5026041666666666,0.0,0.43084086948632105,0.0,0.11245551601423487,2,44690
confirm,65x110,65,110,1013,37862,13142,106.0,0.9443784975411226,0.14761904761904762,0.638004246284501,0.00510204081632653,0.43377595806524943,0.00510204081632653,0.06210884353741497,6,44690
confirm,65x110,65,110,1014,37862,13142,75.8,0.9306939308244507,0.17412935323383086,0.6594202898550725,0.17142857142857143,0.4839180363354814,0.17142857142857143,0.1725088841506752,2,44690
confirm,70x105,70,105,1000,37862,13141,106.1,0.8449616011170584,0.339041095890411,0.3113690679412769,0.0,0.3738429412371866,0.0,0.1356164383561644,6,44690
confirm,70x105,70,105,1001,37862,13141,90.9,0.9238065961090861,0.2222222222222222,0.424048381358947,0.0,0.39251929992256385,0.0,0.08888888888888889,4,44690
confirm,70x105,70,105,1002,37862,13141,68.3,0.9537593829054867,0.1986455981941309,0.43393939393939396,0.10526315789473684,0.422901883233437,0.10526315789473684,0.14261613401449447,1,44690
confirm,70x105,70,105,1003,37862,13141,91.0,0.8382020354315869,0.2606837606837607,0.5874043555032372,0.009685230024213076,0.4239938454106995,0.009685230024213076,0.11008464228803214,4,44690
confirm,70x105,70,105,1004,37862,13141,113.6,0.8751246035342093,0.214123006833713,0.36822507240380636,0.01032448377581121,0.36694929163688494,0.01032448377581121,0.09184389299897192,7,44690
confirm,70x105,70,105,1005,37862,13141,113.7,0.974171859626107,0.20588235294117646,0.6515704894083273,0.2222222222222222,0.5134617310494582,0.20588235294117646,0.21568627450980393,7,44690
confirm,70x105,70,105,1006,37862,13141,136.3,0.9524770796534612,0.2242562929061785,0.4696652719665272,0.0,0.41159966113154167,0.0,0.0897025171624714,10,44690
confirm,70x105,70,105,1007,37862,13141,68.3,0.9596172090912841,0.08056042031523643,0.6455479452054794,0.04666666666666667,0.43309806031966663,0.04666666666666667,0.060224168126094574,1,44690
confirm,70x105,70,105,1008,37862,13141,68.3,0.9637339671351883,0.17672413793103448,0.5746569814366425,0.022727272727272728,0.4344605898075345,0.022727272727272728,0.08432601880877744,1,44690
confirm,70x105,70,105,1009,37862,13141,91.0,0.9489341865491376,0.16152019002375298,0.7382992748846408,0.0,0.46218841286438284,0.0,0.06460807600950119,4,44690
confirm,70x105,70,105,1010,37862,13141,75.9,0.96085113456903,0.18809980806142035,0.5011904761904762,0.0,0.4125353547052316,0.0,0.07523992322456814,2,44690
confirm,70x105,70,105,1011,37862,13141,68.3,0.959864142815723,0.03535353535353535,0.49534883720930234,0.0,0.37264162884464014,0.0,0.014141414141414142,1,44690
confirm,70x105,70,105,1012,37862,13141,75.8,0.935703805989471,0.20982142857142858,0.45614035087719296,0.019138755980861243,0.4052010853547384,0.019138755980861243,0.09541182501708818,2,44690
confirm,70x105,70,105,1013,37862,13141,113.6,0.8798737885958982,0.19700214132762311,0.5330296127562643,0.007470651013874066,0.40434404842341487,0.007470651013874066,0.08328324713937368,7,44690
confirm,70x105,70,105,1014,37862,13141,75.8,0.8251082251082251,0.18441273326015367,0.40550928891736066,0.0,0.35375756182143486,0.0,0.07376509330406147,2,44690
confirm,75x120,75,120,1000,37861,13141,76.0,0.970084943986212,0.1575178997613365,0.5830461750516885,0.046511627906976744,0.43929016167655344,0.046511627906976744,0.09091413664872065,2,44689
confirm,75x120,75,120,1001,37861,13141,113.6,0.9486696894516212,0.23788546255506607,0.7426257952573742,0.024965325936199722,0.4885365683000653,0.024965325936199722,0.11013338058374628,7,44689
confirm,75x120,75,120,1002,37861,13141,90.9,0.9602405047211754,0.20985010706638116,0.6394686907020873,0.022222222222222223,0.45794538117796646,0.022222222222222223,0.09727337615988581,4,44689
confirm,75x120,75,120,1003,37861,13141,113.6,0.862812369604525,0.28105906313645623,0.2724188075618032,0.08333333333333333,0.3749058934090294,0.08333333333333333,0.16242362525458248,7,44689
confirm,75x120,75,120,1004,37861,13141,83.4,0.8016951629402309,0.08028335301062574,0.34177215189873417,0.3076923076923077,0.38286074388547464,0.08028335301062574,0.21672872581963493,3,44689
confirm,75x120,75,120,1005,37861,13141,136.3,0.969546095759688,0.3053435114503817,0.8096632503660323,0.013793103448275862,0.5245864902560945,0.013793103448275862,0.1304132666491182,10,44689
confirm,75x120,75,120,1006,37861,13141,113.5,0.9372098068995444,0.20566318926974664,0.5996074582924436,0.003787878787878788,0.43656708331240335,0.003787878787878788,0.08453800298062593,7,44689
confirm,75x120,75,120,1007,37861,13141,68.2,0.7909610034652741,0.2563106796116505,0.5211200759373517,0.004415011037527594,0.393201692512951,0.004415011037527594,0.10517327846717676,1,44689
confirm,75x120,75,120,1008,37861,13141,159.0,0.9147989884015,0.21333333333333335,0.39160200821542673,0.019801980198019802,0.38488407753707,0.019801980198019802,0.09721452145214522,13,44689
confirm,75x120,75,120,1009,37861,13141,227.4,0.8825896122896855,0.21100917431192662,0.4147638411010322,0.007722007722007722,0.379021158856163,0.007722007722007722,0.08903687435797528,22,44689
confirm,75x120,75,120,1010,37861,13141,98.5,0.9620638612814548,0.15492957746478872,0.6666666666666666,0.04487179487179487,0.4571329750711763,0.04487179487179487,0.08889490790899242,5,44689
confirm,75x120,75,120,1011,37861,13141,91.0,0.9494572591587517,0.20046620046620048,0.7656348704990524,0.0058309037900874635,0.48034730847852297,0.0058309037900874635,0.08368502246053268,4,44689
confirm,75x120,75,120,1012,37861,13141,113.6,0.9535587871551026,0.16152019002375298,0.6050593701600413,0.029473684210526315,0.4374030078873558,0.029473684210526315,0.08229228653581698,7,44689
confirm,75x120,75,120,1013,37861,13141,98.5,0.8568767174328163,0.2748414376321353,0.6598639455782312,0.004662004662004662,0.44906102632629696,0.004662004662004662,0.11273377785005693,5,44689
confirm,75x120,75,120,1014,37861,13141,83.4,0.9512394208875714,0.24834874504623514,0.5534988713318284,0.06060606060606061,0.45342327446792385,0.06060606060606061,0.13570313438213044,3,44689
confirm,90x140,90,140,1000,37856,13141,139.4,0.8557950235870873,0.2800875273522976,0.6078549848942598,0.003924646781789639,0.4369155456538586,0.003924646781789639,0.11438979900999283,9,44683
confirm,90x140,90,140,1001,37856,13141,90.2,0.9422726695184448,0.2383838383838384,0.5926395939086294,0.04,0.4533240254527282,0.04,0.11935353535353535,3,44683
confirm,90x140,90,140,1002,37856,13141,74.0,0.9398708806278746,0.23564954682779457,0.38924731182795697,0.0,0.39119193482090653,0.0,0.09425981873111783,1,44683
confirm,90x140,90,140,1003,37856,13141,82.0,0.9541581812892233,0.18992248062015504,0.5714285714285714,0.0,0.4288773083344874,0.0,0.07596899224806203,2,44683
confirm,90x140,90,140,1004,37856,13141,139.4,0.9241257972289422,0.23161764705882354,0.4941707408800301,0.01744186046511628,0.416839011408228,0.01744186046511628,0.10311217510259918,9,44683
confirm,90x140,90,140,1005,37856,13141,114.6,0.9031624960970606,0.27459016393442626,0.3536214242239805,0.0898876404494382,0.40531543117622637,0.0898876404494382,0.16376864984343342,6,44683
confirm,90x140,90,140,1006,37856,13141,74.0,0.9388508834515465,0.2007042253521127,0.38461538461538464,0.14634146341463414,0.4176279892084195,0.14634146341463414,0.16808656818962556,1,44683
confirm,90x140,90,140,1007,37856,13141,98.8,0.9680982606545214,0.19666048237476808,0.6312594840667678,0.08588957055214724,0.47047694941205115,0.08588957055214724,0.13019793528119558,4,44683
confirm,90x140,90,140,1008,37856,13141,90.2,0.9063038388479039,0.19545454545454546,0.487022180273714,0.009208103130755065,0.39949716692672965,0.009208103130755065,0.08370668006027122,3,44683
confirm,90x140,90,140,1009,37856,13141,155.7,0.9183009409902383,0.259958071278826,0.5224641037517369,0.01991150442477876,0.43015865511139495,0.01991150442477876,0.11593013116639765,11,44683
confirm,90x140,90,140,1010,37856,13141,196.7,0.9670529801324503,0.23234624145785876,0.5395292697646349,0.23076923076923078,0.4924244305310437,0.23076923076923078,0.23140003504468198,16,44683
confirm,90x140,90,140,1011,37856,13141,74.1,0.9584792396198099,0.14727540500736377,0.5727040816326531,0.0,0.4196146815649566,0.0,0.058910162002945514,1,44683
confirm,90x140,90,140,1012,37856,13141,82.0,0.8720515942813332,0.26587301587301587,0.56972408650261,0.0088339222614841,0.4291206547296108,0.0088339222614841,0.11164955970609682,2,44683
confirm,90x140,90,140,1013,37856,13141,107.1,0.9065613499685845,0.22707423580786026,0.38543160309721824,0.07272727272727272,0.39794861540023396,0.07272727272727272,0.13446605795950775,5,44683
confirm,90x140,90,140,1014,37856,13141,73.9,0.9698335929174523,0.27467811158798283,0.5667485667485668,0.030456852791878174,0.46042928101147,0.030456852791878174,0.12814535631032004,1,44683
confirm,90x144,90,144,1000,37854,13141,124.3,0.9479365888903056,0.22477064220183487,0.570675105485232,0.0,0.43584558414434316,0.0,0.08990825688073395,7,44681
confirm,90x144,90,144,1001,37854,13141,82.6,0.8961112812212939,0.23448275862068965,0.5803722504230119,0.008869179600886918,0.4299588674664706,0.008869179600886918,0.09911461120880802,2,44681
confirm,90x144,90,144,1002,37854,13141,190.5,0.9411764705882353,0.23394495412844038,0.4730902777777778,0.0,0.4120529256236134,0.0,0.09357798165137615,15,44681
confirm,90x144,90,144,1003,37854,13141,166.2,0.8911683987942592,0.28169014084507044,0.45281385281385284,0.009615384615384616,0.40882194426714175,0.009615384615384616,0.11844528710725896,12,44681
confirm,90x144,90,144,1004,37854,13141,115.9,0.9081245254365984,0.2796934865900383,0.4165588615782665,0.043010752688172046,0.4118469065732688,0.043010752688172046,0.13768384624891855,6,44681
confirm,90x144,90,144,1005,37854,13141,149.9,0.9603712064208678,0.2657952069716776,0.4966292134831461,0.049586776859504134,0.4430956009337989,0.049586776859504134,0.13607014890437352,10,44681
confirm,90x144,90,144,1006,37854,13141,108.1,0.9053958737436079,0.22807017543859648,0.5200868621064061,0.006153846153846154,0.41492668936061416,0.006153846153846154,0.09492037786774629,5,44681
confirm,90x144,90,144,1007,37854,13141,157.8,0.879586375799356,0.270509977827051,0.3552176917760885,0.013513513513513514,0.37970688972900224,0.013513513513513514,0.11631209923892852,11,44681
confirm,90x144,90,144,1008,37854,13141,83.1,0.9493192133131618,0.18159509202453988,0.45947592931139547,0.0,0.3975975586622743,0.0,0.07263803680981595,2,44681
confirm,90x144,90,144,1009,37854,13141,108.1,0.9586713346426436,0.27235772357723576,0.6585603112840467,0.02564102564102564,0.4788075987862379,0.02564102564102564,0.1243277048155097,5,44681
confirm,90x144,90,144,1010,37854,13141,83.3,0.931091558498127,0.2546201232032854,0.4913316119513095,0.06349206349206349,0.43513383928619637,0.06349206349206349,0.13994328737655226,2,44681
confirm,90x144,90,144,1011,37854,13141,108.3,0.9580761864226431,0.2577777777777778,0.5852245292129407,0.022556390977443608,0.4559087210977013,0.022556390977443608,0.11664494569757727,5,44681
confirm,90x144,90,144,1012,37854,13141,132.5,0.8924604966139955,0.22323462414578588,0.35327635327635326,0.06557377049180328,0.3836363111319845,0.06557377049180328,0.12863811195339633,8,44681
confirm,90x144,90,144,1013,37854,13141,158.1,0.8485047342270554,0.259958071278826,0.2676563202878992,0.16,0.38402978144844513,0.16,0.1999832285115304,11,44681
confirm,90x144,90,144,1014,37854,13141,91.8,0.828815908982265,0.2401656314699793,0.25196524617294164,0.2608695652173913,0.3954540879606443,0.2401656314699793,0.2525879917184265,3,44681
